title,organization,location,salary,starting_date,published_date,tags,url,description,requirements,project_details,contact_info,application_deadline,is_graduate_position,grad_confidence,position_type,discipline,discipline_confidence,discipline_keywords,is_big10_university,university_name,scraped_at,scrape_run_id,scraper_version
Master's Student Assistantship - Grotto Sculpin Movement and Monitoring,"School of Natural Resources, University of Missouri (Federal)","105 Anheuser Busch Natural Resources Building (Columbia, Missouri)","starting at $27,000 per year",between 1/4/2027 and 1/22/2027,09/15/2026,Graduate Opportunities,https://jobs.rwfm.tamu.edu/view-job/?id=118808,"Master's Student Assistantship - Grotto Sculpin Movement and Monitoring
School of Natural Resources, University of Missouri (Federal) | http://www.aquaticdiversity.com
Details
Posting:
https://www.aquaticdiversity.com/current-opportunities
Application Deadline:
10/09/2026
Published:
09/15/2026
Starting Date:
between 1/4/2027 and 1/22/2027
Hours per Week:
40
Salary:
starting at $27,000 per year
Education Required:
Bachelors
Experience Required:
none
Location:
105 Anheuser Busch Natural Resources Building (Columbia, Missouri)
Tags:
Graduate Opportunities
Description
Location: Missouri Cooperative Fish and Wildlife Research Unit, School of Natural Resources, University of Missouri; Columbia, Missouri 

Start date: January 2027, but flexible based on funding approval and student availability

Responsibilities:
1. Develop a standardized, long-term monitoring strategy for Grotto Sculpin to aid the USFWS with species recovery actions
2. Conduct a mark-recapture and movement study of Grotto Sculpin to explore demographic and movement patterns

Background: This exciting project is part of a larger effort by state, university, and federal partners to advance recovery actions for Grotto Sculpin, a federally threatened and cave-adapted fish species known from only 5 cave systems in southeastern Missouri. The successful applicant will pursue their master’s degree at the University of Missouri while developing valuable field, writing, quantitative, and professional skills.

Qualifications: Undergraduate degree in natural resources or related field, strong written and verbal communication abilities, ability to work effectively in a team with agency biologists, and a passion for conservation of aquatic species. Preferred qualifications include a background in mark-recapture analysis, occupancy analysis, experience with passive integrated transponder tags and antennas, interest in cave ecology, good organizational skills, and ability to develop strong quantitative skills. This is a field-based project and will require sampling in subterranean systems, an ability to move through confined spaces, and leading/coordinating hourly field technicians.

Stipend: $27,000/year plus benefits and tuition waiver. Position will ideally be for 2.5 years but will be based on funding allocations and student performance.

Closing date: Review of applications will begin immediately and continue until the position is filled, but preference will be given to applications received by October 9, 2026.

Contact: Send letter of interest, resume or CV, unofficial transcripts, and contact information for three references to Jacob Westhoff, Missouri Cooperative Research Unit, University of Missouri-Columbia. 573-884-8464; westhoffj@missouri.edu; https://www.aquaticdiversity.com/
Contact
Jacob Westhoff
5738848464
westhoffj@umsystem.edu (preferred contact method)","Hours per Week:
40
Salary:
starting at $27,000 per year
Education Required:
Bachelors
Experience Required:
none","com/current-opportunities
Application Deadline:
10/09/2026
Published:
09/15/2026
Starting Date:
between 1/4/2027 and 1/22/2027
Hours per Week:
40
Salary:
starting at $27,000 per year
Education Required:
Bachelors
Experience Required:
none
Location:
105 Anheuser Busch Natural Resources Building (Columbia, Missouri)
Tags:
Graduate Opportunities
Description
Location: Missouri Cooperative Fish and Wildlife Research Unit, School of Natural Resources, University of Missouri; Columbia, Missouri 

Start date: January 2027, but flexible based on funding approval and student availability

Responsibilities:
1. Contact: Send letter of interest, resume or CV, unofficial transcripts, and contact information for three references to Jacob Westhoff, Missouri Cooperative Research Unit, University of Missouri-Columbia",,"10/09/2026
Published:
09/15/2026
Starting Date:
between 1/4/2027 and 1/22/2027
Hours per Week:
40
Salary:
starting at $27,000 per year
Education Required:
Bachelors
Experience Required:
none
Location:
105 Anheuser Busch Natural Resources Building (Columbia, Missouri)
Tags:
Graduate Opportunities
Description
Location: Missouri Cooperative Fish and Wildlife Research Unit, School of Natural Resources, University of Missouri; Columbia, Missouri 

Start date: January 2027, but flexible based on funding approval and student availability

Responsibilities:
1",True,0.9,Graduate,Unknown,0.0,[],False,,2026-09-20T08:53:53.470898+00:00,scrape_20260920_085322_f5d35acf,2.0
Cornell K. Lisa Yang Center for Wildlife Health PhD Fellowship,Cornell K. Lisa Yang Center for Wildlife Health (State),"Ithaca, New York","$61,008 to $74,088 per year",before 9/16/2027,09/15/2026,Graduate Opportunities,https://jobs.rwfm.tamu.edu/view-job/?id=118804,"Cornell K. Lisa Yang Center for Wildlife Health PhD Fellowship
Cornell K. Lisa Yang Center for Wildlife Health (State)
Details
Posting:
https://www.vet.cornell.edu/education/biomedical-biological-sciences-bbs-phd-program/research-areas/wildlife-conservation
Application Deadline:
12/01/2026
Published:
09/15/2026
Starting Date:
before 9/16/2027
Hours per Week:
at most 40
Salary:
$61,008 to $74,088 per year
Education Required:
Doctorate
Experience Required:
at least 1 year
Location:
Ithaca, New York
Tags:
Graduate Opportunities
Description
During the 2027-2028 application cycle, we are able to offer one five-year PhD fellowship to a DVM seeking a PhD student focused on wildlife health. This fellowship is awarded through the Cornell University College of Veterinary Medicine's Biomedical & Biological Sciences (BBS) PhD Program.

A DVM seeking a PhD student who completes the first year of the program and successfully matches with a wildlife health faculty mentor following laboratory rotations will be eligible for appointment to the Cornell K. Lisa Yang Wildlife Health Graduate Fellowship.

This fellowship provides up to five years of support, beginning in the summer of the first year of study.

For more information about the PhD fellowship and how to apply (including some specific application requirements related to the fellowship), visit the BBS PhD Program website.

The 2027-2028 application cycle will open on September 15, 2026 and close on December 1, 2026. To apply, visit: https://www.vet.cornell.edu/education/biomedical-biological-sciences-bbs-phd-program/prospective-students/admissions

Contact
Dr. Steve Osofsky
s.osofsky@cornell.edu
contact via the web posting is preferred (see Details section)","During the 2027-2028 application cycle, we are able to offer one five-year PhD fellowship to a DVM seeking a PhD student focused on wildlife health. This fellowship is awarded through the Cornell University College of Veterinary Medicine's Biomedical & Biological Sciences (BBS) PhD Program.

A DVM seeking a PhD student who completes the first year of the program and successfully matches with a wildlife health faculty mentor following laboratory rotations will be eligible for appointment to the Cornell K. Lisa Yang Wildlife Health Graduate Fellowship.

This fellowship provides up to five years of support, beginning in the summer of the first year of study.

For more information about the PhD fellowship and how to apply (including some specific application requirements related to the fellowship), visit the BBS PhD Program website.

The 2027-2028 application cycle will open on September 15, 2026 and close on December 1, 2026. To apply, visit: https://www.vet.cornell.edu/education/biomedical-biological-sciences-bbs-phd-program/prospective-students/admissions","edu/education/biomedical-biological-sciences-bbs-phd-program/research-areas/wildlife-conservation
Application Deadline:
12/01/2026
Published:
09/15/2026
Starting Date:
before 9/16/2027
Hours per Week:
at most 40
Salary:
$61,008 to $74,088 per year
Education Required:
Doctorate
Experience Required:
at least 1 year
Location:
Ithaca, New York
Tags:
Graduate Opportunities
Description
During the 2027-2028 application cycle, we are able to offer one five-year PhD fellowship to a DVM seeking a PhD student focused on wildlife health",,"12/01/2026
Published:
09/15/2026
Starting Date:
before 9/16/2027
Hours per Week:
at most 40
Salary:
$61,008 to $74,088 per year
Education Required:
Doctorate
Experience Required:
at least 1 year
Location:
Ithaca, New York
Tags:
Graduate Opportunities
Description
During the 2027-2028 application cycle, we are able to offer one five-year PhD fellowship to a DVM seeking a PhD student focused on wildlife health",True,0.95,Graduate,Unknown,0.0,[],False,,2026-09-20T08:53:53.541126+00:00,scrape_20260920_085322_f5d35acf,2.0
Graduate Opportunity in Rodent-borne Infectious Disease Ecology,Washington State University (State),"Pullman, Washington","starting at $2,510 per month",before 9/1/2027,09/18/2026,Graduate Opportunities,https://jobs.rwfm.tamu.edu/view-job/?id=118881,"Graduate Opportunity in Rodent-borne Infectious Disease Ecology
Washington State University (State)
Details
Application Deadline:
12/01/2026
Published:
09/18/2026
Starting Date:
before 9/1/2027
Hours per Week:
at least 20
Salary:
starting at $2,510 per month
Education Required:
Bachelors
Experience Required:
none
Location:
Pullman, Washington
Tags:
Graduate Opportunities
Description
The Veterinary and Medical Ecology Lab at Washington State University is seeking a highly motivated, ambitious, and organized student (MS or PhD), who is interested in the epidemiology and ecology of rodent-borne diseases to start in August 2027. The successful candidate would join a growing team of veterinary and undergraduate students conducting research within a One Health context. The position would include field work in the Pacific Northwest, lab work in Pullman, Washington, and quantitative modelling.

If you’re interested, please email Andreas Eleftheriou (Andreas.Eleftheriou@wsu.edu) by November 1st, 2026, with subject line “Graduate Application Rodent Disease” and include 1) a statement of your research interests, relevant experience, and career goals, 2) unofficial academic transcripts and 3) a CV with contact information for three professional or academic references. Applications will be reviewed on a rolling basis and top candidates will be contacted via email for further guidance. The successful candidate will be asked to submit a formal application through the Multidisciplinary program in Infectious Disease at the College of Veterinary Medicine. 
Contact
Andreas Eleftheriou
andreas.eleftheriou@wsu.edu (preferred contact method)","Hours per Week:
at least 20
Salary:
starting at $2,510 per month
Education Required:
Bachelors
Experience Required:
none","The successful candidate would join a growing team of veterinary and undergraduate students conducting research within a One Health context. edu) by November 1st, 2026, with subject line “Graduate Application Rodent Disease” and include 1) a statement of your research interests, relevant experience, and career goals, 2) unofficial academic transcripts and 3) a CV with contact information for three professional or academic references",,"12/01/2026
Published:
09/18/2026
Starting Date:
before 9/1/2027
Hours per Week:
at least 20
Salary:
starting at $2,510 per month
Education Required:
Bachelors
Experience Required:
none
Location:
Pullman, Washington
Tags:
Graduate Opportunities
Description
The Veterinary and Medical Ecology Lab at Washington State University is seeking a highly motivated, ambitious, and organized student (MS or PhD), who is interested in the epidemiology and ecology of rodent-borne diseases to start in August 2027",True,0.95,Graduate,Unknown,0.0,[],True,University of Washington,2026-09-20T08:53:53.611705+00:00,scrape_20260920_085322_f5d35acf,2.0
Ph.D. Graduate Assistantship in Aquaculture Economics and Marketing,Texas A&M University (State),"College Station, Texas","up to $24,000 per year",after 1/4/2027,09/18/2026,Graduate Opportunities,https://jobs.rwfm.tamu.edu/view-job/?id=118887,"Ph.D. Graduate Assistantship in Aquaculture Economics and Marketing
Texas A&M University (State) | https://rwfm.tamu.edu/
Details
Application Deadline:
10/02/2026
Published:
09/18/2026
Starting Date:
after 1/4/2027
Hours per Week:
at least 20
Salary:
up to $24,000 per year
Education Required:
Masters
Experience Required:
none
Location:
College Station, Texas
Tags:
Graduate Opportunities
Description
 Ph.D. Graduate Assistantship in Aquaculture Economics and Marketing

A Ph.D. graduate assistantship is available beginning Spring 2027 in the Department of Rangeland, Wildlife and Fisheries Management at Texas A&M University under the supervision of Dr. Shraddha Hegde.

The student will pursue a Ph.D. in Rangeland, Wildlife and Fisheries Management, with research focused on aquaculture economics and seafood marketing.

Research

The student will work on a seafood marketing project examining U.S. consumer preferences and purchasing behavior for domestic farm-raised seafood. Research will focus on identifying consumer segments with strong preferences for domestic farm-raised seafood and examining consumer information sources, values, and retail decision-making to inform effective marketing strategies for U.S. aquaculture producers.

The student will gain experience in survey research, quantitative and econometric analysis, manuscript preparation, and conference presentations.

Qualifications

Applicants should have:

A thesis-based master's degree in Agricultural Economics, Applied Economics, Marketing, Fisheries/Aquaculture, or a related field
Minimum GPA of 3.0
Research experience
Interest in quantitative analysis, consumer research, and seafood/aquaculture marketing
Students with knowledge of U.S. aquaculture industry are preferred

Experience with econometrics, agricultural or food marketing, seafood/aquaculture research, academic writing, or conference presentations is preferred.

We are particularly interested in applicants who are curious, proactive, enthusiastic about research, and willing to learn.

Assistantship

The position provides a $24,000 annual stipend, full tuition support, and funding for three years. Health insurance benefits are available according to university policy. The student may serve as a Teaching Assistant for one to two semesters as part of their teaching and professional development.

How to Apply

Please email the following to Dr. Shraddha Hegde at shraddha@tamu.edu:

CV or resume
Cover letter describing your research background, master's thesis, research interests, and interest in this Ph.D. opportunity in your own original voice.
Unofficial undergraduate and graduate transcripts
Names and contact information for three references

Use the email subject line: Spring 2027 Ph.D. Assistantship, Seafood Marketing

Review of applications will begin immediately. Applications received by October 1, 2026 will receive priority consideration. The final application deadline is October 10, 2026.

Contact
Shraddha Hegde, Ph.D.
shraddha@tamu.edu (preferred contact method)","Hours per Week:
at least 20
Salary:
up to $24,000 per year
Education Required:
Masters
Experience Required:
none","in Rangeland, Wildlife and Fisheries Management, with research focused on aquaculture economics and seafood marketing. Research

The student will work on a seafood marketing project examining U. Research will focus on identifying consumer segments with strong preferences for domestic farm-raised seafood and examining consumer information sources, values, and retail decision-making to inform effective marketing strategies for U",,"10/02/2026
Published:
09/18/2026
Starting Date:
after 1/4/2027
Hours per Week:
at least 20
Salary:
up to $24,000 per year
Education Required:
Masters
Experience Required:
none
Location:
College Station, Texas
Tags:
Graduate Opportunities
Description
 Ph",True,0.95,Graduate,Unknown,0.0,[],False,,2026-09-20T08:53:53.752299+00:00,scrape_20260920_085322_f5d35acf,2.0
"Ph.D. Graduate Research Assistantship - Environmental Flows, Water Quality & Estuarine Ecology",Texas A&M University-Corpus Christi (State),"Corpus Christi, Texas","$2,000 to $2,200 per month",between 5/15/2027 and 9/1/2027,09/17/2026,Graduate Opportunities,https://jobs.rwfm.tamu.edu/view-job/?id=118865,"Ph.D. Graduate Research Assistantship - Environmental Flows, Water Quality & Estuarine Ecology
Texas A&M University-Corpus Christi (State) | HTTP://WWW.TAMUCC.EDU
Details
Application Deadline:
12/15/2026
Published:
09/17/2026
Starting Date:
between 5/15/2027 and 9/1/2027
Hours per Week:
20
Salary:
$2,000 to $2,200 per month
Education Required:
Bachelors
Experience Required:
none
Location:
Corpus Christi, Texas
Tags:
Graduate Opportunities
Description
The Coastal Conservation and Restoration Lab and the Coastal Water Health Lab at the Harte Research Institute for Gulf of Mexico Studies (HRI), Texas A&M University–Corpus Christi (TAMU-CC), are recruiting a Ph.D. student to investigate how changing freshwater inflows influence water quality and estuarine ecosystems along the Texas coast. The anticipated start date is Summer or Fall 2027.

The student will join a newly funded, multi-year project evaluating environmental flows across Texas. The project combines a statewide assessment of post-Senate Bill 3 environmental flows with intensive ecological and water-quality monitoring in the Nueces Estuary, providing opportunities to investigate questions spanning coast-wide patterns to local ecological responses.

The Ph.D. student will have substantial opportunities to develop and take ownership of dissertation questions within this broader framework. Potential research directions include coast-wide patterns in freshwater inflows and environmental-flow attainment; relationships among freshwater inflows, salinity, nutrients, primary productivity, water quality, and benthic communities; long-term ecological change; and development of biological indicators to support environmental-flow assessment and adaptive management.

Field research will include monthly water-quality sampling, quarterly benthic and sediment sampling, and targeted sampling following major freshwater inflow events or water-management changes. The student will also work with historical and contemporary environmental datasets to examine relationships among freshwater inflows, water quality, and ecological responses.

Qualifications: Applicants should have demonstrated research experience and a strong interest in estuarine or coastal science, including areas such as water quality, biogeochemistry, benthic ecology, or aquatic ecology. We are particularly interested in students who enjoy taking ownership of research questions, work well both independently and collaboratively, and approach research challenges with initiative, persistence, and creative problem-solving.

An M.S. degree in marine science, ecology, biology, environmental science, or a related field is preferred but not required for applicants with substantial equivalent research experience. Experience with field research, water-quality monitoring, benthic ecology, quantitative analysis/R, scientific writing, or environmental datasets is beneficial but not required.

The successful applicant will pursue a Ph.D. through the Coastal and Marine System Science (CMSS) or the Marine Biology (MARB) program at TAMU-CC and will be based at HRI in Corpus Christi, Texas.

The position includes a graduate research assistantship with a stipend of $2,000/month, increasing to $2,200/month upon advancement to candidacy, plus tuition, required fees, and health insurance.

To apply: Email Dr. Jennifer Beseres Pollack with (1) a CV, (2) unofficial transcripts, and (3) a brief email describing your research background and interests and why this opportunity interests you. Review of applications will begin immediately. For full consideration, materials should be received by December 15, 2026; the position will remain open until filled.
Contact
Jennifer Pollack
jennifer.pollack@tamucc.edu (preferred contact method)","Hours per Week:
20
Salary:
$2,000 to $2,200 per month
Education Required:
Bachelors
Experience Required:
none","Graduate Research Assistantship - Environmental Flows, Water Quality & Estuarine Ecology
Texas A&M University-Corpus Christi (State) | HTTP://WWW. EDU
Details
Application Deadline:
12/15/2026
Published:
09/17/2026
Starting Date:
between 5/15/2027 and 9/1/2027
Hours per Week:
20
Salary:
$2,000 to $2,200 per month
Education Required:
Bachelors
Experience Required:
none
Location:
Corpus Christi, Texas
Tags:
Graduate Opportunities
Description
The Coastal Conservation and Restoration Lab and the Coastal Water Health Lab at the Harte Research Institute for Gulf of Mexico Studies (HRI), Texas A&M University–Corpus Christi (TAMU-CC), are recruiting a Ph. Potential research directions include coast-wide patterns in freshwater inflows and environmental-flow attainment; relationships among freshwater inflows, salinity, nutrients, primary productivity, water quality, and benthic communities; long-term ecological change; and development of biological indicators to support environmental-flow assessment and adaptive management",,"12/15/2026
Published:
09/17/2026
Starting Date:
between 5/15/2027 and 9/1/2027
Hours per Week:
20
Salary:
$2,000 to $2,200 per month
Education Required:
Bachelors
Experience Required:
none
Location:
Corpus Christi, Texas
Tags:
Graduate Opportunities
Description
The Coastal Conservation and Restoration Lab and the Coastal Water Health Lab at the Harte Research Institute for Gulf of Mexico Studies (HRI), Texas A&M University–Corpus Christi (TAMU-CC), are recruiting a Ph",True,0.95,Graduate,Fisheries & Aquatic Science,0.27,"['aquatic', 'marine', 'freshwater', 'estuary', 'coastal']",False,,2026-09-20T08:53:53.892212+00:00,scrape_20260920_085322_f5d35acf,2.0
Graduate Research Assistant (PhD),University of Wyoming (State),"Laramie, Wyoming","starting at $2,418 per month",between 5/10/2027 and 8/27/2027,09/17/2026,Graduate Opportunities,https://jobs.rwfm.tamu.edu/view-job/?id=118862,"Graduate Research Assistant (PhD)
University of Wyoming (State) | https://wyocoopunit.org/
Details
Application Deadline:
11/20/2026
Published:
09/17/2026
Starting Date:
between 5/10/2027 and 8/27/2027
Ending Date:
between 9/1/2032 and 9/1/2033
Hours per Week:
40
Salary:
starting at $2,418 per month
Education Required:
Bachelors
Experience Required:
at least 1 year
Location:
Laramie, Wyoming
Tags:
Graduate Opportunities
Description
 Ph.D. Graduate Research Assistantship at the Wyoming Cooperative Fish and Wildlife Research Unit, University of Wyoming 

https://www.uwyo.edu/zoology/index.html; https://wyocoopunit.org/labs/chalfoun-lab/; https://www.uwyo.edu/uw/degree-programs/ecology-evolution-phd.html; https://wyobird.org/

Application Deadline: Open until filled. 
Starting date: August 30, 2027 (or earlier) 
Stipend: $2,418/month; plus tuition, fees, health insurance 
Location: Laramie, WY USA (field work in western WY) 
 Description: 
 The Chalfoun lab within the Wyoming Cooperative Fish and Wildlife Research Unit, Department of Zoology and Physiology, and Program in Ecology and Evolution; in partnership with the Ricketts Conservation Fund has a vacancy for a doctoral Graduate Research Assistant for fall 2027 (or earlier). The student will be part of the Coop Unit, campus-wide doctoral Program in Ecology and Evolution, and the WYOBIRD initiative (https://wyobird.org/). 
 The project will focus on understanding how the demography of forest songbirds in the southern portion of the Greater Yellowstone Ecosystem differs across habitat treatments including prescribed fire, wildfire and thinning. The work will leverage several previous years of IMBCR survey and MAPS netting data, and entail on-going fieldwork including bird surveys, netting and banding, nest searching and monitoring of focal species, and habitat measurements.  
 Minimum Requirements/Qualifications: 

1.      B.S. or B.A. in wildlife biology, biology, ecology, or a related field 
2.      Some relevant field research experience 
3.      Undergraduate (and MS if applicable) GPA of ≥ 3.0 
4.      Commitment to fostering an inclusive and respectful work environment 
5.      Commitment to dissemination of research results via publication in peer-reviewed journals, and presentations at conferences and to project partners 
6.      Strong work ethic and ability to work well independently and collaboratively 
7.      Strong interest in research, avian ecology, and wildlife conservation 
8.      Ability and willingness to communicate respectfully with project partners and other colleagues/peers 
9.      Valid Driver’s License 
10.  Ability to hike within steep and varied terrain 
 Highly Desirable Qualifications:

1.   M.S. degree in wildlife biology, biology, ecology, or a related field 
2.   Strong quantitative skills and some statistical analysis experience 
3.   At least one peer-reviewed scientific publication 
4.   Experience with capture, safe handling, and banding of small birds 
5.   Strong writing skills 

To express interest: 
 Please email (1) a cover letter highlighting interests and qualifications, (2) CV, and (3) names and contact information (phone and email) for three potential professional references, aggregated in a single pdf document to: Dr. Anna Chalfoun, achalfou@uwyo.edu. Review of applications will begin immediately and continue until qualified candidates are identified. Please address any questions to Dr. Anna Chalfoun at achalfou@uwyo.edu. 

Contact
Dr. Anna Chalfoun
achalfou@uwyo.edu (preferred contact method)","Hours per Week:
40
Salary:
starting at $2,418 per month
Education Required:
Bachelors
Experience Required:
at least 1 year","Graduate Research Assistant (PhD)
University of Wyoming (State) | https://wyocoopunit. Graduate Research Assistantship at the Wyoming Cooperative Fish and Wildlife Research Unit, University of Wyoming 

https://www. Starting date: August 30, 2027 (or earlier) 
Stipend: $2,418/month; plus tuition, fees, health insurance 
Location: Laramie, WY USA (field work in western WY) 
 Description: 
 The Chalfoun lab within the Wyoming Cooperative Fish and Wildlife Research Unit, Department of Zoology and Physiology, and Program in Ecology and Evolution; in partnership with the Ricketts Conservation Fund has a vacancy for a doctoral Graduate Research Assistant for fall 2027 (or earlier)",,"11/20/2026
Published:
09/17/2026
Starting Date:
between 5/10/2027 and 8/27/2027
Ending Date:
between 9/1/2032 and 9/1/2033
Hours per Week:
40
Salary:
starting at $2,418 per month
Education Required:
Bachelors
Experience Required:
at least 1 year
Location:
Laramie, Wyoming
Tags:
Graduate Opportunities
Description
 Ph",True,0.95,Graduate,Wildlife & Natural Resources,0.222,"['wildlife', 'wildlife conservation', 'bird', 'avian', 'capture']",False,,2026-09-20T08:53:53.961143+00:00,scrape_20260920_085322_f5d35acf,2.0
MS research assistantship,Alabama A & M University (State),"Alabama A & M University (Huntsville, Alabama)","$23,000 to $25,000 per year",between 9/18/2026 and 10/31/2026,09/17/2026,Graduate Opportunities,https://jobs.rwfm.tamu.edu/view-job/?id=118857,"MS research assistantship
Alabama A & M University (State) | https://www.aamu.edu
Details
Application Deadline:
10/31/2026
Published:
09/17/2026
Starting Date:
between 9/18/2026 and 10/31/2026
Hours per Week:
at least 20
Salary:
$23,000 to $25,000 per year
Education Required:
Bachelors
Experience Required:
none
Location:
Alabama A & M University (Huntsville, Alabama)
Tags:
Graduate Opportunities
Description
Agency: Alabama A&M University – Department of Natural Resources and Environmental Sciences. Graduate School of Alabama A&M University.
 Location: We will work in Alabama and the surrounding forest areas.  
 Project: We conduct a forest ecological study toward to MS.
 Job Description: The student will assist and collect field data, mainly related to trees.
 The selected candidate should have the ability to:
•        safely work outdoors in forest areas with others;
•        Measure tree DBH etc.
•        collect and record high-quality data
•        Familiar with local tree species.
 Applicants should have a positive attitude and willingness to work hard and adapt to the situation as needed. This includes being able to interact with members of the public while representing Alabama A&M University. Only US citizens or permanent residents will be considered. The position will begin at the spring semester of 2027. The assistantship will be $25k/year depending on experience. 
  Desired Qualifications: Individuals with previous forest work experience and a strong interest will be given priority. 
  To Apply: Email a cover letter, a resume/CV, and contact information of two references to: xiongwen.chen@aamu.edu. Applications will be reviewed as they are received.
Contact
Xiongwen Chen
xchen.aamu@gmail.com (preferred contact method)",Desired Qualifications: Individuals with previous forest work experience and a strong interest will be given priority.,"MS research assistantship
Alabama A & M University (State) | https://www",,"10/31/2026
Published:
09/17/2026
Starting Date:
between 9/18/2026 and 10/31/2026
Hours per Week:
at least 20
Salary:
$23,000 to $25,000 per year
Education Required:
Bachelors
Experience Required:
none
Location:
Alabama A & M University (Huntsville, Alabama)
Tags:
Graduate Opportunities
Description
Agency: Alabama A&M University – Department of Natural Resources and Environmental Sciences",True,0.95,Graduate,Unknown,0.0,[],False,,2026-09-20T08:53:54.032367+00:00,scrape_20260920_085322_f5d35acf,2.0
"M.S. Assistantship - Evaluating Professional Readiness in Wildlife, Fisheries, and Aquaculture",Mississippi State University (State),"Mississippi State University (Starkville, Mississippi)","starting at $20,000 per year",between 1/13/2027 and 8/17/2027,09/17/2026,Graduate Opportunities,https://jobs.rwfm.tamu.edu/view-job/?id=118852,"M.S. Assistantship - Evaluating Professional Readiness in Wildlife, Fisheries, and Aquaculture
Mississippi State University (State) | https://www.cfr.msstate.edu/
Details
Application Deadline:
01/13/2027
Published:
09/17/2026
Starting Date:
between 1/13/2027 and 8/17/2027
Hours per Week:
at least 20
Salary:
starting at $20,000 per year
Education Required:
Bachelors
Experience Required:
none
Location:
Mississippi State University (Starkville, Mississippi)
Tags:
Graduate Opportunities
Description
M.S. Assistantship in Evaluating Professional Readiness in Wildlife, Fisheries, and Aquaculture 

We are seeking applicants for a funded Master’s assistantship to examine the professional readiness of wildlife, fisheries, and aquaculture graduates and the competency needs of employers across public, private, and non-profit natural resource sectors. The position is in the Department of Wildlife, Fisheries and Aquaculture at Mississippi State University under the direction of Dr. Dan Pilgreen. 

This research will investigate how existing educational experiences prepare students for careers in the field and evaluate employer expectations and needs for entry-level professionals. Using surveys of recent graduates, employers, and other stakeholders, the project will identify areas of alignment and potential gaps between educational preparation and professional competency needs. The successful applicant will contribute to all aspects of the research process, including survey development, data collection, stakeholder engagement, qualitative and quantitative data analysis, scientific writing, and dissemination of findings. Results are expected to inform educational practices and provide insight into preparing future generations of wildlife, fisheries, and aquaculture professionals. 

Minimum Qualifications
·         Bachelor’s degree in natural resource management, applied social science, or a related field. 
·         Strong written and oral communication skills.
·         Ability to work independently and collaboratively as part of a research team.
·         Interest in social science research in natural resource contexts.

Desired Qualifications
·         Previous course work or experience in human dimensions of natural resources or related social science disciplines. 
·         Experience with survey research or program evaluation. 
·         Familiarity with statistical software such as R and SPSS.
·         Experience with scientific writing and/or research presentations.
·         Interest in pursuing a career in natural resource social science, extension, or related fields.

Salary: $20,000 (plus tuition, fees, and benefits)

Preferred Start Date: January, 2027. Summer or Fall, 2027 start dates are negotiable.

To Apply
Interested applicants should submit the following documentation to Dr. Dan Pilgreen by email at d.pilgreen@msstate.edu
·         Cover letter describing your interest in the position
·         Resume/CV
·         Unofficial transcripts
·         Contact information for three professional references

Review of applications will begin September 30 and continue until the position is filled.

Contact
Dan Pilgreen
662-325-3420
d.pilgreen@msstate.edu (preferred contact method)","Hours per Week:
at least 20
Salary:
starting at $20,000 per year
Education Required:
Bachelors
Experience Required:
none","This research will investigate how existing educational experiences prepare students for careers in the field and evaluate employer expectations and needs for entry-level professionals. The successful applicant will contribute to all aspects of the research process, including survey development, data collection, stakeholder engagement, qualitative and quantitative data analysis, scientific writing, and dissemination of findings. ·         Ability to work independently and collaboratively as part of a research team",,"01/13/2027
Published:
09/17/2026
Starting Date:
between 1/13/2027 and 8/17/2027
Hours per Week:
at least 20
Salary:
starting at $20,000 per year
Education Required:
Bachelors
Experience Required:
none
Location:
Mississippi State University (Starkville, Mississippi)
Tags:
Graduate Opportunities
Description
M",True,0.9,Graduate,Natural Resource Management,0.216,"['natural resources', 'resource management', 'human dimensions', 'stakeholder']",False,,2026-09-20T08:53:54.111569+00:00,scrape_20260920_085322_f5d35acf,2.0
"Graduate Student Position (MS or PhD) — Freshwater Ecology, University of North Dakota",University of North Dakota (State),"University of North Dakota (Grand Forks, North Dakota)","$1,888 to $2,388 per month",between 5/15/2027 and 8/15/2027,09/17/2026,Graduate Opportunities,https://jobs.rwfm.tamu.edu/view-job/?id=118802,"Graduate Student Position (MS or PhD) — Freshwater Ecology, University of North Dakota
University of North Dakota (State)
Details
Application Deadline:
02/01/2027
Published:
09/17/2026
Starting Date:
between 5/15/2027 and 8/15/2027
Hours per Week:
40
Salary:
$1,888 to $2,388 per month
Education Required:
Bachelors
Experience Required:
at least 4 years
Location:
University of North Dakota (Grand Forks, North Dakota)
Tags:
Graduate Opportunities
Description
Description
I am recruiting one or more MS or PhD students to join my lab in the Department of Biology at the
University of North Dakota, with a target start of Summer/Fall 2027*. This is a new lab so incoming
students will have real input into shaping its culture and research direction.

My research examines food web and trophic dynamics in freshwater ecosystems using diet, stable isotope
and other approaches, with particular interest in how climate change and disturbance (wildfire, shifting
thermal and hydrologic regimes) reshape lake and stream food webs. My own field experience spans
watersheds in Alaska and the Pacific Northwest, but I'm equally interested in students who want to
develop projects in North Dakota's own freshwater systems — prairie pothole lakes, the Red River, Devils
Lake — or Northern Minnesota’s boundary waters and prairie-to-boreal ecotone. Potential research
directions include, but are not limited to:
●Fish and invertebrate secondary production in streams, rivers, and lakes
●Trophic responses of lakes and streams to wildfire or other acute disturbances
●Climate-driven shifts in thermal regime and cascading effects on food webs
●Braided river channel production and food web dynamics
●Stable isotope and biomarker approaches to tracking energy flow in aquatic systems
●Comparative food web structure across gradients of hydrologic connectivity or land use

Students will be trained in traditional stream ecology, stable isotope methods, quantitative food web
analysis, field sampling design, statistical/programming approaches (R), and scientific writing, and will
be supported in attending and presenting at national conferences.

*January start possible for well-qualified applicants who reach out prior to October 10 -- Please add 'January Start' to the end of your email subject line*
Qualifications
Required:
●B.S. in ecology, biology, environmental science, or a related field
●Genuine interest in freshwater ecosystems and willingness to develop independent research skills
●Ability to work both independently and collaboratively
●Willingness to conduct fieldwork in variable conditions
Preferred:
●Prior field or laboratory research experience
●Familiarity with R or another statistical/programming environment

Funding
Incoming students begin on a Department of Biology Teaching Assistantship, with a stipend of
roughly $1,888/month (MS) or $2,388/month (PhD), tuition waiver, and health insurance.
Transition to a Research Assistantship is anticipated pending success of pending grant proposals.

To Apply
Interested applicants should submit the following as a single PDF to matthew.dunkle@und.edu with the
email subject line “GA Position (Last Name)”:
1. A brief cover letter (1 page) describing your research interests, relevant experience, and career
goals
2. A CV or resume
3. Contact information for three references
Considering applications on a rolling basis until January 31, 2027. Formal application to the UND
Biology graduate program is a separate step, due February 15 — happy to discuss timing with any
interested applicant.
Contact
Dr. Matt Dunkle Department of Biology, University of North Dakota matthew.dunkle@und.edu
Contact
Matthew R. Dunkle
matthew.dunkle@und.edu (preferred contact method)","Hours per Week:
40
Salary:
$1,888 to $2,388 per month
Education Required:
Bachelors
Experience Required:
at least 4 years","This is a new lab so incoming
students will have real input into shaping its culture and research direction. My research examines food web and trophic dynamics in freshwater ecosystems using diet, stable isotope
and other approaches, with particular interest in how climate change and disturbance (wildfire, shifting
thermal and hydrologic regimes) reshape lake and stream food webs. Potential research
directions include, but are not limited to:
●Fish and invertebrate secondary production in streams, rivers, and lakes
●Trophic responses of lakes and streams to wildfire or other acute disturbances
●Climate-driven shifts in thermal regime and cascading effects on food webs
●Braided river channel production and food web dynamics
●Stable isotope and biomarker approaches to tracking energy flow in aquatic systems
●Comparative food web structure across gradients of hydrologic connectivity or land use

Students will be trained in traditional stream ecology, stable isotope methods, quantitative food web
analysis, field sampling design, statistical/programming approaches (R), and scientific writing, and will
be supported in attending and presenting at national conferences",,"02/01/2027
Published:
09/17/2026
Starting Date:
between 5/15/2027 and 8/15/2027
Hours per Week:
40
Salary:
$1,888 to $2,388 per month
Education Required:
Bachelors
Experience Required:
at least 4 years
Location:
University of North Dakota (Grand Forks, North Dakota)
Tags:
Graduate Opportunities
Description
Description
I am recruiting one or more MS or PhD students to join my lab in the Department of Biology at the
University of North Dakota, with a target start of Summer/Fall 2027*",True,0.95,Graduate,Fisheries & Aquatic Science,0.24,"['fish', 'aquatic', 'freshwater', 'stream', 'river']",False,,2026-09-20T08:53:54.182265+00:00,scrape_20260920_085322_f5d35acf,2.0
CDC Environmental Health Knowledge Management Fellowship,Oak Ridge Associated Universities (ORAU) (Private),"Atlanta, Georgia",Commensurate / Negotiable,after 9/30/2026,09/16/2026,Graduate Opportunities,https://jobs.rwfm.tamu.edu/view-job/?id=118845,"CDC Environmental Health Knowledge Management Fellowship
Oak Ridge Associated Universities (ORAU) (Private) | https://orise.orau.gov/index.html
Details
Posting:
https://www.zintellect.com/Opportunity/Details/CDC-2026-0086
Application Deadline:
11/06/2026
Published:
09/16/2026
Starting Date:
after 9/30/2026
Hours per Week:
at least 40
Salary:
Commensurate / Negotiable
Education Required:
Masters
Experience Required:
none
Location:
Atlanta, Georgia
Tags:
Graduate Opportunities
Description
 *Applications will be reviewed on a rolling-basis.

CDC Office and Location: A research opportunity is currently available with the Division of Environmental Health Science and Practice (DEHSP) of the National Center for Environmental Health (NCEH), Water, Food, and Environmental Health Services Branch (WFEHSB) at the Centers for Disease Control and Prevention (CDC) in Atlanta, Georgia.

The Centers for Disease Control and Prevention (CDC) is one of the major operation components of the Department of Health and Human Services. CDC works to protect America from health, safety and security threats, both foreign and in the U.S. Whether diseases start at home or abroad, are chronic or acute, curable or preventable, human error or deliberate attack, CDC fights disease and supports communities and citizens to do the same.

Research Project: The CDC National Center for Environmental Health (NCEH), Division of Environmental Health Science and Practice (DEHSP), Water, Food, and Environmental Health Services Branch (WFEHSB) is seeking a fellow to participate in environmental health workforce development and online course development activities. You will collaborate with CDC environmental health professionals and subject-matter experts to gain experience developing, reviewing, updating, and modernizing online training courses, educational materials, and practical tools for the environmental health workforce.

A central focus of the fellowship is training, under the guidance of a mentor, on the review and update of CDC's Environmental Health Training in Emergency Response (EHTER) course, including converting and enhancing content for online delivery. You will also collaborate to build tools and resources that support state, tribal, local, and territorial (STLT) environmental health professionals in routine practice and emergency preparedness/response. Activities include:
Gain experience reviewing and updating EHTER course content, learning objectives, exercises, and supporting training materials.
Train to develop online learning components, including lesson content, scripts, storyboards, knowledge checks, quizzes, case studies, scenarios, graphic concepts, and job aids.
Build skills translating technical and scientific environmental health information into clear, engaging, learner-centered online content.
Collaborate with subject-matter experts and instructional designers to learn to create effective, well-structured online learning experiences.
Strengthen quality-assurance skills by reviewing training materials for scientific accuracy, usability, accessibility, and alignment with learning objectives.
Gain experience conducting literature and guidance reviews to ensure training content reflects current environmental health science, practices, and standards.
Support pilot testing, course evaluation, and continuous improvement of training courses and workforce-development tools.
Develop professional communication skills through preparing reports, presentations, and recommendations related to training and workforce-development activities.
Learning Objectives: This fellowship offers applied, national-level experience at the intersection of environmental health practice, e-learning/instructional design, emergency preparedness and response, workforce development, and public health communication — with direct exposure to CDC programs, subject-matter experts, and STLT partners. Building applied environmental health experience, online course development and instructional design skills, emergency-response knowledge (via EHTER), science-to-learning translation skills, stakeholder engagement experience, and training evaluation skills — while gaining a broader understanding of CDC's national role in environmental health workforce development.

Mentor(s): The mentor for this opportunity is Maria Paz Carlos (bbi9@cdc.gov). If you have questions about the nature of the research please contact the mentor(s).

Anticipated Appointment Start Date: September 30, 2026. Start date is flexible and will depend on a variety of factors.

Appointment Length: The appointment will initially be for one year, but may be renewed upon recommendation of CDC and is contingent on the availability of funds.

Level of Participation: The appointment is full time.

Participant Stipend: Stipend rates may vary based on numerous factors, including opportunity, location, education, and experience. If you are interviewed, you can inquire about the exact stipend rate at that time and if selected, your appointment offer will include the monthly stipend rate.

Citizenship Requirements: This opportunity is available to U.S. citizens and Lawful Permanent Residents (LPR) only.

ORISE Information: This program, administered by ORAU through its contract with the U.S. Department of Energy (DOE) to manage the Oak Ridge Institute for Science and Education (ORISE), was established through an interagency agreement between DOE and CDC. Participants do not become employees of CDC, DOE or the program administrator, and there are no employment-related benefits. Proof of health insurance is required for participation in this program. Health insurance can be obtained through ORISE.

The successful applicant(s) will be required to comply with Environmental, Safety and Health (ES&H) requirements of the hosting facility, including but not limited to, COVID-19 requirements (e.g. facial covering, physical distancing, testing, vaccination).

Questions: Please visit our Program Website. After reading, if you have additional questions about the application process please email CDCrpp@orau.org and include the reference code for this opportunity.

Qualifications
The qualified candidate should be currently pursuing or have received a master's degree (Master of Public Health [MPH] degree, or a closely related graduate degree) in the one of the relevant fields. Degree must have been received within the past five years, or be currently pursuing.

Preferred skills:

Graduate-level coursework or experience in environmental health, public health, epidemiology, emergency preparedness, health education, health communication, instructional design, or a related discipline.
Genuine interest in environmental health and online public health education, who enjoys turning scientific/technical information into clear, engaging, practical learning experiences.
Strong written and verbal communication skills; ability to write clearly and concisely for public health practitioners.
Ability to synthesize and translate scientific/technical information into clear, learner-centered educational content.
Strong organizational and project-management skills, with attention to detail and the ability to manage multiple assignments and deadlines.
Ability to act both independently and collaboratively with multidisciplinary teams and subject-matter experts.
Proficiency with standard office productivity software (word processing, spreadsheets, presentations).
Highly desired skills:

Experience developing e-learning modules, web-based training, or other digital educational content.
Coursework or experience in instructional design, curriculum development, adult learning, or distance/e-learning.
Experience building online learning components (storyboards, scripts, knowledge checks, quizzes, scenarios, assessments).
Familiarity with e-learning authoring tools or learning management systems (LMS).
Knowledge of accessibility principles for digital learning content.
Knowledge of environmental health topics related to emergencies/disasters (drinking water, wastewater, food safety, shelters, vector control, solid waste, hazardous materials, sanitation).
Experience with public health emergency preparedness and response.
Experience developing/revising training curricula, facilitator guides, participant materials, or job aids.
Experience conducting literature reviews, environmental scans, or needs assessments.
Experience evaluating training (developing assessments/surveys, analyzing feedback, assessing learning outcomes).
Familiarity with STLT (state, tribal, local, territorial) environmental health program roles.
Knowledge of environmental health workforce competencies and workforce-development needs.
Point of Contact
Rachel
Eligibility Requirements
Citizenship: U.S. Citizen Only
Degree: Master's Degree received within the last 60 months or currently pursuing.
  Contact
CDC-2026-0086
contact via the web posting is preferred (see Details section)",Citizenship Requirements: This opportunity is available to U.S. citizens and Lawful Permanent Residents (LPR) only.,"CDC Office and Location: A research opportunity is currently available with the Division of Environmental Health Science and Practice (DEHSP) of the National Center for Environmental Health (NCEH), Water, Food, and Environmental Health Services Branch (WFEHSB) at the Centers for Disease Control and Prevention (CDC) in Atlanta, Georgia. Research Project: The CDC National Center for Environmental Health (NCEH), Division of Environmental Health Science and Practice (DEHSP), Water, Food, and Environmental Health Services Branch (WFEHSB) is seeking a fellow to participate in environmental health workforce development and online course development activities. If you have questions about the nature of the research please contact the mentor(s)",,"11/06/2026
Published:
09/16/2026
Starting Date:
after 9/30/2026
Hours per Week:
at least 40
Salary:
Commensurate / Negotiable
Education Required:
Masters
Experience Required:
none
Location:
Atlanta, Georgia
Tags:
Graduate Opportunities
Description
 *Applications will be reviewed on a rolling-basis",True,0.95,Graduate,Unknown,0.0,[],False,,2026-09-20T08:53:54.324308+00:00,scrape_20260920_085322_f5d35acf,2.0
PhD Research Assistantship: Spatial Modeling of Forest Growth & Resource Economics,NC State University (State),"2800 Faucette Drive (Raleigh, North Carolina)","up to $30,000 per year",between 12/1/2026 and 1/11/2027,09/15/2026,"Graduate Opportunities, Grant",https://jobs.rwfm.tamu.edu/view-job/?id=118822,"PhD Research Assistantship: Spatial Modeling of Forest Growth & Resource Economics
NC State University (State) | https://www.forestproductivity.org/
Details
Posting:
https://drive.google.com/file/d/1zrjteXNa5-uUZIUUCJQOQeQOeyzoSr28/view?usp=sharing
Application Deadline:
12/15/2026
Published:
09/15/2026
Starting Date:
between 12/1/2026 and 1/11/2027
Ending Date:
between 5/1/2030 and 6/1/2030
Hours per Week:
at most 40
Salary:
up to $30,000 per year
Education Required:
Bachelors
Experience Required:
at least 5 years
Location:
2800 Faucette Drive (Raleigh, North Carolina)
Tags:
Graduate Opportunities
Grant
Description
Position Overview

The Department of Forestry and Environmental Resources at NC State University invites applications for a fully funded 4-year Graduate PhD Research Assistantship starting January 1, 2027. The student will lead interdisciplinary research evaluating how site-specific silvicultural interventions—specifically fertilization and understory vegetation control—influence loblolly pine (Pinus taeda L.) growth, landscape yield response, and economic returns under market and input cost uncertainty across the southeastern US.

The selected candidate will work at the intersection of quantitative forest ecology, remote sensing, and resource economics, collaborating closely with industry partners from the Forest Productivity Cooperative (FPC) and the Southern Forest Resource Assessment Consortium (SOFAC).

Key Responsibilities & Project Objectives
Growth Response Modeling (Objective 1): Quantify the magnitude, duration, and uncertainty of pine growth responses to fertilizer and herbicide treatments across 100+ empirical field trial sites, integrating soil, geology, climate, and competing vegetation drivers.
Remote Sensing & Spatial Scaling (Objective 2): Build reproducible workflows using open-source platforms to map growth responses and understory vegetation across 550 million acres, leveraging satellite imagery and LiDAR.
Economic Risk & Decision Modeling (Objective 3): Conduct spatially explicit financial assessments. Develop regime-switching stochastic dynamic models to evaluate optimal management choices amid volatile input costs, shifting stumpage prices, and local market shocks (e.g., mill closures).
Science Communication: Author peer-reviewed publications, present research at professional conferences, and engage with regional forestry stakeholders.

Qualifications
Education: M.S. degree in Quantitative Forestry, Forest Biometrics, Geospatial Information Systems (GIS)/Remote Sensing, Forest Economics, Applied Statistics, Data Science, or a related natural resource discipline. Highly qualified applicants with a B.S. and strong quantitative research experience will also be considered.
Technical Skills:
◦ Strong programming experience (e.g., R, Python) for geospatial processing and statistical modeling.
◦ Experience working with remote sensing datasets (LiDAR, satellite imagery, raster analytics).
◦ Knowledge of econometric analysis, Monte Carlo simulation, dynamic programming, or spatial growth-and-yield modeling is preferred.
Communication: Track record of scientific writing and clear communication with diverse academic and practitioner audiences.

Advising Team
The student will receive cross-disciplinary mentorship from a multi-investigator team:
Dr. Rachel Cook – Professor of Silviculture & Forest Soils; Co-Director, Forest Productivity Cooperative (FPC)
Dr. Jeffrey Doser – Assistant Professor of Quantitative Forest Science
Dr. Justin Baker – Associate Professor of Forest Resource Economics; Director, Southern Forest Resource Assessment Consortium (SOFAC)

Funding & Compensation
Stipend: $30,000 / year (up to 4 full years of direct support, 2027–2030).
Tuition, Health Insurance & Expenses: Student fees, computing equipment, travel funding, and page charges are fully covered via PIs' matching funds and university programs.

How to Apply
Interested candidates should submit a single PDF document containing:

A 1–2 page cover letter detailing your research experience, quantitative background, and alignment with the project objectives.
Comprehensive Curriculum Vitae (CV).
Unofficial academic transcripts.
Contact information for three professional references.

Send applications to Rachel Cook (rlcook@ncsu.edu)
Include the following subject line: [Applicant Last Name] - PhD Application - Spatial Modeling of Forest Growth & Resource Economics

Contact
Rachel Cook
rlcook@ncsu.edu (preferred contact method)","Hours per Week:
at most 40
Salary:
up to $30,000 per year
Education Required:
Bachelors
Experience Required:
at least 5 years","PhD Research Assistantship: Spatial Modeling of Forest Growth & Resource Economics
NC State University (State) | https://www. usp=sharing
Application Deadline:
12/15/2026
Published:
09/15/2026
Starting Date:
between 12/1/2026 and 1/11/2027
Ending Date:
between 5/1/2030 and 6/1/2030
Hours per Week:
at most 40
Salary:
up to $30,000 per year
Education Required:
Bachelors
Experience Required:
at least 5 years
Location:
2800 Faucette Drive (Raleigh, North Carolina)
Tags:
Graduate Opportunities
Grant
Description
Position Overview

The Department of Forestry and Environmental Resources at NC State University invites applications for a fully funded 4-year Graduate PhD Research Assistantship starting January 1, 2027. The student will lead interdisciplinary research evaluating how site-specific silvicultural interventions—specifically fertilization and understory vegetation control—influence loblolly pine (Pinus taeda L",,"12/15/2026
Published:
09/15/2026
Starting Date:
between 12/1/2026 and 1/11/2027
Ending Date:
between 5/1/2030 and 6/1/2030
Hours per Week:
at most 40
Salary:
up to $30,000 per year
Education Required:
Bachelors
Experience Required:
at least 5 years
Location:
2800 Faucette Drive (Raleigh, North Carolina)
Tags:
Graduate Opportunities
Grant
Description
Position Overview

The Department of Forestry and Environmental Resources at NC State University invites applications for a fully funded 4-year Graduate PhD Research Assistantship starting January 1, 2027",True,0.95,Graduate,Unknown,0.0,[],False,,2026-09-20T08:53:54.558773+00:00,scrape_20260920_085322_f5d35acf,2.0
Funded Latin American-based research for U.S. graduate students — PATHWAYS Program (NSF IRES),Washington State University (State),"Cuenca, Ecuador and other South American countries","starting at $1,500 per month",between 1/4/2027 and 1/8/2027,09/15/2026,Graduate Opportunities,https://jobs.rwfm.tamu.edu/view-job/?id=118795,"Funded Latin American-based research for U.S. graduate students — PATHWAYS Program (NSF IRES)
Washington State University (State) | http://wsu.edu
Details
Posting:
https://transect-of-the-americas.wsu.edu/pathways-program/
Application Deadline:
10/02/2026
Published:
09/15/2026
Starting Date:
between 1/4/2027 and 1/8/2027
Ending Date:
between 9/20/2027 and 9/24/2027
Hours per Week:
40
Salary:
starting at $1,500 per month
Education Required:
Bachelors
Experience Required:
none
Location:
Cuenca, Ecuador and other South American countries
Tags:
Graduate Opportunities
Description
The PATHWAYS Program (Partnerships Along the Headwaters of the Americas for Young Scientists) is a National Science Foundation International Research Experience for Students (IRES), run jointly by Washington State University and the University of New Mexico. It places U.S. graduate students in interdisciplinary research on water and social-ecological systems across Central and South America. Student research topics can include watersheds, the downstream water-use systems, or the societies embedded in them, including the adaptation challenges posed by changing hydro-climatic conditions. Research on extraction and El Niño climate patterns will be a part of the program's focus this year. We're looking for students with an aptitude for interdisciplinary work and backgrounds in hydrologic science, engineering, ecology, or the social sciences.

The program runs over twelve months and combines online training with an in-person summer school in Cuenca, Ecuador and a funded research placement at a host institution in Central or South America:

• Spring training (Jan–Apr): online coursework and cohort-building
• Summer school in Cuenca, Ecuador (May): a mandatory two-week, in-person session grounded in real-world water-governance challenges
• International research experience (typically Jun–Aug): fieldwork at the student's chosen host institution
• Fall synthesis (Sep–Dec): online meetings and cross-case comparison, culminating in a research presentation to the network

Funding covers travel to and from the summer school and the research site, a subsistence stipend of $1,500/month during the international research experience, and support for research expenses.

To be eligible, applicants must be full-time graduate students who have not yet graduated and must be U.S. citizens, nationals, or permanent residents.

Full details and the pre-application form (deadline to submit is 10/2) are here: https://transect-of-the-americas.wsu.edu/pathways-program/. I've attached the program flyer as well, please feel free to post or forward it. There will be an info session for interested students on September 22nd at 12:00pm MST. Find the info session zoom link here: https://unm.zoom.us/j/5913811030?omn=95931081433

Contact
Alexander Fremier
alex.fremier@wsu.edu (preferred contact method)","Hours per Week:
40
Salary:
starting at $1,500 per month
Education Required:
Bachelors
Experience Required:
none","Funded Latin American-based research for U. edu/pathways-program/
Application Deadline:
10/02/2026
Published:
09/15/2026
Starting Date:
between 1/4/2027 and 1/8/2027
Ending Date:
between 9/20/2027 and 9/24/2027
Hours per Week:
40
Salary:
starting at $1,500 per month
Education Required:
Bachelors
Experience Required:
none
Location:
Cuenca, Ecuador and other South American countries
Tags:
Graduate Opportunities
Description
The PATHWAYS Program (Partnerships Along the Headwaters of the Americas for Young Scientists) is a National Science Foundation International Research Experience for Students (IRES), run jointly by Washington State University and the University of New Mexico. graduate students in interdisciplinary research on water and social-ecological systems across Central and South America",,"10/02/2026
Published:
09/15/2026
Starting Date:
between 1/4/2027 and 1/8/2027
Ending Date:
between 9/20/2027 and 9/24/2027
Hours per Week:
40
Salary:
starting at $1,500 per month
Education Required:
Bachelors
Experience Required:
none
Location:
Cuenca, Ecuador and other South American countries
Tags:
Graduate Opportunities
Description
The PATHWAYS Program (Partnerships Along the Headwaters of the Americas for Young Scientists) is a National Science Foundation International Research Experience for Students (IRES), run jointly by Washington State University and the University of New Mexico",True,0.9,Graduate,Unknown,0.0,[],True,University of Washington,2026-09-20T08:53:54.733336+00:00,scrape_20260920_085322_f5d35acf,2.0
USDA-ARS Postdoctoral Fellowship to Study Maize Genetic Resources,Oak Ridge Associated Universities (ORAU) (Private),"Ames, Iowa",Commensurate / Negotiable,after 11/1/2026,09/14/2026,Faculty / Post-Doc Appointments,https://jobs.rwfm.tamu.edu/view-job/?id=118783,"USDA-ARS Postdoctoral Fellowship to Study Maize Genetic Resources
Oak Ridge Associated Universities (ORAU) (Private) | https://orise.orau.gov/index.html
Details
Posting:
https://www.zintellect.com/Opportunity/Details/USDA-ARS-MWA-2026-0352
Application Deadline:
10/23/2026
Published:
09/14/2026
Starting Date:
after 11/1/2026
Hours per Week:
at least 40
Salary:
Commensurate / Negotiable
Education Required:
Doctorate
Experience Required:
none
Location:
Ames, Iowa
Tags:
Faculty / Post-Doc Appointments
Description
 *Applications are reviewed on a rolling-basis.

ARS Office/Lab and Location: A research opportunity is currently available with the U.S. Department of Agriculture (USDA), Agricultural Research Service (ARS), Plant Introduction Research Unit (PIRU), located in Ames, Iowa.

The Agricultural Research Service (ARS) is the U.S. Department of Agriculture's chief scientific in-house research agency with a mission to find solutions to agricultural problems that affect Americans every day from field to table. ARS will deliver cutting-edge, scientific tools and innovative solutions for American farmers, producers, industry, and communities to support the nourishment and well-being of all people; sustain our nation’s agroecosystems and natural resources; and ensure the economic competitiveness and excellence of our agriculture. The vision of the agency is to provide global leadership in agricultural discoveries through scientific excellence.

Research Project: Under the guidance of a mentor, you will engage in research aimed at improving seed regeneration methodology, phenotypic, and genotypic characterization of the USDA maize germplasm collection. Systematic and thorough genotypic and phenotypic characterization would improve collection utility and aid in facilitating the research needs of seed requestors. During the fellowship, you will collaborate with Iowa State University maize breeders and geneticists, PIRU unit members and established USDA ARS/academic/industry collaborators while conducting research. The maize collection will be regenerated in the field and greenhouse in Ames, Iowa, and other off-site nurseries as needed and resources allow. Genotyping activities will be outsourced, and data receipt and initial quality assessment will be coordinated with the genotyping service institution. You will receive sequence/genotype data, help conduct analyses to survey variation, calculate relationships, and other relevant analyses of genebank accessions. You will interact with collaborators to upload genotypic and phenotypic data directly into the GRIN-Global database or to link all data via an external public platform for access.

Learning Objectives: Under the guidance of a mentor, you will have the opportunity to learn to:

Conduct research efforts to measure, analyze, and use the genetic diversity in the USDA National Plant Germplasm System maize collection,
Discuss all genetic resource management activities,
Describe regeneration and phenotyping approaches in greenhouse and field experiments,
Describe approaches used for marker traits associations in crop plants, and;
Demonstrate communication (writing, presenting, etc.), collaboration and in conducting scientific research.
Mentor(s): The mentor for this opportunity is Adam Mahan (adam.mahan@usda.gov). If you have questions about the nature of the research, please contact the mentor(s).

Anticipated Appointment Start Date: November 2026. Start date is flexible and will depend on a variety of factors.

Appointment Length: The appointment will initially be for one year, but may be renewed upon recommendation of ARS and is contingent on the availability of funds.

Level of Participation: The appointment is full time.

Citizenship Requirements: This opportunity is available to U.S. citizens only.

ORISE Information: This program, administered by ORAU through its contract with the U.S. Department of Energy (DOE) to manage the Oak Ridge Institute for Science and Education (ORISE), was established through an interagency agreement between DOE and ARS. Participants do not become employees of USDA, ARS, DOE or the program administrator, and there are no employment-related benefits. Proof of health insurance is required for participation in this program. Health insurance can be obtained through ORISE.

Questions: Please visit our Program Website. After reading, if you have additional questions about the application process, please email ORISE.ARS.Midwest@orau.org and include the reference code for this opportunity.

Qualifications
The qualified candidate should be currently pursuing or have received a doctoral degree in the one of the relevant fields. Degree must have been received within the past five years, or anticipated to be received by 12/30/2026.

Preferred skills:

Experience with agricultural plant sciences, plant genetic resources, row-crop agriculture, plant genetics, plant breeding, molecular biology, bioinformatics, and data management.
Ability to curate, catalog, and store large amounts of data, samples, such as seeds, plants or DNA.
Experience caring for plants in the field, greenhouse, and growth chamber.
Comfortable with communication through phone, email, and in person
Stipend
$6,273.67 Monthly
Point of Contact
Michele
Eligibility Requirements
Citizenship: U.S. Citizen Only
Degree: Doctoral Degree received within the last 60 months or currently pursuing.
  Contact
USDA-ARS-MWA-2026-0352
contact via the web posting is preferred (see Details section)",Citizenship Requirements: This opportunity is available to U.S. citizens only.,"ARS Office/Lab and Location: A research opportunity is currently available with the U. Department of Agriculture (USDA), Agricultural Research Service (ARS), Plant Introduction Research Unit (PIRU), located in Ames, Iowa. The Agricultural Research Service (ARS) is the U",,"10/23/2026
Published:
09/14/2026
Starting Date:
after 11/1/2026
Hours per Week:
at least 40
Salary:
Commensurate / Negotiable
Education Required:
Doctorate
Experience Required:
none
Location:
Ames, Iowa
Tags:
Faculty / Post-Doc Appointments
Description
 *Applications are reviewed on a rolling-basis",True,0.95,Graduate,Natural Resource Management,0.154,"['natural resources', 'resource management', 'agriculture']",False,,2026-09-20T08:53:54.799630+00:00,scrape_20260920_085322_f5d35acf,2.0
USDA-ARS Fellowship in Livestock Genetic Diversity,Oak Ridge Associated Universities (ORAU) (Private),"Fort Collins, Colorado",Commensurate / Negotiable,after 10/31/2026,09/14/2026,Faculty / Post-Doc Appointments,https://jobs.rwfm.tamu.edu/view-job/?id=118786,"USDA-ARS Fellowship in Livestock Genetic Diversity
Oak Ridge Associated Universities (ORAU) (Private) | https://orise.orau.gov/index.html
Details
Posting:
https://www.zintellect.com/Opportunity/Details/USDA-ARS-PA-2026-0357
Application Deadline:
10/23/2026
Published:
09/14/2026
Starting Date:
after 10/31/2026
Hours per Week:
at least 40
Salary:
Commensurate / Negotiable
Education Required:
Doctorate
Experience Required:
none
Location:
Fort Collins, Colorado
Tags:
Faculty / Post-Doc Appointments
Description
 *Applications are reviewed on a rolling-basis.

ARS Office/Lab and Location: A research opportunity is currently available with the U.S. Department of Agriculture (USDA), Agriculture Research Service (ARS), located at Fort Collins, Colorado.

The Agricultural Research Service (ARS) is the U.S. Department of Agriculture's chief scientific in-house research agency with a mission to find solutions to agricultural problems that affect Americans every day from field to table. ARS will deliver cutting-edge, scientific tools and innovative solutions for American farmers, producers, industry, and communities to support the nourishment and well-being of all people; sustain our nation’s agroecosystems and natural resources; and ensure the economic competitiveness and excellence of our agriculture. The vision of the agency is to provide global leadership in agricultural discoveries through scientific excellence.

Research Project: During this appointment, you will have the opportunity to participate in projects focused on assessing the genetic diversity and how genetic diversity of pork quality changed from the 1990's to the present; determining the genetic uniqueness of chicken populations; and assessing genetic variability of cattle and swine semen samples placed under the stress of cryopreservation. 

Learning objectives: You will learn or enhance your current skillsets in the following:

Proficiency in genetic diversity analysis and trend evaluation
Expertise in assessing genetic uniqueness in livestock populations
Evaluation of genetic resilience under stress conditions, such as cryopreservation
Experience with advanced genetic assessment tools and methodologies using software programs such as ADMIXTURE, TreeMix, and GONe. 
Mentor(s): The mentor for this opportunity is Harvey Blackburn (harvey.blackburn@usda.gov). If you have questions about the nature of the research, please contact the mentor(s).

Anticipated Appointment Start Date: October 2026. Start date is flexible and will depend on a variety of factors. 

Appointment Length: The appointment will initially be for one year, but may be renewed upon recommendation of ARS and is contingent on the availability of funds.

Level of Participation: The appointment is full time.

Citizenship Requirements: This opportunity is available to U.S. citizens only.

ORISE Information: This program, administered by ORAU through its contract with the U.S. Department of Energy (DOE) to manage the Oak Ridge Institute for Science and Education (ORISE), was established through an interagency agreement between DOE and ARS. Participants do not become employees of USDA, ARS, DOE or the program administrator, and there are no employment-related benefits. Proof of health insurance is required for participation in this program. Health insurance can be obtained through ORISE.

Questions: Please visit our Program Website. After reading, if you have additional questions about the application process, please email ORISE.ARS.Plains@orau.org and include the reference code for this opportunity.

Qualifications
The qualified candidate should be currently pursuing a doctoral degree in the one of the relevant fields (e.g. Animal Breeding and Genetics), anticipated to be received by 12/31/2026.

Stipend
$75,785.00 – $79,000.00 Yearly
Point of Contact
Janeen
Eligibility Requirements
Citizenship: U.S. Citizen Only
Degree: Doctoral Degree.
  Contact
USDA-ARS-PA-2026-0357
contact via the web posting is preferred (see Details section)",Citizenship Requirements: This opportunity is available to U.S. citizens only.,"ARS Office/Lab and Location: A research opportunity is currently available with the U. Department of Agriculture (USDA), Agriculture Research Service (ARS), located at Fort Collins, Colorado. The Agricultural Research Service (ARS) is the U",,"10/23/2026
Published:
09/14/2026
Starting Date:
after 10/31/2026
Hours per Week:
at least 40
Salary:
Commensurate / Negotiable
Education Required:
Doctorate
Experience Required:
none
Location:
Fort Collins, Colorado
Tags:
Faculty / Post-Doc Appointments
Description
 *Applications are reviewed on a rolling-basis",True,0.95,Graduate,Unknown,0.0,[],False,,2026-09-20T08:53:54.873232+00:00,scrape_20260920_085322_f5d35acf,2.0
Forestry Fellow,Tennessee Aquarium (Private),"Chattanooga, Tennessee",$16 per hour,between 9/28/2026 and 10/9/2026,09/16/2026,Undergraduate Opportunities,https://jobs.rwfm.tamu.edu/view-job/?id=118842,"Forestry Fellow
Tennessee Aquarium (Private) | https://tnaqua.org/
Details
Posting:
https://recruiting2.ultipro.com/TEN1003TNAQ/JobBoard/12ee8ae7-931c-4fa4-a24a-ff683f36b8c3/?q=&o=postedDateDesc
Application Deadline:
09/30/2026
Published:
09/16/2026
Starting Date:
between 9/28/2026 and 10/9/2026
Ending Date:
between 12/14/2026 and 1/1/2027
Hours per Week:
20 - 30
Salary:
$16 per hour
Education Required:
Some Undergraduate
Experience Required:
none
Location:
Chattanooga, Tennessee
Tags:
Undergraduate Opportunities
Description
Thank you for your interest in a Forestry fellowship at the Tennessee Aquarium in Chattanooga, Tennessee! The Aquarium hopes this experience helps guide and empower conservation-minded students to develop solutions to complex conservation challenges in our communities and gain valuable hands-on work experience. Our history of giving high-potential students the opportunity to work at our Aquarium has shown that such professional experience opens new career options for students from all walks of life. 

Forestry Fellows are exposed to several biology-related positions working within the Tennessee Aquarium's Husbandry Department Forest section. This hands-on opportunity offers an understanding of our reptile and amphibian collection specializing in our turtle environments, and also keeping our Delta Country exhibit clean, interesting, and engaging for our visiting guests.

 Key Responsibilities
·         Performs animal husbandry duties which may include cleaning exhibits, preparing food, feeding animals, maintaining exhibits, monitoring animal behavior, and learning appropriate quarantine and disease prevention protocols
·         Provides exemplary interpretation and assistance in programs

·         Maintains appropriate logs and records

·         Interacts with staff, volunteers, and public in a professional and ethical manner

 Qualifications
·         Current college student or recent graduate) with science or animal-related major
·         Able to commit to the full internship of 120 hours during the designated semester; hour requirements per week may vary based on fellowship activities

·         Able to climb ladders, lift and carry 50 lbs.; work in hot/cold, wet, and/or slippery conditions

·         Provide a letter of reference from an advisor, faculty member or previous employer

·         Provide a college transcript with a minimum GPA of 2.5

·         Preferences given to students seeking internships for college credit or that are affiliated with an active research project

Seasonal, hourly ($16/hour); Fall semester fellowship (Runs through end of semester, September – December 31), weekends required.

To apply, candidates are asked to submit an online application, resume, cover letter, references, and unofficial transcript at https://recruiting2.ultipro.com/TEN1003TNAQ/JobBoard/12ee8ae7-931c-4fa4-a24a-ff683f36b8c3/?q=&o=postedDateDesc 
 All submissions must be received by September 30, 2025.
Contact
Victoria Langdon
4237852004
vlangdon@tnaqua.org (preferred contact method)","Thank you for your interest in a Forestry fellowship at the Tennessee Aquarium in Chattanooga, Tennessee! The Aquarium hopes this experience helps guide and empower conservation-minded students to develop solutions to complex conservation challenges in our communities and gain valuable hands-on work experience. Our history of giving high-potential students the opportunity to work at our Aquarium has shown that such professional experience opens new career options for students from all walks of life. 

Forestry Fellows are exposed to several biology-related positions working within the Tennessee Aquarium's Husbandry Department Forest section. This hands-on opportunity offers an understanding of our reptile and amphibian collection specializing in our turtle environments, and also keeping our Delta Country exhibit clean, interesting, and engaging for our visiting guests.

 Key Responsibilities
·         Performs animal husbandry duties which may include cleaning exhibits, preparing food, feeding animals, maintaining exhibits, monitoring animal behavior, and learning appropriate quarantine and disease prevention protocols
·         Provides exemplary interpretation and assistance in programs

·         Maintains appropriate logs and records

·         Interacts with staff, volunteers, and public in a professional and ethical manner

 Qualifications
·         Current college student or recent graduate) with science or animal-related major
·         Able to commit to the full internship of 120 hours during the designated semester; hour requirements per week may vary based on fellowship activities

·         Able to climb ladders, lift and carry 50 lbs.; work in hot/cold, wet, and/or slippery conditions

·         Provide a letter of reference from an advisor, faculty member or previous employer

·         Provide a college transcript with a minimum GPA of 2.5

·         Preferences given to students seeking internships for college credit or that are affiliated with an active research project

Seasonal, hourly ($16/hour); Fall semester fellowship (Runs through end of semester, September – December 31), weekends required.

To apply, candidates are asked to submit an online application, resume, cover letter, references, and unofficial transcript at https://recruiting2.ultipro.com/TEN1003TNAQ/JobBoard/12ee8ae7-931c-4fa4-a24a-ff683f36b8c3/?q=&o=postedDateDesc 
 All submissions must be received by September 30, 2025.","5

·         Preferences given to students seeking internships for college credit or that are affiliated with an active research project

Seasonal, hourly ($16/hour); Fall semester fellowship (Runs through end of semester, September – December 31), weekends required",,"09/30/2026
Published:
09/16/2026
Starting Date:
between 9/28/2026 and 10/9/2026
Ending Date:
between 12/14/2026 and 1/1/2027
Hours per Week:
20 - 30
Salary:
$16 per hour
Education Required:
Some Undergraduate
Experience Required:
none
Location:
Chattanooga, Tennessee
Tags:
Undergraduate Opportunities
Description
Thank you for your interest in a Forestry fellowship at the Tennessee Aquarium in Chattanooga, Tennessee! The Aquarium hopes this experience helps guide and empower conservation-minded students to develop solutions to complex conservation challenges in our communities and gain valuable hands-on work experience",True,0.95,Graduate,Unknown,0.0,[],True,Indiana University,2026-09-20T08:53:55.016013+00:00,scrape_20260920_085322_f5d35acf,2.0
Assistant Professor (Ecologist),College of William & Mary (State),"William & Mary, Integrated Science Center (Williamsburg, Virginia)",Commensurate / Negotiable,after 8/10/2027,09/18/2026,Faculty / Post-Doc Appointments,https://jobs.rwfm.tamu.edu/view-job/?id=118876,"Assistant Professor (Ecologist)
College of William & Mary (State)
Details
Posting:
https://williammary.wd12.myworkdayjobs.com/en-US/WM/details/Assistant-Professor-of-Biology--Ecologist-_JR102072
Application Deadline:
10/17/2026
Published:
09/18/2026
Starting Date:
after 8/10/2027
Hours per Week:
40 - 60
Salary:
Commensurate / Negotiable
Education Required:
Doctorate
Experience Required:
none
Location:
William & Mary, Integrated Science Center (Williamsburg, Virginia)
Tags:
Faculty / Post-Doc Appointments
Description
The Department of Biology at William & Mary, a public university of the Commonwealth of Virginia, seeks applications for a tenure track position at the Assistant Professor level in Ecology. Appointment will begin August 10, 2027. We are interested in individuals with research and teaching expertise in ecology with a specialization in biostatistics and/or quantitative biology. Applicants whose research is focused on any aspect of ecology will be considered as long as there is a strong quantitative aspect to their research and teaching interests.
 Duties include research, teaching, and service to the University. The applicant is expected to establish and maintain a vibrant externally funded research program that inspires a highly motivated body of undergraduate and master’s students. Teaching duties include a large, undergraduate introductory biostatistics course that serves students across the biology department, engaging undergraduate courses in ecology, and other lecture or seminar-style courses in the applicant’s area of expertise, including an advanced or graduate-level biostatistics course. Teaching expectation is 2 courses per semester.

 Required Qualifications: 
·       Applicants must hold a Ph.D. in biology, biomathematics or biostatistics, or a closely related field, at the time the appointment begins (August 10, 2027).
·       Applicants must have completed 18 graduate credit hours in the discipline in which they will teach.
·       Evidence of research expertise in ecology, biomathematics, or significant experience in other areas of quantitative ecology.
·       Evidence of teaching expertise in ecology, biostatistics, or significant experience in other areas of quantitative biology or biomathematics.
·       Ability to teach compelling courses in ecology and biostatistics
·       Experience (or ability) to teach other lecture and seminar-style courses
 
Preferred Qualifications: 
·       Previous teaching experience in ecology and an established record of mentoring undergraduate and/or graduate research is preferred. 
·       Evidence of scholarly achievement, including peer-reviewed publications in competitive outlets and nationally competitive grants or other awards, will be viewed favorably. 
·       Postdoctoral experience strongly preferred
·       A research program that can leverage on-campus and local natural resources and sites will be viewed as desirable.
 Applicants must apply online at https://go.wm.edu/VphZB3. All applications must consist of the following materials for full consideration. Please note: No more than 5 individual documents may be uploaded into the upload field provided (“i.e. Resume/Coverletter” upload field). Each individual file must not exceed a size limit of 5MB. If necessary, candidates can compress multiple files into a single zip file for upload:
·       Curriculum vitae;
·       Cover letter;
·       A 2-3 page statement of teaching interests that describes your approach to teaching and mentoring and that may also incorporate a discussion of how your past scholarly work informs your approach 
·       A 2-3 page statement of research interests; 
·       Unofficial graduate transcripts outlining proof of 18 graduate credit hours in the curricular area  specified in the position description above. For international hires, a letter of graduate credit hour completion from your graduate school may be submitted if unofficial transcripts are not provided by your university; and

 Applicants are encouraged to reflect on teaching and mentoring practices that advance academic excellence and success of all learners/scholars in any of the aforementioned required documents.  
 Candidates who reach the first-round virtual interview stage will be prompted to submit online the names and email addresses of three references who will be contacted by the system with instructions for how to submit a letter of reference.
 For full consideration, submit application materials no later than October 17, 2026. Applications received after the initial application deadline will be considered if needed. All required supplemental application materials mentioned above must be clearly identified and included with your application for full consideration. 
 Information on the degree programs in the Department of Biology may be found at https://www.wm.edu/as/biology/. Please contact Dr. Dan Cristol (dacris@wm.edu) with any questions regarding the position.
 Benefits
William & Mary offers our full-time employees a full array of benefits including retirement, health insurance with options for expanded dental and vision along with group and optional life insurance with coverage for spouse and children, flexible spending accounts, and an EAP (Employee Assistance Program). 
 Our employees enjoy additional university benefits such as educational assistance, professional development, wellness benefits, and a robust holiday schedule. Housing Relocation Resources are also available to help new employees transition successfully to the area. All employees have access to fitness facilities on campus, to the university libraries, and much more. To learn more, go to: https://www.wm.edu/offices/uhr/benefits/index.php?type=none 
 Conditions of Employment
This position may require additional hours beyond the typical work week, including occasional overnight and weekend work as needed to meet the business needs of the operation. 
 Applicant Notice: By applying for this position, you consent to William & Mary's use, review, and retention of your application materials for recruitment and employment purposes. Materials may be shared with authorized individuals participating in the hiring process and will be managed in accordance with applicable laws and university policies.
 EEO is the Law.  Applicants can learn more about William & Mary’s status as an equal opportunity employer by viewing the ""Know Your Rights"" poster published by the U.S. Equal Employment Opportunity Commission. https://www.eeoc.gov/know-your-rights-workplace-discrimination-illegal. William & Mary conducts background checks on applicants being considered for employment.    
  Contact
Daniel Cristol
7578693852
dacris@wm.edu (preferred contact method)","The Department of Biology at William & Mary, a public university of the Commonwealth of Virginia, seeks applications for a tenure track position at the Assistant Professor level in Ecology. Appointment will begin August 10, 2027. We are interested in individuals with research and teaching expertise in ecology with a specialization in biostatistics and/or quantitative biology. Applicants whose research is focused on any aspect of ecology will be considered as long as there is a strong quantitative aspect to their research and teaching interests.
 Duties include research, teaching, and service to the University. The applicant is expected to establish and maintain a vibrant externally funded research program that inspires a highly motivated body of undergraduate and master’s students. Teaching duties include a large, undergraduate introductory biostatistics course that serves students across the biology department, engaging undergraduate courses in ecology, and other lecture or seminar-style courses in the applicant’s area of expertise, including an advanced or graduate-level biostatistics course. Teaching expectation is 2 courses per semester.

 Required Qualifications: 
·       Applicants must hold a Ph.D. in biology, biomathematics or biostatistics, or a closely related field, at the time the appointment begins (August 10, 2027).
·       Applicants must have completed 18 graduate credit hours in the discipline in which they will teach.
·       Evidence of research expertise in ecology, biomathematics, or significant experience in other areas of quantitative ecology.
·       Evidence of teaching expertise in ecology, biostatistics, or significant experience in other areas of quantitative biology or biomathematics.
·       Ability to teach compelling courses in ecology and biostatistics
·       Experience (or ability) to teach other lecture and seminar-style courses
 
Preferred Qualifications: 
·       Previous teaching experience in ecology and an established record of mentoring undergraduate and/or graduate research is preferred. 
·       Evidence of scholarly achievement, including peer-reviewed publications in competitive outlets and nationally competitive grants or other awards, will be viewed favorably. 
·       Postdoctoral experience strongly preferred
·       A research program that can leverage on-campus and local natural resources and sites will be viewed as desirable.
 Applicants must apply online at https://go.wm.edu/VphZB3. All applications must consist of the following materials for full consideration. Please note: No more than 5 individual documents may be uploaded into the upload field provided (“i.e. Resume/Coverletter” upload field). Each individual file must not exceed a size limit of 5MB. If necessary, candidates can compress multiple files into a single zip file for upload:
·       Curriculum vitae;
·       Cover letter;
·       A 2-3 page statement of teaching interests that describes your approach to teaching and mentoring and that may also incorporate a discussion of how your past scholarly work informs your approach 
·       A 2-3 page statement of research interests; 
·       Unofficial graduate transcripts outlining proof of 18 graduate credit hours in the curricular area  specified in the position description above. For international hires, a letter of graduate credit hour completion from your graduate school may be submitted if unofficial transcripts are not provided by your university; and

 Applicants are encouraged to reflect on teaching and mentoring practices that advance academic excellence and success of all learners/scholars in any of the aforementioned required documents.  
 Candidates who reach the first-round virtual interview stage will be prompted to submit online the names and email addresses of three references who will be contacted by the system with instructions for how to submit a letter of reference.
 For full consideration, submit application materials no later than October 17, 2026. Applications received after the initial application deadline will be considered if needed. All required supplemental application materials mentioned above must be clearly identified and included with your application for full consideration. 
 Information on the degree programs in the Department of Biology may be found at https://www.wm.edu/as/biology/. Please contact Dr. Dan Cristol (dacris@wm.edu) with any questions regarding the position.
 Benefits
William & Mary offers our full-time employees a full array of benefits including retirement, health insurance with options for expanded dental and vision along with group and optional life insurance with coverage for spouse and children, flexible spending accounts, and an EAP (Employee Assistance Program). 
 Our employees enjoy additional university benefits such as educational assistance, professional development, wellness benefits, and a robust holiday schedule. Housing Relocation Resources are also available to help new employees transition successfully to the area. All employees have access to fitness facilities on campus, to the university libraries, and much more. To learn more, go to: https://www.wm.edu/offices/uhr/benefits/index.php?type=none 
 Conditions of Employment
This position may require additional hours beyond the typical work week, including occasional overnight and weekend work as needed to meet the business needs of the operation. 
 Applicant Notice: By applying for this position, you consent to William & Mary's use, review, and retention of your application materials for recruitment and employment purposes. Materials may be shared with authorized individuals participating in the hiring process and will be managed in accordance with applicable laws and university policies.
 EEO is the Law.  Applicants can learn more about William & Mary’s status as an equal opportunity employer by viewing the ""Know Your Rights"" poster published by the U.S. Equal Employment Opportunity Commission. https://www.eeoc.gov/know-your-rights-workplace-discrimination-illegal. William & Mary conducts background checks on applicants being considered for employment.","We are interested in individuals with research and teaching expertise in ecology with a specialization in biostatistics and/or quantitative biology. Applicants whose research is focused on any aspect of ecology will be considered as long as there is a strong quantitative aspect to their research and teaching interests. Duties include research, teaching, and service to the University",,"10/17/2026
Published:
09/18/2026
Starting Date:
after 8/10/2027
Hours per Week:
40 - 60
Salary:
Commensurate / Negotiable
Education Required:
Doctorate
Experience Required:
none
Location:
William & Mary, Integrated Science Center (Williamsburg, Virginia)
Tags:
Faculty / Post-Doc Appointments
Description
The Department of Biology at William & Mary, a public university of the Commonwealth of Virginia, seeks applications for a tenure track position at the Assistant Professor level in Ecology",True,0.95,Graduate,Unknown,0.0,[],False,,2026-09-20T08:53:55.086537+00:00,scrape_20260920_085322_f5d35acf,2.0
Ph.D. position in Aquatic Ecology – Ohio State University,The Ohio State University (State),"Columbus, Ohio","starting at $2,750 per month",after 8/16/2027,09/14/2026,Graduate Opportunities,https://jobs.rwfm.tamu.edu/view-job/?id=118769,"Ph.D. position in Aquatic Ecology – Ohio State University
The Ohio State University (State) | https://ael.osu.edu
Details
Posting:
https://eeob.osu.edu/grad/program-admissions
Application Deadline:
12/01/2026
Published:
09/14/2026
Starting Date:
after 8/16/2027
Hours per Week:
20
Salary:
starting at $2,750 per month
Education Required:
Bachelors
Experience Required:
none
Location:
Columbus, Ohio
Tags:
Graduate Opportunities
Description
Ph.D. position in Aquatic Ecology – Ohio State University
 Hood Lab, Aquatic Ecology Laboratory, Department of Evolution, Ecology, and Organismal Biology, The Ohio State University
 The Hood Lab is recruiting a Ph.D. student to conduct research on a U.S. Department of Agriculture funded project that focuses on phosphorus cycling in ditches and streams in agriculture-dominated landscapes. The graduate student would join an interdisciplinary team focused on understanding how tile drainage impacts water, sediment, and nutrient dynamics. The student’s research would focus on determining how tile drains influence in-channel phosphorus storage and transformations. The project involves fieldwork in Ohio and Michigan as well as the use of sensors and game cameras to characterize dissolved oxygen, temperature, stream-channel form, and hydrologic characteristics. 
 The ideal candidate would have a Masters degree and be highly motivated and honest, with strong quantitative skills, an interest in applied aquatic ecology, and a background in ecology, biogeochemistry, soils, geomorphology, and/or hydrology. I seek to maintain a productive, diverse, and team-orientated lab group. 
 The student would be supported by teaching and research assistantships. In EEOB, graduate assistantship includes a stipend of at least $2,750 per month, health benefits, and a tuition/fee waiver.
 If interested, please email Jim Hood (hood.211@osu.edu) a single PDF containing (1) a statement of interest, (2) a CV, and (3) contact information for three references. I will begin reviewing candidate applications immediately and ultimately invite selected applicants to apply to the department. The department's application deadline is 15 Nov 2026.
 Additional information about application procedures and requirements: https://eeob.osu.edu/grad/program-admissions
 More information about the Aquatic Ecology Lab: https://ael.osu.edu
Contact
Jim Hood
614-292-5383
hood.211@osu.edu (preferred contact method)","Ph.D. position in Aquatic Ecology – Ohio State University
 Hood Lab, Aquatic Ecology Laboratory, Department of Evolution, Ecology, and Organismal Biology, The Ohio State University
 The Hood Lab is recruiting a Ph.D. student to conduct research on a U.S. Department of Agriculture funded project that focuses on phosphorus cycling in ditches and streams in agriculture-dominated landscapes. The graduate student would join an interdisciplinary team focused on understanding how tile drainage impacts water, sediment, and nutrient dynamics. The student’s research would focus on determining how tile drains influence in-channel phosphorus storage and transformations. The project involves fieldwork in Ohio and Michigan as well as the use of sensors and game cameras to characterize dissolved oxygen, temperature, stream-channel form, and hydrologic characteristics. 
 The ideal candidate would have a Masters degree and be highly motivated and honest, with strong quantitative skills, an interest in applied aquatic ecology, and a background in ecology, biogeochemistry, soils, geomorphology, and/or hydrology. I seek to maintain a productive, diverse, and team-orientated lab group. 
 The student would be supported by teaching and research assistantships. In EEOB, graduate assistantship includes a stipend of at least $2,750 per month, health benefits, and a tuition/fee waiver.
 If interested, please email Jim Hood (hood.211@osu.edu) a single PDF containing (1) a statement of interest, (2) a CV, and (3) contact information for three references. I will begin reviewing candidate applications immediately and ultimately invite selected applicants to apply to the department. The department's application deadline is 15 Nov 2026.
 Additional information about application procedures and requirements: https://eeob.osu.edu/grad/program-admissions
 More information about the Aquatic Ecology Lab: https://ael.osu.edu",student to conduct research on a U. The student’s research would focus on determining how tile drains influence in-channel phosphorus storage and transformations. The student would be supported by teaching and research assistantships,,"12/01/2026
Published:
09/14/2026
Starting Date:
after 8/16/2027
Hours per Week:
20
Salary:
starting at $2,750 per month
Education Required:
Bachelors
Experience Required:
none
Location:
Columbus, Ohio
Tags:
Graduate Opportunities
Description
Ph",True,0.95,Graduate,Fisheries & Aquatic Science,0.15,"['aquatic', 'stream', 'aquatic ecology', 'hydrology']",True,Ohio State University,2026-09-20T08:53:55.156757+00:00,scrape_20260920_085322_f5d35acf,2.0
IGCB Postdoctoral Fellow,University of Michigan (Private),"Ann Arbor, Michigan",Commensurate / Negotiable,between 1/1/2027 and 6/30/2027,09/16/2026,Faculty / Post-Doc Appointments,https://jobs.rwfm.tamu.edu/view-job/?id=117673,"IGCB Postdoctoral Fellow
University of Michigan (Private) | https://seas.umich.edu/globalchangebiology
Details
Posting:
https://seas.umich.edu/globalchangebiology/postdoc-opportunities
Application Deadline:
09/30/2026
Published:
09/16/2026
Starting Date:
between 1/1/2027 and 6/30/2027
Hours per Week:
at least 1
Salary:
Commensurate / Negotiable
Education Required:
Doctorate
Experience Required:
none
Location:
Ann Arbor, Michigan
Tags:
Faculty / Post-Doc Appointments
Description
The Institute of Global Change Biology (IGCB) at the University of Michigan is seeking another round of exceptional applicants for the IGCB Michigan Postdoctoral Fellows Program. Successful applicants will have the opportunity and support to advance research in any aspect of global change biology.  They will also be able to participate in programs that include career mentoring, professional development, and academic networking opportunities. Applicants with interest across all areas of global change biology are invited to apply. For examples of previously funded projects, please see Research Fellows (past and present) on our website.

Faculty mentorship is a valued component of the IGCB Postdoctoral Fellows Program. The program requires regular collaboration and planning between Research Fellows and their mentors. We encourage applicants to contact at least two potential postdoc mentors at Michigan– we highly encourage co-mentoring. Preference will be given to applicants who bridge disciplines; co-mentoring across schools/departments is strongly encouraged. Co-funding of postdoc salaries (e.g. through grants to potential co-mentors or postdoc fellowships to candidates) is also encouraged but not expected. Potential mentors and their areas of interest are available on our website (see both the Steering Committee and Affiliated Faculty sections), although University of Michigan faculty mentors who are not yet affiliated with the IGCB will also be considered.

IGCB Michigan Postdoctoral Fellows are expected to be full participants in IGCB activities: including attending a weekly ‘Postdoc Plus’ group meeting and periodic IGCB seminars, workshops and training exercises; attending and/or presenting at annual IGCB Postdoc Plus, PhD student, and ‘all hands’ symposia; serving on the next IGCB Postdoc Fellows competition committee; providing timely updates for the IGCB website; and interacting in a variety of ways with other Fellows, and with IGCB Graduate Fellows  and Exchange Fellows.

The application deadline is September 30, 2026. Research in global change biology happens in many departments and units on campus, so Fellows could be jointly based in one of a number of departments and the IGCB. Successful applicants would be able to start their appointment as soon as feasible after a decision has been reached, but preferably not later than June 30, 2027 (although we can be flexible as needed). Most postdoc fellowships are expected to span two years; University protocols require a one-year initial appointment and subsequent evaluation. Postdocs of more than two years may be feasible when co-funding is available.

Applications must include: (1) A 1-page cover letter; (2) a CV; (3) names and contact information for three references; (4) a research statement. Research statements should include plans for proposed research and anticipated mentors at the University of Michigan (3 pages maximum, excluding references) and a short paragraph describing how the applicant’s research would fit in with and contribute to the IGCB Research Themes. Combine all parts of the application into a single PDF and upload the file in the application form here. Applicants should direct all three referees to upload their letters here.

Need additional information? See frequently asked questions and their responses here. Contact seas-igcb@umich.edu with any remaining inquiries.

U-M EEO/AA Statement

The University of Michigan is an equal opportunity/affirmative action employer.
Contact
Maureen Driscoll
seas-igcb@umich.edu (preferred contact method)","Hours per Week:
at least 1
Salary:
Commensurate / Negotiable
Education Required:
Doctorate
Experience Required:
none","Successful applicants will have the opportunity and support to advance research in any aspect of global change biology. For examples of previously funded projects, please see Research Fellows (past and present) on our website. The program requires regular collaboration and planning between Research Fellows and their mentors",,"09/30/2026
Published:
09/16/2026
Starting Date:
between 1/1/2027 and 6/30/2027
Hours per Week:
at least 1
Salary:
Commensurate / Negotiable
Education Required:
Doctorate
Experience Required:
none
Location:
Ann Arbor, Michigan
Tags:
Faculty / Post-Doc Appointments
Description
The Institute of Global Change Biology (IGCB) at the University of Michigan is seeking another round of exceptional applicants for the IGCB Michigan Postdoctoral Fellows Program",True,0.95,Graduate,Unknown,0.0,[],True,University of Michigan,2026-09-20T08:53:55.512795+00:00,scrape_20260920_085322_f5d35acf,2.0
"Tenure-Track, Assistant Professor of Biology",University of North Alabama (State),"Florence, Alabama",Commensurate / Negotiable,after 8/16/2027,09/15/2026,Faculty / Post-Doc Appointments,https://jobs.rwfm.tamu.edu/view-job/?id=118789,"Tenure-Track, Assistant Professor of Biology
University of North Alabama (State) | https://www.una.edu/
Details
Posting:
https://www.schooljobs.com/careers/una/jobs/5467325/tenure-track-assistant-professor-of-biology
Application Deadline:
10/19/2026
Published:
09/15/2026
Starting Date:
after 8/16/2027
Hours per Week:
at least 40
Salary:
Commensurate / Negotiable
Education Required:
Doctorate
Experience Required:
none
Location:
Florence, Alabama
Tags:
Faculty / Post-Doc Appointments
Description

The University of North Alabama is accepting applications for a tenure-track Assistant Professor position in the Department of Biology starting in August 2027. This position requires a PhD in biology or a closely related discipline, although ABD candidates will be considered provided degree conferral will occur before the appointment start date. The area of specialization for this position is open, but we are especially interested in candidates with backgrounds including but not limited to ornithology, entomology, mammalogy, herpetology, or mycology. For full consideration, complete application packets (cover letter, CV, statement of teaching philosophy, research statement, transcripts, and three references) must be received by October 19, 2026.  The position will remain open until filled. Sponsorship is not available for this position.

Essential Job Duties

The successful candidate will primarily teach majors and non-majors introductory biology lectures and laboratories, and upper-level coursework in their specialization.  Standard teaching load is 12 semester hours (fall and spring; summer teaching is possible but not required).  Preference may be given to candidates who can also teach human anatomy and physiology and/or clinical microbiology. Additional teaching responsibilities will be determined based on the candidate’s background. Scholarly activity including the development of an active research agenda and mentoring of undergraduate researchers, academic advising of biology majors, and other service to the department, college, and university will also be required for progress toward tenure and promotion.

Minimum Qualifications

This position requires an earned PhD in biology or a closely related discipline. Applications are also welcomed from candidates who are ABD, provided degree conferral will occur before the appointment start date. Previous experience teaching at the undergraduate level and mentoring undergraduate research students is highly preferred.

Special Instructions to Applicants

Applicants must submit a cover letter, CV, statement of teaching philosophy, research statement, unofficial transcripts, and contact information (including email addresses) for three professional/academic references at the time of application.  Preference will be given to those that submit complete application packets before October 19, 2026, although the position will remain open until filled.

Official transcripts for the highest degree attained will be required of the successful candidate, however unofficial copies are accepted for the application process.  If any of your graduate hours in the relevant teaching discipline are taken from a degree(s) that is not your highest attained, a transcript of that degree(s) must also be submitted. Electronic copies, if available, of unofficial transcripts may be attached under the attachment headings of Unofficial Transcript 1, Unofficial Transcript 2, etc. Electronic copies of unofficial/official transcripts may also be requested to be sent to employment@una.edu.  If electronic copies of transcripts are unavailable, hard copies must be sent to: Human Resources, One Harrison Plaza, UNA Box 5043, Florence, AL, 35632 or brought to 601 Cramer Way, Room 226. 

For questions, please email employment@una.edu or call 256-765-4291 and select option #2.  Selecting an option other than #2 will result in a delayed response.

UNA is an equal opportunity employer. We seek a wide range of applicants for our positions so that our core values will be affirmed.
Contact
Emily Kasl
ekasl@una.edu (preferred contact method)","Hours per Week:
at least 40
Salary:
Commensurate / Negotiable
Education Required:
Doctorate
Experience Required:
none","For full consideration, complete application packets (cover letter, CV, statement of teaching philosophy, research statement, transcripts, and three references) must be received by October 19, 2026. Scholarly activity including the development of an active research agenda and mentoring of undergraduate researchers, academic advising of biology majors, and other service to the department, college, and university will also be required for progress toward tenure and promotion. Previous experience teaching at the undergraduate level and mentoring undergraduate research students is highly preferred",,"10/19/2026
Published:
09/15/2026
Starting Date:
after 8/16/2027
Hours per Week:
at least 40
Salary:
Commensurate / Negotiable
Education Required:
Doctorate
Experience Required:
none
Location:
Florence, Alabama
Tags:
Faculty / Post-Doc Appointments
Description

The University of North Alabama is accepting applications for a tenure-track Assistant Professor position in the Department of Biology starting in August 2027",True,0.95,Graduate,Unknown,0.0,[],False,,2026-09-20T08:53:55.656290+00:00,scrape_20260920_085322_f5d35acf,2.0
Assistant Professor of Aquatic Biology,Georgia College and State University (State),"Georgia College and State University (Milledgeville, Georgia)","starting at $65,000 per year",after 8/1/2027,09/18/2026,Faculty / Post-Doc Appointments,https://jobs.rwfm.tamu.edu/view-job/?id=118882,"Assistant Professor of Aquatic Biology
Georgia College and State University (State)
Details
Posting:
https://careers.hprod.onehcm.usg.edu/psc/careers/CAREERS/HRMS/c/HRS_HRAM_FL.HRS_CG_SEARCH_FL.GBL?applicant_id=9F4C6912-A7FD-41A9-999F-C3601DBDF2F3&ad_id=528D0377-5821-4B8A-88E5-54DE3748FEBF&Page=HRS_APP_JBPST_FL&Action=U&FOCUS=Applicant&SiteId=36000&JobOpeningId=303391&PostingSeq=1&PortalActualURL=https%3a%2f%2fcareers.hprod.onehcm.usg.edu%2fpsc%2fcareers%2fCAREERS%2fHRMS%2fc%2fHRS_HRAM_FL.HRS_CG_SEARCH_FL.GBL%3fapplicant_id%3d9F4C6912-A7FD-41A9-999F-C3601DBDF2F3%26ad_id%3d528D0377-5821-4B8A-88E5-54DE3748FEBF%26Page%3dHRS_APP_JBPST_FL%26Action%3dU%26FOCUS%3dApplicant%26SiteId%3d36000%26JobOpeningId%3d303391%26PostingSeq%3d1&PortalRegistryName=CAREERS&PortalServletURI=https%3a%2f%2fcareers.hprod.onehcm.usg.edu%2fpsp%2fcareers%2f&PortalURI=https%3a%2f%2fcareers.hprod.onehcm.usg.edu%2fpsc%2fcareers%2f&PortalHostNode=APPLICANT&NoCrumbs=yes&PortalKeyStruct=yes
Application Deadline:
10/16/2026
Published:
09/18/2026
Starting Date:
after 8/1/2027
Hours per Week:
at least 40
Salary:
starting at $65,000 per year
Education Required:
Doctorate
Experience Required:
none
Location:
Georgia College and State University (Milledgeville, Georgia)
Tags:
Faculty / Post-Doc Appointments
Description
About Us

Georgia College & State University (GCSU) is the state's designated public liberal arts university, where students learn the essential skills to compete in a fast-paced and technology-driven global society. The university prepares students for successful careers, leadership in communities, problem solving and life-long learning through personalized attention in a residential setting with opportunities for a variety of transformational experiences through its award-winning, high-impact practices. One of only three selective universities within the University System of Georgia and a top 10 ranked public university in the Southeast, GCSU offers undergraduate degrees in more than 40 majors, more than 30 graduate programs, doctorates in education and nursing, professional certificates, and continuing education programs.


As a member of the prestigious Council of Public Liberal Arts Colleges (COPLAC), GCSU is committed to fostering a liberal arts environment that values academic preeminence, interdisciplinary inquiry and an inclusive learning community. GCSU enjoys a strong reputation for academic excellence and nationally ranked programs according to US News & World Report, The Princeton Review and Colleges of Distinction - among other ranking sources.


Georgia College & State University takes great pride in combining the educational experience of a private liberal arts college with the affordability of a public university. Faculty and staff are dedicated to student engagement and experiential learning through high-impact practices such as internships, service- and community-based learning, leadership development, study abroad opportunities, mentored undergraduate research and a capstone project that fosters intellectual curiosity, reasoned inquiry and critical thinking.


The university's beautiful and historic campus is located downtown in Milledgeville, Georgia, a charming, diverse college town of approximately 19,000 residents in Central Georgia, and only 90 miles southeast of Atlanta. Milledgeville is also the home of noted American author and alumna, Flannery O'Connor, '45, and the college community enjoys many exciting literary arts programs at O'Connor's former home, Andalusia, a National Historic Landmark owned by the university. Milledgeville is located on the banks of beautiful Lake Sinclair and Lake Oconee, allowing faculty, staff and students to take full advantage of the environmental and recreational benefits of being part of a lake community. For cultural, educational and leisure opportunities beyond Milledgeville - Macon and Atlanta are located within easy driving distances.


Georgia College & State University is dedicated to protecting academic freedom in addition to supporting freedom of expression as outlined in the University System of Georgia's Freedom of Expression and Academic Freedom<https://www.usg.edu/policymanual/section6/C2653> policy and its Ethics Code of Conduct<https://www.usg.edu/policymanual/section8/C224/#p8.2.18_personnel_conduct>. For more information, visit us online at gcsu.edu.
 

Department Information

The Department of Biological and Environmental Sciences at Georgia College & State University offers undergraduate majors in Biology and Environmental Science, with concentrations available in Marine Sciences and Biomedical Sciences. The department also offers an M.S. program in Biology with both thesis and non-thesis options. Our 29 full-time faculty members support approximately 395 undergraduate Biology majors, 112 Environmental Science majors, and 26 graduate students. To learn more about our programs, faculty, and student opportunities, please visit http://www.gcsu.edu/biology/

Job Summary

The Department of Biological and Environmental Sciences at Georgia College & State University invites applications for a tenure-track position in aquatic biology (freshwater or marine) to begin August 2027. The candidate will contribute to both the core curriculum and upper-division courses in their area of specialization at the undergraduate and graduate levels. Teaching responsibilities will include Ichthyology and Aquatic Ecology, along with the opportunity to develop additional upper-division courses in aquatic biology (e.g. fisheries biology, freshwater biology, or courses in the marine sciences). We are particularly interested in candidates whose expertise in aquatic biology - demonstrated through their publication record - complements rather than overlaps existing faculty strengths. The position also includes mentoring students through research and other scholarly or creative activities.


 

Responsibilities

Faculty - Teaching/Instructing -


Teaching Responsibilities

Full-time instructional load teaching in areas of expertise within the academic discipline
Regular course meetings and instruction
Mentoring Students
Other teaching responsibilities

All Georgia College faculty share the responsibility of teaching our core curriculum and providing foundational courses for majors and non-majors alike. Faculty also contribute to the Georgia College core curriculum by teaching topical freshman (GC1Y) or sophomore seminar (GC2Y) courses.


 


Faculty - Service to Institution


All faculty are expected to support the advancement of the department, college and university mission by providing service to the institution. Service may be at the department, college, university, community and/or disciplinary level. Duties include service on college-level and university-level committees, advising students regarding career options, and support of department-level outreach activities.


Service to the Institution

Committee memberships and offices
Programs directed and advised
Participation in special programs or projects
Other service in the institution

 


Faculty - Professional Development-


Faculty are expected to conduct research and develop within the profession. 


Academic Achievement/Professional Development

Publications (editing, citations)
Presentations at professional meetings
Publication; peer reviewed scholarship
Current work in circulation or in progress
Grants received or applied for
Membership and participation in professional organizations
Other professional service of development activities

 Required Qualifications

Educational Requirements

Ph.D. in Biology, Aquatic Biology, or a closely related field (ABD candidates with degree completion by August 1, 2027, will be included).
Must meet SACSCOC accreditation requirements stated in C.S.3.7.1 (www.saccsoc.org (faculty credentials)) to teach ichthyology and related aquatic biology classes.

 


Required Experience

Candidates with expertise in aquatic (freshwater or marine) biology as demonstrated by publication record.
Ability to work collegially and effectively with university students, faculty, staff and the surrounding community.

 


 

Preferred Qualifications
At least two years of experience teaching undergraduate courses with at least one year as instructor of record
Ability to teach courses in support of our marine sciences concentration with an emphasis on areas such as ichthyology, aquatic biology, or other freshwater or marine sciences that broaden departmental offerings
Record of and commitment to engaging undergraduates and graduate students in research
Record of methodological innovation and creative teaching strategies, particularly those that deliver authentic research experiences to students in the classroom

 


 

Proposed Salary

The proposed salary is $65,000.

Required Documents to Attach
Cover Letter
CV
Teaching Philosophy
Research Statement
Unofficial Transcripts
List of References

 

Knowledge, Skills, & Abilities

ABILITIES

Build positive student relationships and provide mentorship
Engage in continuous professional development
Manage multiple courses and administrative responsibilities
Solve problems and make data-driven decisions
Collaborate with colleagues and participate in service
Demonstrate leadership and take initiative
Adapt to changing institutional needs
Maintain accurate records and meet deadlines

KNOWLEDGE

Subject matter expertise and current disciplinary trends
Curriculum design and program outcome alignment
Assessment methods and student learning measurement
Accreditation standards (SACSCOC and discipline-specific)
Academic policies, procedures, and ethics
Adult learning principles and adaptive learning styles

Educational technology and learning management systems


 


SKILLS


Teaching: 

Course design and delivery
Learning activity development and facilitation
Technology integration and LMS proficiency 

Instructional adaptation 


 


Assessment: 

Valid assessment instrument development
Constructive feedback provision 

Data analysis for instructional improvement 


 


Communication:

Clear verbal and written communication 
Professional presentation abilities 
Active listening and collaboration 
 
Technology: 

Discipline-relevant software proficiency 
Multimedia and presentation tools 
Basic troubleshooting capabilities
 USG Core Values

The University System of Georgia is comprised of our 26 institutions of higher education and learning as well as the System Office. Our USG Statement of Core Values are Integrity, Excellence, Accountability, and Respect. These values serve as the foundation for all that we do as an organization, and each USG community member is responsible for demonstrating and upholding these standards. More details on the USG Statement of Core Values and Code of Conduct are available in USG Board Policy 8.2.18.1.2 and can be found on-line at https://www.usg.edu/policymanual/section8/C224/#p8.2.18_personnel_conduct.


Additionally, USG supports Freedom of Expression as stated in Board Policy 6.5 Freedom of Expression and Academic Freedom found on-line at https://www.usg.edu/policymanual/section6/C2653.

Equal Employment Opportunity

Georgia College & State University (GCSU) is committed to the fundamental principle of equal opportunity and equal treatment for every prospective and current employee. No person shall, on the grounds of race, color, sex (including pregnancy, sexual orientation, and gender identity), religion, national origin, age, disability, veteran status, or genetic information, be excluded from employment or participation in, be denied the benefits of, or otherwise be subjected to discrimination, under any program or activity conducted by GCSU.


Georgia College & State University is a national award-winning institution in areas of student success and achievement. It strives to achieve excellence in the composition of its community, educational programs, university policies, research and scholarship, campus life, employment practices, extracurricular activities, and community outreach. It is a priority of the university to be a welcoming and inclusive environment so that its campus culture will enhance the ability of its community members to succeed in their endeavors, to be respected as individuals, and to feel a sense of belonging.

Background Check
Criminal Background Check
Education Verification
Contact
Dominic L DeSantis
4784455846
dominic.desantis@gcsu.edu (preferred contact method)","Hours per Week:
at least 40
Salary:
starting at $65,000 per year
Education Required:
Doctorate
Experience Required:
none","Faculty and staff are dedicated to student engagement and experiential learning through high-impact practices such as internships, service- and community-based learning, leadership development, study abroad opportunities, mentored undergraduate research and a capstone project that fosters intellectual curiosity, reasoned inquiry and critical thinking. The position also includes mentoring students through research and other scholarly or creative activities. Service to the Institution

Committee memberships and offices
Programs directed and advised
Participation in special programs or projects
Other service in the institution

 


Faculty - Professional Development-


Faculty are expected to conduct research and develop within the profession",,"10/16/2026
Published:
09/18/2026
Starting Date:
after 8/1/2027
Hours per Week:
at least 40
Salary:
starting at $65,000 per year
Education Required:
Doctorate
Experience Required:
none
Location:
Georgia College and State University (Milledgeville, Georgia)
Tags:
Faculty / Post-Doc Appointments
Description
About Us

Georgia College & State University (GCSU) is the state's designated public liberal arts university, where students learn the essential skills to compete in a fast-paced and technology-driven global society",True,0.95,Graduate,Fisheries & Aquatic Science,0.27,"['fish', 'fisheries', 'aquatic', 'marine', 'freshwater']",False,,2026-09-20T08:53:55.726995+00:00,scrape_20260920_085322_f5d35acf,2.0
EPA Development of Computational Approaches for Predicting Thyroid Systems Disruption in Aquatic Species,Oak Ridge Associated Universities (ORAU) (Private),"Duluth, Minnesota",Commensurate / Negotiable,after 11/1/2026,09/14/2026,Undergraduate Opportunities,https://jobs.rwfm.tamu.edu/view-job/?id=118782,"EPA Development of Computational Approaches for Predicting Thyroid Systems Disruption in Aquatic Species
Oak Ridge Associated Universities (ORAU) (Private) | https://orise.orau.gov/index.html
Details
Posting:
https://www.zintellect.com/Opportunity/Details/EPA-OCSPP-2026-0008
Application Deadline:
10/09/2026
Published:
09/14/2026
Starting Date:
after 11/1/2026
Hours per Week:
at least 40
Salary:
Commensurate / Negotiable
Education Required:
Bachelors
Experience Required:
none
Location:
Duluth, Minnesota
Tags:
Undergraduate Opportunities
Description
*Applications may be reviewed on a rolling-basis and this posting could close before the deadline. 

EPA Office/Lab and Location: A research opportunity is currently available at the Environmental Protection Agency (EPA), Great Lakes Coastal Environmental Science Laboratory, located in Duluth, Minnesota.

The mission of EPA is to protect human health and the environment. EPA works to ensure that: Americans have clean air, land and water; national efforts to reduce environmental risks are based on the best available scientific information; federal laws protecting human health and the environment are administered and enforced fairly, effectively and as Congress intended; Environmental stewardship is integral to U.S. policies concerning natural resources, human health, economic growth, energy, transportation, agriculture, industry, and international trade, and these factors are similarly considered in establishing environmental policy; All parts of society have access to accurate information sufficient to effectively participate in managing human health and environmental risks; Contaminated lands and toxic sites are cleaned up; and chemicals in the marketplace are reviewed for safety.

Research Project: The US EPA is mandated to address the endocrine disrupting potential of thousands of chemicals. For the majority of these chemicals there is a lack of information regarding whether they have the potential to cause adverse effects from impacts on thyroid hormone status. Understanding the important targets within the network of processes involved in maintaining normal functioning thyroid hormone levels, and what approaches to best assess activity at those targets are critical to developing a comprehensive approach to evaluating thyroid hormone disrupting potential of large numbers of chemicals.  

Recently, a number of thyroid-related in vitro high-throughput screening (HTS) assays have been developed to broaden assay coverage for molecular targets potentially leading to thyroid disruption and were implemented to screen US EPA’s ToxCast Phase 1, 2 and E1K chemical libraries. This battery of thyroid-related in vitro HTS assays can be employed to rapidly assess potential interference with these targets. However, this screening approach leaves uncertainties regarding the meaning of in vitro activity data as it relates to in vivo adverse outcomes. Part of this research effort aims to develop a translational process that integrates relevant information, models, and data streams to provide richer context to interpret in vitro results related to thyroid disruption. As part of the translational  process, this fellowship will focus on the development of a bio-assay to quantitative monitor thyroid hormone synthesis as a complimentary assay to existing in vitro thyroid-related assays. Assay development will be followed by the analysis of canonical and suspected thyroid disrupting chemicals to understand whether, or how, in vitro activity of chemicals translates to in vivo outcomes. Additionally, this research will employ existing computational tools such as the octanol-water partition coefficient (logKow) and quantitative structure-activity relationships (QSAR) models to provide deeper interpretation of in vitro data and further prioritize chemicals most likely to impact thyroid function in aquatic systems. The translational principles employed will have much broader applicability across ToxCast HTS assays and aquatic vertebrates. 

With guidance from the mentor, you may be involved in any or all of the following training activities:

Learn how innovative in vitro to in vivo extrapolation and reverse toxicokinetic approaches are used to translate effect concentrations measured in laboratory assays to equivalent blood, tissue, or environmental media concentrations.
Help with designing workflows and applying data analysis pipelines that support automated and standardized analysis of large scientific data sets.
Gain experience contributing to the development and implementation of data archiving and storage systems for research data management.
Learn how statistical and performance-based measures are applied to assess assay and data quality through quality assurance and quality control practices.
Process and analyze large, high-content data sets using established and emerging computational analysis pipelines under mentor guidance.
Compile and synthesize scientific information from peer-reviewed literature and online data sources to support interpretation of test results within the Adverse Outcome Pathway (AOP) framework.
Apply statistical analysis approaches such as hypothesis testing, regression methods, multivariate statistics, and concordance analyses to support research objectives.
Develop familiarity with computational and quantitative methods used in toxicology, exposure science, and data-intensive research environments.
Build scientific communication skills through preparation and presentation of research findings at regional, national, and international conferences or workshops.
Contribute to the preparation of peer-reviewed publications and dissemination materials for research partners, collaborators, and stakeholders.
Gain professional development experience in interdisciplinary research, data analysis, scientific collaboration, and communication of complex scientific findings to diverse audiences.
Learning Objectives: You will learn how to collaborate effectively within a transdisciplinary research team while gaining experience in project planning, scientific communication, research implementation, and data analysis activities. Through collaboration with researchers and staff, you will develop an understanding of how multidisciplinary scientific projects are designed, managed, and executed. You will also have opportunities to learn from and interact with internationally recognized scientific leaders within EPA and across external research organizations and institutions.

You will build knowledge of laboratory, analytical, and computational techniques that are broadly applicable across life sciences research fields. Through hands-on participation and mentorship, you will learn how to operate and use a variety of scientific instruments and equipment and gain familiarity with laboratory and research workflows. You will also learn approaches for evaluating data quality, troubleshooting research results, and applying statistical methods for scientific data analysis, interpretation, and communication. Opportunities may be available to contribute to original research efforts and support the development of scientific publications and related research products.

Mentor(s): The mentor for this opportunity is Sigmund Degitz (degitz.sigmund@epa.gov). If you have questions about the nature of the research, please contact the mentor.

Anticipated Appointment Start Date: Fall 2026. All start dates are flexible and vary depending on numerous factors.

Appointment Length: The appointment will initially be for one year and may be renewed three to four additional years upon EPA recommendation and subject to availability of funding.

Level of Participation: The appointment is full time.

Participant Stipend: The participant will receive a monthly stipend commensurate with educational level and experience. 

Citizenship Requirements: This opportunity is available to U.S. citizens and Lawful Permanent Residents (LPR) only.

EPA Security Clearance: Completion of a successful background investigation by the Office of Personnel Management (OPM) is required for an applicant to be on-boarded at EPA.

ORISE Information: This program, administered by ORAU through its contract with the U.S. Department of Energy (DOE) to manage the Oak Ridge Institute for Science and Education (ORISE), was established through an interagency agreement between DOE and EPA. Participants do not become employees of EPA, DOE or the program administrator, and there are no employment-related benefits. Proof of health insurance is required for participation in this program. Health insurance can be obtained through ORISE.

ORISE offers all ORISE EPA graduate students and Postdocs a free 5-year membership to the National Postdoctoral Association (NPA).

The successful applicant(s) will be required to comply with Environmental, Safety and Health (ES&H) requirements of the hosting facility.

Questions: Please see the FAQ section of our website. If you have additional questions about the application process, please email ORISE.EPA.OCSPP@orau.org and include the reference code for this opportunity.

Qualifications
The qualified candidate should have received a master's or bachelor's degree in one of the relevant fields (Computational Biology, Computational Toxicology, Mathematics, Biostatistics, Computer Science). Degree must have been received within the past five years.

Candidates with a bachelors may be considered if they can demonstrate strong experience. 

Preferred skills:

Computational skills (e.g., programming, R-based statistics)
Experience designing workflows and applying data analysis pipelines for automated and standardized analysis of large data sets.
Experience developing and implementing a data archiving and storage system.
Experience identifying statistical and performance-based measures of assay and data quality and implementing quality assurance and quality control.
Experience processing and analyzing large, high content, data sets using both existing and novel computational pipelines.
Experience conducting statistical analyses including the use of hypothesis testing, regression-based approaches, multi-variate statistics, concordance analyses, etc. 
 

Stipend
$50,460.00 – $61,722.00 Yearly
Point of Contact
Rachel
Eligibility Requirements
Citizenship: LPR or U.S. Citizen
Degree: Bachelor's Degree or Master's Degree received within the last 60 month(s).
Contact
EPA-OCSPP-2026-0008
contact via the web posting is preferred (see Details section)",Citizenship Requirements: This opportunity is available to U.S. citizens and Lawful Permanent Residents (LPR) only.,"EPA Office/Lab and Location: A research opportunity is currently available at the Environmental Protection Agency (EPA), Great Lakes Coastal Environmental Science Laboratory, located in Duluth, Minnesota. Research Project: The US EPA is mandated to address the endocrine disrupting potential of thousands of chemicals. Part of this research effort aims to develop a translational process that integrates relevant information, models, and data streams to provide richer context to interpret in vitro results related to thyroid disruption",,"10/09/2026
Published:
09/14/2026
Starting Date:
after 11/1/2026
Hours per Week:
at least 40
Salary:
Commensurate / Negotiable
Education Required:
Bachelors
Experience Required:
none
Location:
Duluth, Minnesota
Tags:
Undergraduate Opportunities
Description
*Applications may be reviewed on a rolling-basis and this posting could close before the deadline",True,0.95,Graduate,Natural Resource Management,0.216,"['natural resources', 'agriculture', 'environmental policy', 'stakeholder', 'interpretation']",False,,2026-09-20T08:53:56.136756+00:00,scrape_20260920_085322_f5d35acf,2.0
EPA Quantitative Bioassay Development for Aquatic Vertebrates,Oak Ridge Associated Universities (ORAU) (Private),"Duluth, Minnesota",Commensurate / Negotiable,after 11/1/2026,09/14/2026,"Graduate Opportunities, Undergraduate Opportunities",https://jobs.rwfm.tamu.edu/view-job/?id=118784,"EPA Quantitative Bioassay Development for Aquatic Vertebrates
Oak Ridge Associated Universities (ORAU) (Private) | https://orise.orau.gov/index.html
Details
Posting:
https://www.zintellect.com/Opportunity/Details/EPA-OCSPP-2026-0009
Application Deadline:
11/09/2026
Published:
09/14/2026
Starting Date:
after 11/1/2026
Hours per Week:
at least 40
Salary:
Commensurate / Negotiable
Education Required:
Bachelors
Experience Required:
none
Location:
Duluth, Minnesota
Tags:
Graduate Opportunities
Undergraduate Opportunities
Description
 *Applications may be reviewed on a rolling-basis and this posting could close before the deadline. 

EPA Office/Lab and Location: A research opportunity is currently available at the Environmental Protection Agency (EPA), Great Lakes Coastal Environmental Science Laboratory, located in Duluth, Minnesota.

The mission of EPA is to protect human health and the environment. EPA works to ensure that: Americans have clean air, land and water; national efforts to reduce environmental risks are based on the best available scientific information; federal laws protecting human health and the environment are administered and enforced fairly, effectively and as Congress intended; Environmental stewardship is integral to U.S. policies concerning natural resources, human health, economic growth, energy, transportation, agriculture, industry, and international trade, and these factors are similarly considered in establishing environmental policy; All parts of society have access to accurate information sufficient to effectively participate in managing human health and environmental risks; Contaminated lands and toxic sites are cleaned up; and chemicals in the marketplace are reviewed for safety.

Research Project: The US EPA is mandated to address the endocrine disrupting potential of thousands of chemicals. For the majority of these chemicals there is a lack of information regarding whether they have the potential to cause adverse effects from impacts on thyroid hormone status. Understanding the important targets within the network of processes involved in maintaining normal functioning thyroid hormone levels, and what approaches to best assess activity at those targets are important to developing a comprehensive approach to evaluating thyroid hormone disrupting potential of large numbers of chemicals.  

Recently, a number of thyroid-related in vitro high-throughput screening (HTS) assays have been developed to broaden assay coverage for molecular targets potentially leading to thyroid disruption and were implemented to screen US EPA’s ToxCast Phase 1, 2 and E1K chemical libraries. This battery of thyroid-related in vitro HTS assays can be employed to rapidly assess potential interference with these targets. However, this screening approach leaves uncertainties regarding the meaning of in vitro activity data as it relates to in vivo adverse outcomes. Part of this research effort aims to develop a translational process that integrates relevant information, models, and data streams to provide richer context to interpret in vitro results related to thyroid disruption. As part of the translational  process, this position will focus on the development of a bio-assay to quantitative monitor thyroid hormone synthesis as a complimentary assay to existing in vitro thyroid-related assays. Assay development will be followed by the analysis of canonical and suspected thyroid disrupting chemicals to understand whether, or how, in vitro activity of chemicals translates to in vivo outcomes. Additionally, this research will employ existing computational tools such as the octanol-water partition coefficient (logKow) and quantitative structure-activity relationships (QSAR) models to provide deeper interpretation of in vitro data and further prioritize chemicals most likely to impact thyroid function in aquatic systems. The translational principles employed will have much broader applicability across ToxCast HTS assays and aquatic vertebrates. 

With guidance from the mentor, you may be involved in any or all of the following training activities:

Learn how analytical methods are developed and applied to quantify biomolecules, such as thyroid hormones and proteins, in biological tissues collected from aquatic organisms using liquid chromatography-mass spectrometry techniques.
Gain experience exploring alternative high-throughput detection strategies for measuring biomolecules in biological tissues.
Develop knowledge of data quality assurance and quality control practices used in laboratory and computational research settings.
Learn how chemoinformatic and quantitative structure–activity relationship (QSAR) approaches are used to examine relationships between chemical structure and biological effects.
Process and analyze large, high-content data sets using established and emerging computational analysis pipelines.
Build skills in analyzing experimental data and preparing tables, figures, visual summaries, and other materials used to communicate scientific findings.
Apply statistical analysis approaches such as hypothesis testing, regression methods, multivariate statistics, and concordance analyses to support interpretation of research results.
Strengthen scientific communication skills through opportunities to present research findings at scientific meetings and contribute to written reports and peer-reviewed journal articles.
Learning Objectives: You will learn how to collaborate effectively within a transdisciplinary research team while gaining experience in project planning, scientific communication, research implementation, and data analysis activities. Through collaboration with researchers and staff, you will develop an understanding of how multidisciplinary scientific projects are designed, managed, and executed. You will also have opportunities to learn from and interact with internationally recognized scientific leaders within EPA and across external research organizations and institutions.

You will build knowledge of laboratory, analytical, and computational techniques that are broadly applicable across life sciences research fields. Through hands-on participation and mentorship, you will learn how to operate and use a variety of scientific instruments and equipment and gain familiarity with laboratory and research workflows. You will also learn approaches for evaluating data quality, troubleshooting research results, and applying statistical methods for scientific data analysis, interpretation, and communication. Opportunities may be available to contribute to original research efforts and support the development of scientific publications and related research products.

Mentor(s): The mentor for this opportunity is Heather Brown (brown.heather@epa.gov). If you have questions about the nature of the research, please contact the mentor.

Anticipated Appointment Start Date: Fall 2026. All start dates are flexible and vary depending on numerous factors.

Appointment Length: The appointment will initially be for one year and may be renewed three to four additional years upon EPA recommendation and subject to availability of funding.

Level of Participation: The appointment is full time.

Participant Stipend: The participant will receive a monthly stipend commensurate with educational level and experience.

Citizenship Requirements: This opportunity is available to U.S. citizens and Lawful Permanent Residents (LPR) only.

EPA Security Clearance: Completion of a successful background investigation by the Office of Personnel Management (OPM) is required for an applicant to be on-boarded at EPA.

ORISE Information: This program, administered by ORAU through its contract with the U.S. Department of Energy (DOE) to manage the Oak Ridge Institute for Science and Education (ORISE), was established through an interagency agreement between DOE and EPA. Participants do not become employees of EPA, DOE or the program administrator, and there are no employment-related benefits. Proof of health insurance is required for participation in this program. Health insurance can be obtained through ORISE.

ORISE offers all ORISE EPA graduate students and Postdocs a free 5-year membership to the National Postdoctoral Association (NPA).

The successful applicant(s) will be required to comply with Environmental, Safety and Health (ES&H) requirements of the hosting facility.

Questions: Please see the FAQ section of our website. If you have additional questions about the application process, please email ORISE.EPA.OCSPP@orau.org and include the reference code for this opportunity.

Qualifications
The qualified candidate should have received or be currently pursuing a master's or bachelor's degree in one of the relevant fields (chemistry with a focus in a sub-discipline such as analytical chemistry, biochemistry, environmental chemistry, etc).

Candidates with a bachelors in chemistry or biochemistry may be considered if they can demonstrate strong mathematical and computational skills. 

Preferred skills:

Familiarity and/or experience with analytical instrumentation, particularly LC-MS/MS.
Previous experience with statistical data analysis (e.g. R-based statistics) 
Experience conducting in vitro and in vivo bioassays.
Coursework in statistics, chemoinformatics, quantitative chemistry, and/or instrumental analysis, basic coursework in biology.
Previous research experience, beyond lab-oriented coursework alone.
Familiarity with literature search tools and strategies
Previous experience with science communication to a diversity of technical and non-technical audiences.
Previous experience writing peer reviewed journal articles.
Previous experience working with aquatic organisms such as fish or amphibians.
Stipend
$50,460.00 – $61,722.00 Yearly
Point of Contact
Rachel
Eligibility Requirements
Citizenship: LPR or U.S. Citizen
Degree: Bachelor's Degree or Master's Degree received within the last 60 months or currently pursuing.

  Contact
EPA-OCSPP-2026-0009
contact via the web posting is preferred (see Details section)",Citizenship Requirements: This opportunity is available to U.S. citizens and Lawful Permanent Residents (LPR) only.,"EPA Office/Lab and Location: A research opportunity is currently available at the Environmental Protection Agency (EPA), Great Lakes Coastal Environmental Science Laboratory, located in Duluth, Minnesota. Research Project: The US EPA is mandated to address the endocrine disrupting potential of thousands of chemicals. Part of this research effort aims to develop a translational process that integrates relevant information, models, and data streams to provide richer context to interpret in vitro results related to thyroid disruption",,"11/09/2026
Published:
09/14/2026
Starting Date:
after 11/1/2026
Hours per Week:
at least 40
Salary:
Commensurate / Negotiable
Education Required:
Bachelors
Experience Required:
none
Location:
Duluth, Minnesota
Tags:
Graduate Opportunities
Undergraduate Opportunities
Description
 *Applications may be reviewed on a rolling-basis and this posting could close before the deadline",True,0.95,Graduate,Unknown,0.0,[],False,,2026-09-20T08:53:56.215157+00:00,scrape_20260920_085322_f5d35acf,2.0
MS position - Marshall U - Palmquist Lab - Vegetation dynamics and plant community change in coastal ecosystems,Marshall University (State),"Marshall University (Huntington, West Virginia)","up to $24,000 per year",between 1/4/2027 and 5/3/2027,09/14/2026,Graduate Opportunities,https://jobs.rwfm.tamu.edu/view-job/?id=118761,"MS position - Marshall U - Palmquist Lab - Vegetation dynamics and plant community change in coastal ecosystems
Marshall University (State) | http://www.kylepalmquist.org
Details
Application Deadline:
10/19/2026
Published:
09/14/2026
Starting Date:
between 1/4/2027 and 5/3/2027
Hours per Week:
at most 40
Salary:
up to $24,000 per year
Education Required:
Bachelors
Experience Required:
at least 1 year
Location:
Marshall University (Huntington, West Virginia)
Tags:
Graduate Opportunities
Description
The Palmquist Lab at Marshall University is recruiting for a funded MS position at Marshall
University in vegetation dynamics and plant community change in coastal ecosystems. Our
research focuses on quantifying vegetation dynamics over space and time and identifying how
the relative importance of ecological processes structuring plant communities changes with
spatial and temporal scale. In addition, a key goal of our research is to understand how pattern
and process in plant communities will be altered in the face of global environmental change. An
important motivation for our work is to address ecological questions at large spatial scales to
inform landscape conservation. We collect field data, use existing large observational data sets,
and implement simulation modeling to address these goals in temperate shrublands, wetlands,
woodlands, and forests. Additional information about the lab can be found at
http://www.kylepalmquist.org/.

RESEARCH FOCUS: The successful candidate will explore plant community patterns and
short-term vegetation change and dynamics in coastal ecosystems on Marine Corps Recruit
Depot Parris Island (MCRDPI), a sea-island in South Carolina. Coastal vegetation provides
important ecosystem services, including storm protection, erosion control, and habitat for
wildlife. These complex, highly zoned plant communities are structured by multiple
environmental factors including salinity, elevation, soil texture, soil moisture, exposure, and light
availability. The project will leverage an existing network of 57 permanent vegetation plots
located throughout the island that were installed and sampled in 2022. The successful candidate
will re-sample these plots in summer 2027 to evaluate plant community change. In addition,
there is a rich plant community data set from 2022 that has yet to be fully explored. Finally, the
student will be able to leverage and potentially improve existing vegetation maps of the island
that were created from an integration of remotely sensed products and field validation points.

REQUIRED QUALIFICATIONS: A background and relevant course work in plant ecology,
knowledge and experience with the vegetation of the southeastern US, strong communication
skills, and strong quantitative skills. Experience with plant community analysis and an interest in
questions that evaluate plant community patterns over space and time.

EXPECTATIONS: The successful candidate will be expected to conduct high-quality research,
serve as a teaching assistant within the Department of Biological Sciences, present their research
to the scientific community at regional and national meetings, and publish in peer-reviewed
scientific journals.

TIMELINE: The preferred start date is January 2027. The student must start no later than May
2027.

FUNDING: Funding will be provided by teaching assistantships for two years, along with
supplemental pay to conduct research during the academic year and summer. The 12-month pay
for this position is $24,000 and a full tuition waiver will be provided. The student is responsible
for covering University fees and health insurance.

HOW TO APPLY: Interested students should apply by submitting the following to Dr. Kyle
Palmquist (palmquist@marshall.edu): 1) short statement of research interests and career goals
(no longer than 1 page), 2) CV, 3) unofficial transcripts, and 4) contact information for threeprofessional references. Please include: “MS position – coastal vegetation” and your name in the email subject.

DEADLINE TO APPLY: No later than October 16, 2026.

Review of applications will begin immediately and continue until a candidate is selected. I will
contact you to discuss your research interests and goals for graduate school if I determine you
would be a good fit for the lab. If selected, a full application must be submitted to the
Department of Biological Sciences at Marshall University, Huntington, WV. Faculty in the
Department of Biological Sciences have expertise in a variety of biological fields, including but
not limited to ecology, evolution, herpetology, and physiology. More information about the
Department and its programs can be found here: https://www.marshall.edu/biology/. Application
requirements for admission to the DBS graduate program can be found here:
https://www.marshall.edu/biology/admission/.

Marshall University is located in Huntington, an affordable college town located on the Ohio
River in the beautiful state of West Virginia. The town is small enough to get around on foot and
bike, but large enough to support a variety of restaurants and other cultural activities. Huntington
and the surrounding area offer ample recreational opportunities (hiking, skiing, rafting), along
with proximity to larger cities, including Louisville, KY, Cincinnati, OH, and Columbus, OH. In
the Palmquist Lab, we highly value and encourage work-life balance.

I strongly encourage students from diverse backgrounds and experiences to apply. Feel free to
contact me with questions at any time.
Contact
Kyle Palmquist
palmquist@marshall.edu (preferred contact method)","The Palmquist Lab at Marshall University is recruiting for a funded MS position at Marshall
University in vegetation dynamics and plant community change in coastal ecosystems. Our
research focuses on quantifying vegetation dynamics over space and time and identifying how
the relative importance of ecological processes structuring plant communities changes with
spatial and temporal scale. In addition, a key goal of our research is to understand how pattern
and process in plant communities will be altered in the face of global environmental change. An
important motivation for our work is to address ecological questions at large spatial scales to
inform landscape conservation. We collect field data, use existing large observational data sets,
and implement simulation modeling to address these goals in temperate shrublands, wetlands,
woodlands, and forests. Additional information about the lab can be found at
http://www.kylepalmquist.org/.

RESEARCH FOCUS: The successful candidate will explore plant community patterns and
short-term vegetation change and dynamics in coastal ecosystems on Marine Corps Recruit
Depot Parris Island (MCRDPI), a sea-island in South Carolina. Coastal vegetation provides
important ecosystem services, including storm protection, erosion control, and habitat for
wildlife. These complex, highly zoned plant communities are structured by multiple
environmental factors including salinity, elevation, soil texture, soil moisture, exposure, and light
availability. The project will leverage an existing network of 57 permanent vegetation plots
located throughout the island that were installed and sampled in 2022. The successful candidate
will re-sample these plots in summer 2027 to evaluate plant community change. In addition,
there is a rich plant community data set from 2022 that has yet to be fully explored. Finally, the
student will be able to leverage and potentially improve existing vegetation maps of the island
that were created from an integration of remotely sensed products and field validation points.

REQUIRED QUALIFICATIONS: A background and relevant course work in plant ecology,
knowledge and experience with the vegetation of the southeastern US, strong communication
skills, and strong quantitative skills. Experience with plant community analysis and an interest in
questions that evaluate plant community patterns over space and time.

EXPECTATIONS: The successful candidate will be expected to conduct high-quality research,
serve as a teaching assistant within the Department of Biological Sciences, present their research
to the scientific community at regional and national meetings, and publish in peer-reviewed
scientific journals.

TIMELINE: The preferred start date is January 2027. The student must start no later than May
2027.

FUNDING: Funding will be provided by teaching assistantships for two years, along with
supplemental pay to conduct research during the academic year and summer. The 12-month pay
for this position is $24,000 and a full tuition waiver will be provided. The student is responsible
for covering University fees and health insurance.

HOW TO APPLY: Interested students should apply by submitting the following to Dr. Kyle
Palmquist (palmquist@marshall.edu): 1) short statement of research interests and career goals
(no longer than 1 page), 2) CV, 3) unofficial transcripts, and 4) contact information for threeprofessional references. Please include: “MS position – coastal vegetation” and your name in the email subject.

DEADLINE TO APPLY: No later than October 16, 2026.

Review of applications will begin immediately and continue until a candidate is selected. I will
contact you to discuss your research interests and goals for graduate school if I determine you
would be a good fit for the lab. If selected, a full application must be submitted to the
Department of Biological Sciences at Marshall University, Huntington, WV. Faculty in the
Department of Biological Sciences have expertise in a variety of biological fields, including but
not limited to ecology, evolution, herpetology, and physiology. More information about the
Department and its programs can be found here: https://www.marshall.edu/biology/. Application
requirements for admission to the DBS graduate program can be found here:
https://www.marshall.edu/biology/admission/.

Marshall University is located in Huntington, an affordable college town located on the Ohio
River in the beautiful state of West Virginia. The town is small enough to get around on foot and
bike, but large enough to support a variety of restaurants and other cultural activities. Huntington
and the surrounding area offer ample recreational opportunities (hiking, skiing, rafting), along
with proximity to larger cities, including Louisville, KY, Cincinnati, OH, and Columbus, OH. In
the Palmquist Lab, we highly value and encourage work-life balance.

I strongly encourage students from diverse backgrounds and experiences to apply. Feel free to
contact me with questions at any time.","Our
research focuses on quantifying vegetation dynamics over space and time and identifying how
the relative importance of ecological processes structuring plant communities changes with
spatial and temporal scale. In addition, a key goal of our research is to understand how pattern
and process in plant communities will be altered in the face of global environmental change. RESEARCH FOCUS: The successful candidate will explore plant community patterns and
short-term vegetation change and dynamics in coastal ecosystems on Marine Corps Recruit
Depot Parris Island (MCRDPI), a sea-island in South Carolina",,"10/19/2026
Published:
09/14/2026
Starting Date:
between 1/4/2027 and 5/3/2027
Hours per Week:
at most 40
Salary:
up to $24,000 per year
Education Required:
Bachelors
Experience Required:
at least 1 year
Location:
Marshall University (Huntington, West Virginia)
Tags:
Graduate Opportunities
Description
The Palmquist Lab at Marshall University is recruiting for a funded MS position at Marshall
University in vegetation dynamics and plant community change in coastal ecosystems",True,0.95,Graduate,Unknown,0.0,[],False,,2026-09-20T08:53:56.427322+00:00,scrape_20260920_085322_f5d35acf,2.0
Stengl-Wyer Postdoctoral Scholars in Biodiversity Sciences - UT Austin,The University of Texas at Austin (State),"2415 Speedway (Austin, Texas)","$70,000 per year",between 8/1/2027 and 9/30/2027,09/15/2026,Faculty / Post-Doc Appointments,https://jobs.rwfm.tamu.edu/view-job/?id=118821,"Stengl-Wyer Postdoctoral Scholars in Biodiversity Sciences - UT Austin
The University of Texas at Austin (State) | https://www.utexas.edu/
Details
Posting:
https://biodiversity.utexas.edu/about-center/endowments-biodiversity/stengl-wyer-endowment/stengl-wyer-scholars-program
Application Deadline:
12/07/2026
Published:
09/15/2026
Starting Date:
between 8/1/2027 and 9/30/2027
Hours per Week:
40
Salary:
$70,000 per year
Education Required:
Doctorate
Experience Required:
none
Location:
2415 Speedway (Austin, Texas)
Tags:
Faculty / Post-Doc Appointments
Description
Recent Ph.D.s are cordially invited to apply for distinguished postdoctoral positions in the biodiversity sciences at The University of Texas at Austin (UT), one of the top campuses in the country for this research. 

The Stengl-Wyer Scholars Program provides up to three years of support for talented postdoctoral researchers in the broad area of the biodiversity sciences. Scholars may study any group of organisms at any scale, from genes to populations to ecosystems, and may use any combination of approaches. Applications that advance research within the Texas Field Station Network or UT Biodiversity Collections are highly encouraged given the Stengl-Wyer Endowment’s mission to support biological field stations and collections. 

Scholars will:
- conduct cutting-edge research over three years with the goal of developing an independent research program 
- have access to outstanding core research facilities at UT, including field stations, natural history collections, high-performance computing, analytical and biomedical core facilities 
- reside locally and have a regular workspace and presence on the UT campus
- primarily focus on research; but in at least one of the three years, scholars will develop educational or community engagement activities (examples include, but are not limited to, teaching undergraduate/graduate workshops or modules, leading summer internship programs, creating K-12 engagement activities, leading outreach at UT field stations)
- engage with other members of the Stengl-Wyer Program Cohort and the larger community through peer mentoring and collaboration
- receive career mentorship and participate in professional development activities such as workshops and annual retreats
Contact
Seth Conway
swe@austin.utexas.edu (preferred contact method)","Hours per Week:
40
Salary:
$70,000 per year
Education Required:
Doctorate
Experience Required:
none","s are cordially invited to apply for distinguished postdoctoral positions in the biodiversity sciences at The University of Texas at Austin (UT), one of the top campuses in the country for this research. The Stengl-Wyer Scholars Program provides up to three years of support for talented postdoctoral researchers in the broad area of the biodiversity sciences. Applications that advance research within the Texas Field Station Network or UT Biodiversity Collections are highly encouraged given the Stengl-Wyer Endowment’s mission to support biological field stations and collections",,"12/07/2026
Published:
09/15/2026
Starting Date:
between 8/1/2027 and 9/30/2027
Hours per Week:
40
Salary:
$70,000 per year
Education Required:
Doctorate
Experience Required:
none
Location:
2415 Speedway (Austin, Texas)
Tags:
Faculty / Post-Doc Appointments
Description
Recent Ph",True,0.95,Graduate,Unknown,0.0,[],False,,2026-09-20T08:53:56.645263+00:00,scrape_20260920_085322_f5d35acf,2.0
fulltime Research Associate: development of methods for genetic estimation of wildlife population sizes,University of Goettingen (State),"Büsgenweg 3 (Göttingen, Germany)",Commensurate / Negotiable,between 11/1/2026 and 2/15/2027,09/15/2026,Faculty / Post-Doc Appointments,https://jobs.rwfm.tamu.edu/view-job/?id=118726,"fulltime Research Associate: development of methods for genetic estimation of wildlife population sizes
University of Goettingen (State)
Details
Posting:
https://www.uni-goettingen.de/de/644546.html?details=3373
Application Deadline:
09/30/2026
Published:
09/15/2026
Starting Date:
between 11/1/2026 and 2/15/2027
Ending Date:
6/30/2029
Hours per Week:
39 - 40
Salary:
Commensurate / Negotiable
Education Required:
Masters
Experience Required:
none
Location:
Büsgenweg 3 (Göttingen, Germany)
Tags:
Faculty / Post-Doc Appointments
Description
In the Department of Wildlife Sciences at the Faculty of Forestry Sciences and Forest Ecology, Georg-August-University Göttingen, the position of

Research Associate (f/m/d) 

is available as soon as possible within a third-party funded project focused on the further development of methods for genetic estimation of wildlife population sizes. The position is full-time (100% of regular weekly working hours, currently 39.8 hours per week). The position is initially limited until 30 June 2029, with the intention of extending it for a full three years. Remuneration is according to salary group 13 TV-L (this is the typical salary group for postdocs in Germany - it is enough money to live well). 
 

Position Description
In recent years, several methods for estimating wildlife population sizes based on the genetic identification of kinship relationships have been developed. These include, among others, Close-Kin Mark-Recapture (CKMR; see Sévêque et al. 2025, https://doi.org/10.1111/2041-210X.14490) and approaches involving the reconstruction of pedigrees (see Rosenblatt et al. 2023,  https://doi.org/10.1002/ece3.10650). The successful candidate will further develop existing methods and adapt them for application to wild species commonly found in Germany that are subject to hunting. The initial focus will be on red deer (Cervus elaphus) and other ungulates, for which genetic samples can be collected via hunting. 

In addition to methodological development, you will use simulations to test the applicability of the method(s) under realistic conditions, and implemented the most promising approaches in R. 

There is also the opportunity to collaborate with researchers in the USA to test the methodology on a solitary carnivore species.

 Your Profile
We are seeking a highly motivated, productive, and independent individual with strong quantitative skills, particularly in statistical modeling. You possess…

-  a completed master's or diploma degree in a scientific field in Statistics, Modeling, Ecology, Genetics, Biology, or a closely related field  
- experience in statistical model development and coding  
- experience with simulation models  
- basic knowledge of population ecology  
- basic knowledge of population genetics  
- solid programming skills in R  
- excellent spoken and written English skills  
- experience in scientific writing, demonstrated by (co-)authorship of peer-reviewed articles in scientific journals  
- strong interest in wildlife ecology  

Advantageous are: a PhD in a relevant field, experience in statistical estimation of wildlife abundance—particularly using genetic methods—experience in determining kinship relationships using genetic markers, and knowledge of, or interest in, hunting-related topics.

Place of work is Göttingen. 

We offer flexible working conditions with significant potential for personal development.  

The University of Göttingen aims to increase the proportion of women in areas where they are underrepresented and therefore strongly encourages qualified women to apply. The university considers itself family-friendly and promotes the compatibility of academic work and family life. The university is particularly committed to the professional integration of disabled employees and welcomes applications from disabled persons. In cases of equal qualifications, applications from disabled persons will be given preference. Disability or equivalent status should be indicated in the application to safeguard your interests.


Please submit your clear, English-language application (including CV, cover letter, and copies of key certificates or employment references) as a single, continuous PDF document by 30.09.2026 to Agnieszka Melzer (wildlife@gwdg.de ). In your cover letter, please emphasize your relevant statistical expertise and, if applicable, your experience in abundance estimation.

For any questions about the position, please contact Niko Balkenhol (nbalken@gwdg.de).

Note:

By submitting your application, you consent to the processing of your personal data by us in accordance with data protection regulations. For more information on the legal basis and data usage, please see: [Information Sheet on the General Data Protection Regulation (GDPR)](https://uni-goettingen.de/DSGVO)

Contact
Niko Balkenhol
nbalken@gwdg.de (preferred contact method)","In the Department of Wildlife Sciences at the Faculty of Forestry Sciences and Forest Ecology, Georg-August-University Göttingen, the position of

Research Associate (f/m/d) 

is available as soon as possible within a third-party funded project focused on the further development of methods for genetic estimation of wildlife population sizes. The position is full-time (100% of regular weekly working hours, currently 39.8 hours per week). The position is initially limited until 30 June 2029, with the intention of extending it for a full three years. Remuneration is according to salary group 13 TV-L (this is the typical salary group for postdocs in Germany - it is enough money to live well). 
 

Position Description
In recent years, several methods for estimating wildlife population sizes based on the genetic identification of kinship relationships have been developed. These include, among others, Close-Kin Mark-Recapture (CKMR; see Sévêque et al. 2025, https://doi.org/10.1111/2041-210X.14490) and approaches involving the reconstruction of pedigrees (see Rosenblatt et al. 2023,  https://doi.org/10.1002/ece3.10650). The successful candidate will further develop existing methods and adapt them for application to wild species commonly found in Germany that are subject to hunting. The initial focus will be on red deer (Cervus elaphus) and other ungulates, for which genetic samples can be collected via hunting. 

In addition to methodological development, you will use simulations to test the applicability of the method(s) under realistic conditions, and implemented the most promising approaches in R. 

There is also the opportunity to collaborate with researchers in the USA to test the methodology on a solitary carnivore species.

 Your Profile
We are seeking a highly motivated, productive, and independent individual with strong quantitative skills, particularly in statistical modeling. You possess…

-  a completed master's or diploma degree in a scientific field in Statistics, Modeling, Ecology, Genetics, Biology, or a closely related field  
- experience in statistical model development and coding  
- experience with simulation models  
- basic knowledge of population ecology  
- basic knowledge of population genetics  
- solid programming skills in R  
- excellent spoken and written English skills  
- experience in scientific writing, demonstrated by (co-)authorship of peer-reviewed articles in scientific journals  
- strong interest in wildlife ecology  

Advantageous are: a PhD in a relevant field, experience in statistical estimation of wildlife abundance—particularly using genetic methods—experience in determining kinship relationships using genetic markers, and knowledge of, or interest in, hunting-related topics.

Place of work is Göttingen. 

We offer flexible working conditions with significant potential for personal development.  

The University of Göttingen aims to increase the proportion of women in areas where they are underrepresented and therefore strongly encourages qualified women to apply. The university considers itself family-friendly and promotes the compatibility of academic work and family life. The university is particularly committed to the professional integration of disabled employees and welcomes applications from disabled persons. In cases of equal qualifications, applications from disabled persons will be given preference. Disability or equivalent status should be indicated in the application to safeguard your interests.


Please submit your clear, English-language application (including CV, cover letter, and copies of key certificates or employment references) as a single, continuous PDF document by 30.09.2026 to Agnieszka Melzer (wildlife@gwdg.de ). In your cover letter, please emphasize your relevant statistical expertise and, if applicable, your experience in abundance estimation.

For any questions about the position, please contact Niko Balkenhol (nbalken@gwdg.de).

Note:

By submitting your application, you consent to the processing of your personal data by us in accordance with data protection regulations. For more information on the legal basis and data usage, please see: [Information Sheet on the General Data Protection Regulation (GDPR)](https://uni-goettingen.de/DSGVO)","fulltime Research Associate: development of methods for genetic estimation of wildlife population sizes
University of Goettingen (State)
Details
Posting:
https://www. details=3373
Application Deadline:
09/30/2026
Published:
09/15/2026
Starting Date:
between 11/1/2026 and 2/15/2027
Ending Date:
6/30/2029
Hours per Week:
39 - 40
Salary:
Commensurate / Negotiable
Education Required:
Masters
Experience Required:
none
Location:
Büsgenweg 3 (Göttingen, Germany)
Tags:
Faculty / Post-Doc Appointments
Description
In the Department of Wildlife Sciences at the Faculty of Forestry Sciences and Forest Ecology, Georg-August-University Göttingen, the position of

Research Associate (f/m/d) 

is available as soon as possible within a third-party funded project focused on the further development of methods for genetic estimation of wildlife population sizes. There is also the opportunity to collaborate with researchers in the USA to test the methodology on a solitary carnivore species",,"09/30/2026
Published:
09/15/2026
Starting Date:
between 11/1/2026 and 2/15/2027
Ending Date:
6/30/2029
Hours per Week:
39 - 40
Salary:
Commensurate / Negotiable
Education Required:
Masters
Experience Required:
none
Location:
Büsgenweg 3 (Göttingen, Germany)
Tags:
Faculty / Post-Doc Appointments
Description
In the Department of Wildlife Sciences at the Faculty of Forestry Sciences and Forest Ecology, Georg-August-University Göttingen, the position of

Research Associate (f/m/d) 

is available as soon as possible within a third-party funded project focused on the further development of methods for genetic estimation of wildlife population sizes",True,0.95,Graduate,Wildlife & Natural Resources,0.222,"['wildlife', 'hunting', 'deer', 'ungulate', 'carnivore']",False,,2026-09-20T08:53:56.715777+00:00,scrape_20260920_085322_f5d35acf,2.0
