title,organization,location,salary,starting_date,published_date,tags,url,description,requirements,project_details,contact_info,application_deadline,is_graduate_position,grad_confidence,position_type,discipline,discipline_confidence,discipline_keywords,is_big10_university,university_name,scraped_at,scrape_run_id,scraper_version,first_seen,last_updated,discipline_primary,discipline_secondary,discipline_refinement_source,salary_annualized,cost_of_living_index,salary_lincoln_adjusted,salary_adjustment_source,is_us_mappable,location_state,location_country,geographic_region,position_id,job_id,salary_range,hours_per_week,education_required,experience_required,data_enhanced,enhanced_at,classification_backfilled_at,classification_backfill_source,salary_info,location_info
"Ph.D/MS Positions: Global change ecology, grassland ecology and ecological stoichiometry School of Grassland Science -Beijing Forestry University",Beijing Forestry University (Private),"QingHua Street, HaiDian District, Beijing Forestry University (Beijing, China)","$5,000 to $6,000 per year",after 9/1/2026,12/19/2025,Graduate Opportunities,https://jobs.rwfm.tamu.edu/view-job/?id=111528,"Ph.D/MS Positions: Global change ecology, grassland ecology and ecological stoichiometry School of Grassland Science -Beijing Forestry University
Beijing Forestry University (Private) | https://ic.bjfu.edu.cn/
Details
Posting:
https://www.researchgate.net/profile/Qiang-Yu
Application Deadline:
03/03/2026
Published:
12/19/2025
Starting Date:
after 9/1/2026
Ending Date:
before 7/31/2030
Hours per Week:
28 - 40
Salary:
$5,000 to $6,000 per year
Education Required:
Bachelors
Experience Required:
at least 2 years
Location:
QingHua Street, HaiDian District, Beijing Forestry University (Beijing, China)
Tags:
Graduate Opportunities
Description
Position Description

To address the pressing need to mitigate and prevent the adverse effects of global change, this PhD project investigates the impacts and underlying mechanisms of key global change factors—such as shifts in precipitation patterns and eutrophication—on grassland ecosystems. By examining how these factors influence ecosystem structure, function, and resilience through internationally coordinated distributed experiments across more than 100 sites, the project aims to provide deeper insights into the processes driving ecosystem responses to global change. Throughout the project, you will have the opportunity to collaborate with leading ecologists worldwide, engaging in data analysis and manuscript preparation. This international collaboration will enhance your research skills and expand your academic network. 

Key Responsibilities 
·        Conduct Experiments: Implement and manage the internationally coordinated distributed experiments at sites in China to investigate the impacts of global change factors, such as precipitation shifts and eutrophication, on grassland ecosystems.
·        Data Collection and Analysis: Gather, process, and analyze ecological data from field studies, assess ecosystem structure, function, and resilience.
·        Scientific Communication: Prepare and present research findings at national and international conferences, and author manuscripts for publication in peer-reviewed journals.
·        Mentorship: Provide guidance and support to junior researchers or students involved in the project, fostering a collaborative and productive research environment. 

Qualifications Required：
·        Educational Background: A Master's degree (or equivalent) in Ecology, Environmental Science, Biology, or a related field. Candidates with strong academic records are preferred.
·        Research Experience: Demonstrated experience in ecological fieldwork, data collection, and analysis, particularly in the context of global change studies. Previous experience with grassland ecosystems or related research is an asset.
·        Technical Skills: Proficiency in statistical analysis and data handling using software such as R, Python, or similar tools. Experience with ecological modeling or bioinformatics tools is a plus.
·        Fieldwork Skills: Willingness and ability to conduct fieldwork in challenging conditions, including remote and diverse environments. Previous fieldwork experience in ecological research is highly desirable.
·        Communication Skills: Strong written and verbal communication skills in English. Ability to prepare scientific reports, present research findings, and write manuscripts for publication in peer-reviewed journals.
·        Teamwork and Collaboration: Strong interpersonal skills and the ability to work collaboratively in an international, interdisciplinary team. A positive attitude toward mentorship and supporting junior researchers is essential.

Ph.D. Assistantship:  
·        The position provides full financial support, including a competitive stipend, coverage of tuition fees, and funding for research-related activities such as fieldwork, conference participation, and publication costs.
·        As a Ph.D. student, you will gain hands-on experience in internationally coordinated distributed experiments, working with a global network of researchers and receiving mentorship from world-renowned ecologists in the field.
·        The assistantship also includes opportunities for professional development, including training in scientific writing and academic presentations.
·        The assistantship is for a duration of four years, during which you will be enrolled in the Ph.D. program. 

Preferred Qualifications 
·        Academic Background: A strong academic record with a Master’s degree (or equivalent) in Ecology, Environmental Science, Biology, or a related field.
·        Research Experience: Prior experience in ecological research, particularly in grassland ecosystems, global change studies, or related environmental topics.
·        Technical Skills: Familiarity with ecological modeling, statistical analysis, and data processing using software such as R, Python, or similar tools. Experience with remote sensing data or GIS is a plus.
·        Fieldwork Expertise: Experience in conducting fieldwork, especially in remote or challenging environments, and an understanding of ecological sampling techniques.
·        Writing Logic and Structure: Strong ability to write clearly and logically, with a well-organized structure in research papers, reports, and academic articles.
·        Communication Skills: Demonstrated ability to communicate scientific findings effectively, both in writing (peer-reviewed publications) and orally (conference presentations, academic talks).
·        Collaboration and Teamwork: Ability to work well in a collaborative, interdisciplinary team, particularly in an international research context.
·        Problem-solving Ability: Strong critical thinking and problem-solving skills, with the ability to analyze complex ecological data and interpret results within the context of global change.
·        Language Proficiency: Proficiency in English, both written and spoken, is required. 

Stipend/Salary:  
(M.S.) 3000RMB /month stipend and other benefits includes full tuition waiver and medical insurance
 (Ph.D.) 3500RMB /month stipend and other benefits includes full tuition waiver and medical insurance

For application related questions: admission@bjfu.edu.cn 
Contact
Professor Yu
yuq@bjfu.edu.cn (preferred contact method)","Hours per Week:
28 - 40
Salary:
$5,000 to $6,000 per year
Education Required:
Bachelors
Experience Required:
at least 2 years","researchgate. This international collaboration will enhance your research skills and expand your academic network. ·        Scientific Communication: Prepare and present research findings at national and international conferences, and author manuscripts for publication in peer-reviewed journals",,"03/03/2026
Published:
12/19/2025
Starting Date:
after 9/1/2026
Ending Date:
before 7/31/2030
Hours per Week:
28 - 40
Salary:
$5,000 to $6,000 per year
Education Required:
Bachelors
Experience Required:
at least 2 years
Location:
QingHua Street, HaiDian District, Beijing Forestry University (Beijing, China)
Tags:
Graduate Opportunities
Description
Position Description

To address the pressing need to mitigate and prevent the adverse effects of global change, this PhD project investigates the impacts and underlying mechanisms of key global change factors—such as shifts in precipitation patterns and eutrophication—on grassland ecosystems",True,0.85,Masters Position,Forestry and Habitat,0.0,[],False,,2026-02-19T18:12:10.254949+00:00,scrape_20260219_181116_cb92cc01,2.0,2026-02-19T18:12:10.254949+00:00,2026-02-19T18:12:10.254949+00:00,Forestry and Habitat,,rule,5000.0,1.05,4761.9,analytics_backfill,False,,,,,,,,,,,,,,,
Doctoral Graduate Research Assistant Position,Pennsylvania State University (Federal),"University Park, Pennsylvania","starting at $2,551.50 per month",8/17/2026,12/18/2025,Graduate Opportunities,https://jobs.rwfm.tamu.edu/view-job/?id=111478,"Doctoral Graduate Research Assistant Position
Pennsylvania State University (Federal)
Details
Posting:
https://mooncake520.github.io/PhD-Student-Position-in-Environmental-Soil-Physics/
Application Deadline:
04/15/2026
Published:
12/18/2025
Starting Date:
8/17/2026
Ending Date:
5/15/2030
Hours per Week:
at least 20
Salary:
starting at $2,551.50 per month
Education Required:
Masters
Experience Required:
none
Location:
University Park, Pennsylvania
Tags:
Graduate Opportunities
Description
The Environmental Soil Physics Lab, led by Dr. Yingxue Yu, who will join the Department of Ecosystem Science and Management at The Pennsylvania State University as Assistant Professor in January 2026, is recruiting a Doctoral Graduate Research Assistant to begin in Fall 2026. The successful candidate will be housed in the Department of Ecosystem Science and Management and may enroll through the Soil Science Graduate Program or the Inter-college Graduate Degree Program in Ecology, based on research interests and professional goals. The lab focuses on understanding how physicochemical interactions and environmental factors shape contaminant behavior across terrestrial and aquatic environments.

Specific Research Areas:
Transport of emerging contaminants (e.g., micro- and nanoplastics, PFAS, engineered nanomaterials, and pathogens) in saturated and unsaturated porous media;
Aggregation, stability, and transformation of contaminants in soil and water systems;
Quantification of adsorption and interfacial interactions using QCM-D and related surface techniques;
Characterization of soil hydraulic properties, water flow processes, and indicators of soil health;
Uptake and interactions of contaminants with plants;
Evaluation of the environmental sustainability and degradation behavior of biodegradable plastics.
Students have the flexibility to pursue research topics within these areas through laboratory, field, and modeling approaches using computational tools such as HYDRUS and R. The lab fosters a collaborative and supportive environment that encourages creative, rigorous, and independent inquiry into the environmental behavior of contaminants.

Eligibility & Priority:
Master’s degree in Hydrology, Civil Engineering, Environmental Science, Environmental Engineering, Soil Science, or a closely related field at the time of appointment.
Priority will be given to applicants who have:
Engineering background with solid training in mathematics and physics;
Prior first-author, peer-reviewed publications in related research areas;
Research experience in computational modeling (e.g., HYDRUS, R, or similar) and/or field-based investigations.
Exceptional applicants holding a bachelor’s degree may be considered and offered a pathway consisting of a 2-year master’s program followed by a 3-year PhD program.
For details on English proficiency, minimum GPA, and other requirements, please refer to Penn State Graduate School (https://gradschool.psu.edu/).
Deadline: The position will remain open until filled. Review of applications will begin immediately, and applications submitted by January 3, 2026 will receive full consideration. Informal inquiries are welcome and may be directed to Dr. Yingxue Yu at yqy5525@psu.edu.

How to Apply
Prospective students are encouraged to email Dr. Yu (yqy5525@psu.edu) a single PDF file containing the following materials:
Cover letter describing qualifications, research experience, and future research goals, including how these align with the above-mentioned research areas (max. 3 pages);
Curriculum vitae;
Up to three representative publications (full text, if available);
Academic transcripts (unofficial Bachelor’s and Master’s transcripts are acceptable for initial review);
Names and contact information of three references;
TOEFL or IELTS (and GRE) test report (if available).
Note: Applications that do not follow these requiremnets will not be reviewed.



Contact
Yingxue Yu
yqy5525@psu.edu (preferred contact method)","Master’s degree in Hydrology, Civil Engineering, Environmental Science, Environmental Engineering, Soil Science, or a closely related field at the time of appointment.
Priority will be given to applicants who have:
Engineering background with solid training in mathematics and physics;
Prior first-author, peer-reviewed publications in related research areas;
Research experience in computational modeling (e.g., HYDRUS, R, or similar) and/or field-based investigations.
Exceptional applicants holding a bachelor’s degree may be considered and offered a pathway consisting of a 2-year master’s program followed by a 3-year PhD program.
For details on English proficiency, minimum GPA, and other requirements, please refer to Penn State Graduate School (https://gradschool.psu.edu/).","Doctoral Graduate Research Assistant Position
Pennsylvania State University (Federal)
Details
Posting:
https://mooncake520. Yingxue Yu, who will join the Department of Ecosystem Science and Management at The Pennsylvania State University as Assistant Professor in January 2026, is recruiting a Doctoral Graduate Research Assistant to begin in Fall 2026. The successful candidate will be housed in the Department of Ecosystem Science and Management and may enroll through the Soil Science Graduate Program or the Inter-college Graduate Degree Program in Ecology, based on research interests and professional goals",,"04/15/2026
Published:
12/18/2025
Starting Date:
8/17/2026
Ending Date:
5/15/2030
Hours per Week:
at least 20
Salary:
starting at $2,551",True,0.85,PhD Position,Environmental Sciences,0.159,"[""environmental science"", ""ecology"", ""sustainability""]",True,Pennsylvania State University,2026-02-19T18:11:47.642687+00:00,scrape_20260219_181116_cb92cc01,2.0,2026-02-19T18:11:47.642687+00:00,2026-02-19T18:11:47.642687+00:00,Environmental Sciences,Wildlife,rule,30618.0,1.0,30618.0,analytics_backfill,True,Pennsylvania,US,,,,,,,,,,,,,
Ph.D/MS Positions: Plant quarantine & Invasion biology School of Forestry -Beijing Forestry University,Beijing Forestry University (Private),"QingHua Street, HaiDian District, Beijing Forestry University (Beijing, China)","$5,000 to $6,000 per year",after 9/1/2026,12/15/2025,Graduate Opportunities,https://jobs.rwfm.tamu.edu/view-job/?id=111284,"Ph.D/MS Positions: Plant quarantine & Invasion biology School of Forestry -Beijing Forestry University
Beijing Forestry University (Private) | https://ic.bjfu.edu.cn/
Details
Posting:
http://lxy.bjfu.edu.cn/szdw/js/295905.html
Application Deadline:
03/03/2026
Published:
12/15/2025
Starting Date:
after 9/1/2026
Ending Date:
before 7/15/2030
Hours per Week:
28 - 40
Salary:
$5,000 to $6,000 per year
Education Required:
Bachelors
Experience Required:
at least 1 year
Location:
QingHua Street, HaiDian District, Beijing Forestry University (Beijing, China)
Tags:
Graduate Opportunities
Description
Position Description: 
Our research team is dedicated to studying major international quarantine pests and invasive forest species, achieving several innovative breakthroughs. We are recruiting one M.S. student/one Ph.D. student with interests in biological invasions and quarantine, biodiversity conservation, and forest pest monitoring to join us.
In our research on the spongy moth, we have used molecular markers and morphological studies to confirm, for the first time, the invasion of the European spongy moth in China. We also established a tracing system for spongy moths, advancing international pest tracking and tracing technologies. In the field of forestry invasive species, we identified the pine wood nematode’s northward spread across the Yangtze River, studied the distribution and spread of multiple invasive species, developed molecular diagnostic tools, proposed monitoring, and control strategies for European woodwasp, and effectively reduced infestation rates. In pest risk analysis, we were the first in China to build a quantitative pest risk analysis system supported by @risk software. We utilized climate models to predict potential suitable habitats for invasive species, thereby strengthening biosecurity management.
If you are eager to contribute meaningfully to national and international forest biosecurity, we welcome your application. The candidates may have the opportunity to develop additional research questions that align with the research goals, and the students will be supervised by Prof. Juan Shi.

Key Responsibilities 
·        Conduct fieldwork 
·        Data Management and Analysis
·        Paper writing and Publication and so on 

Qualifications Required：
M.S. Assistantship:  
·        B.S. in forestry, forest-protection, plant protection, entomology or related discipline 
·        A minimum grade point average (GPA) of 3.0 (on a 4.0 scale)  
·        Demonstrated experience with statistical software (e.g., Program R)
·        Excellent communication skills (written and verbal) 
·        Demonstrated research experience (data collection, analysis, writing) 
·        Ability to conduct fieldwork 
Ph.D. Assistantship:  
·        M.S. in forestry, forest-protection, plant protection, entomology, or related discipline 
·        A minimum grade point average (GPA) of 3.0 (on a 4.0 scale)  
·        Strong quantitative skills  
·        Demonstrated experience with statistical software (e.g., Program R) 
·        Excellent communication skills (written and verbal) 
·        Demonstrated research experience (data collection, analysis, writing) 
·        Ability to conduct fieldwork 

Preferred Qualifications 
·        Previous experience of the research 
·        Record of peer-reviewed publications and conference presentations
 

Stipend/Salary:  
(M.S.) 3000RMB /month stipend and other benefits includes full tuition waiver and medical insurance
 (Ph.D.) 3500RMB /month stipend and other benefits includes full tuition waiver and medical insurance

For application related questions: admission@bjfu.edu.cn 

Contact
Professor Shi
shi_juan@263.net (preferred contact method)","Hours per Week:
28 - 40
Salary:
$5,000 to $6,000 per year
Education Required:
Bachelors
Experience Required:
at least 1 year","html
Application Deadline:
03/03/2026
Published:
12/15/2025
Starting Date:
after 9/1/2026
Ending Date:
before 7/15/2030
Hours per Week:
28 - 40
Salary:
$5,000 to $6,000 per year
Education Required:
Bachelors
Experience Required:
at least 1 year
Location:
QingHua Street, HaiDian District, Beijing Forestry University (Beijing, China)
Tags:
Graduate Opportunities
Description
Position Description: 
Our research team is dedicated to studying major international quarantine pests and invasive forest species, achieving several innovative breakthroughs. In our research on the spongy moth, we have used molecular markers and morphological studies to confirm, for the first time, the invasion of the European spongy moth in China. The candidates may have the opportunity to develop additional research questions that align with the research goals, and the students will be supervised by Prof",,"03/03/2026
Published:
12/15/2025
Starting Date:
after 9/1/2026
Ending Date:
before 7/15/2030
Hours per Week:
28 - 40
Salary:
$5,000 to $6,000 per year
Education Required:
Bachelors
Experience Required:
at least 1 year
Location:
QingHua Street, HaiDian District, Beijing Forestry University (Beijing, China)
Tags:
Graduate Opportunities
Description
Position Description: 
Our research team is dedicated to studying major international quarantine pests and invasive forest species, achieving several innovative breakthroughs",True,0.85,Masters Position,Forestry and Habitat,0.198,"[""conservation"", ""invasive species"", ""biodiversity conservation""]",False,,2026-02-19T18:12:11.037688+00:00,scrape_20260219_181116_cb92cc01,2.0,2026-02-19T18:12:11.037688+00:00,2026-02-19T18:12:11.037688+00:00,Forestry and Habitat,Entomology,rule,5000.0,1.05,4761.9,analytics_backfill,False,,,,,,,,,,,,,,,
MS Positions: Plant and Microbial Comparative Genomics - School of Grassland Science - Beijing Forestry University,Beijing Forestry University (Private),"QingHua Street, HaiDian District ,Beijing Forestry University (Beijing, China)","$5,000 to $5,500 per year",after 9/1/2026,12/11/2025,Graduate Opportunities,https://jobs.rwfm.tamu.edu/view-job/?id=111150,"MS Positions: Plant and Microbial Comparative Genomics - School of Grassland Science - Beijing Forestry University
Beijing Forestry University (Private) | https://ic.bjfu.edu.cn/
Details
Posting:
https://cxy.bjfu.edu.cn/szdw/fjs/07b833e290124389ae2833a5b05673f4.html
Application Deadline:
03/03/2026
Published:
12/11/2025
Starting Date:
after 9/1/2026
Ending Date:
before 7/15/2029
Hours per Week:
28 - 40
Salary:
$5,000 to $5,500 per year
Education Required:
Bachelors
Experience Required:
none
Location:
QingHua Street, HaiDian District ,Beijing Forestry University (Beijing, China)
Tags:
Graduate Opportunities
Description
Position Description:
We are seeking 2 highly motivated Master's students to join our research team. Our group applies cutting-edge artificial intelligence, bioinformatics, and comparative genomics to decipher plant-microbe interactions. The research aims to develop innovative strategies for restoring degraded grassland ecosystems and promoting sustainable grassland management globally, with a focus on Asia. The lab is well-funded, providing a supportive and resource-rich environment for ambitious students.

Key Responsibilities
l  Conduct bioinformatics analyses of multi-omics data (genomics, metagenomics, etc.).
l  Manage, analyze, and integrate research data using statistical and computational tools.
l  Contribute to writing and publishing high-quality scientific papers.

Qualifications Required ：
M.S. Assistantship:  
l  A Bachelor's degree (B.S.) in Ecology, Agronomy, Bioinformatics, Plant Protection, Microbiology, or a related discipline (to be obtained before September 2025).
l  A minimum cumulative GPA of 3.0 on a 4.0 scale.
l  Excellent written and verbal communication skills (in English or Chinese).
l  Demonstrated interest in scientific research; prior experience in data analysis or scientific writing is a plus.

Preferred Qualifications 
l  Research experience in bioinformatics, genomics, or microbiome studies.
l  A record of peer-reviewed publications or conference presentations.
l  Strong programming skills (e.g., Python, R) or a solid background in statistics.

Stipend/Salary:  
(M.S.) 3000RMB /month stipend and other benefits include full tuition waiver and medical insurance

For application-related questions: admission@bjfu.edu.cn 
Contact
Professor Yunpeng Gai
gaiyunpeng@bjfu.edu.cn (preferred contact method)","Hours per Week:
28 - 40
Salary:
$5,000 to $5,500 per year
Education Required:
Bachelors
Experience Required:
none","html
Application Deadline:
03/03/2026
Published:
12/11/2025
Starting Date:
after 9/1/2026
Ending Date:
before 7/15/2029
Hours per Week:
28 - 40
Salary:
$5,000 to $5,500 per year
Education Required:
Bachelors
Experience Required:
none
Location:
QingHua Street, HaiDian District ,Beijing Forestry University (Beijing, China)
Tags:
Graduate Opportunities
Description
Position Description:
We are seeking 2 highly motivated Master's students to join our research team. The research aims to develop innovative strategies for restoring degraded grassland ecosystems and promoting sustainable grassland management globally, with a focus on Asia. l  Manage, analyze, and integrate research data using statistical and computational tools",,"03/03/2026
Published:
12/11/2025
Starting Date:
after 9/1/2026
Ending Date:
before 7/15/2029
Hours per Week:
28 - 40
Salary:
$5,000 to $5,500 per year
Education Required:
Bachelors
Experience Required:
none
Location:
QingHua Street, HaiDian District ,Beijing Forestry University (Beijing, China)
Tags:
Graduate Opportunities
Description
Position Description:
We are seeking 2 highly motivated Master's students to join our research team",True,0.85,Masters Position,Forestry and Habitat,0.0,[],False,,2026-02-19T18:12:18.717884+00:00,scrape_20260219_181116_cb92cc01,2.0,2026-02-19T18:12:18.717884+00:00,2026-02-19T18:12:18.717884+00:00,Forestry and Habitat,Environmental Sciences,secondary_ml,5000.0,1.05,4761.9,analytics_backfill,False,,,,,,,,,,,,,,,
Master in Environmental Management Degree,Western Colorado University (State),remote work allowed,none,after 8/24/2026,12/10/2025,Graduate Opportunities,https://jobs.rwfm.tamu.edu/view-job/?id=111121,"Master in Environmental Management Degree
Western Colorado University (State) | https://western.edu/school/school-environment-sustainability/
Details
Posting:
https://western.edu/department/school-environment-sustainability/
Application Deadline:
03/01/2026
Published:
12/10/2025
Starting Date:
after 8/24/2026
Hours per Week:
at least 20
Salary:
none
Education Required:
Bachelors
Experience Required:
none
Location:
remote work allowed
Tags:
Graduate Opportunities
Description
Come join a flexible Masters of Environmental Management program. Fellowship and assistantships available. 
Contact
Rebecca Anderson
mem@western.edu (preferred contact method)","Hours per Week:
at least 20
Salary:
none
Education Required:
Bachelors
Experience Required:
none",,,"03/01/2026
Published:
12/10/2025
Starting Date:
after 8/24/2026
Hours per Week:
at least 20
Salary:
none
Education Required:
Bachelors
Experience Required:
none
Location:
remote work allowed
Tags:
Graduate Opportunities
Description
Come join a flexible Masters of Environmental Management program",True,0.85,Graduate Position,Environmental Sciences,0.0,[],False,,2026-02-19T18:11:49.195879+00:00,scrape_20260219_181116_cb92cc01,2.0,2026-02-19T18:11:49.195879+00:00,2026-02-19T18:11:49.195879+00:00,Environmental Sciences,,rule,,,,,False,,,,,,,,,,,,,,,
PhD project - Snowshoe hare responses to dynamic landscapes,Trent University (State),"Trent University (Peterborough, Ontario, Canada)",Commensurate / Negotiable,between 4/30/2026 and 10/1/2026,12/01/2025,Graduate Opportunities,https://jobs.rwfm.tamu.edu/view-job/?id=110562,"PhD project - Snowshoe hare responses to dynamic landscapes
Trent University (State) | http://dennismurray.ca
Details
Posting:
https://www.dennismurray.ca
Application Deadline:
06/30/2026
Published:
12/01/2025
Starting Date:
between 4/30/2026 and 10/1/2026
Ending Date:
between 9/1/2031 and 9/2/2031
Hours per Week:
40
Salary:
Commensurate / Negotiable
Education Required:
Masters
Experience Required:
at least 2 years
Location:
Trent University (Peterborough, Ontario, Canada)
Tags:
Graduate Opportunities
Description
The Integrative Wildlife Conservation lab at Trent University is initiating new research on the movement, feeding, and spatial dynamics of snowshoe hares at Kluane Lake, Yukon, Canada. Hares have been studied for >40 years on-site, and this new work will investigate the role of food and vegetative structure on hare behavioural repertoires in the context of their 10-year population cycles. Hares live on a fine edge between risk of predation/starvation vs. sustainable nutrition, setting the stage for critical behavioural tradeoffs though space and time. Using archived as well as new GPS telemetry and accelerometry data, combined with assays of structural cover and food availability/quality from remote sensing, the project will address some of the following questions: 1) Whether hares adjust movements and feeding behaviours in response to variation in food and cover, and 2) If hare responses are fine-tuned according to cyclic population dynamics and corresponding variation in predation risk and conspecific density. It is uncertain how hares survive on low-quality woody browse and limited shrub cover during winter, setting the stage for using hyperspectral imaging and LiDAR to help develop: 3) Maps of hare nutritional/structural cover landscapes through space and time, and 4) Relating hare behaviours to these complex, variable environments. Additional remote sensing using ground penetrating radar (GPR) can further support these efforts by: 5) Addressing the role of local snow conditions (depth, hardness) on food/cover availability, and corresponding hare responses through the winter season. Data resulting from such research could support dynamic models exploring how hares respond to environmental variation under climate change. The PhD student will have the opportunity to develop specific research questions within the scope of the larger project.

The successful applicant MUST have an MSc in Ecology, Conservation Biology, or related field, demonstrated evidence of peer-reviewed publications, strong field and quantitative skills, and an interest in working collaboratively within a large and diverse research group. Additional desirable skills include animal handling, Remote sensing and post-processing, GPS telemetry, application of animal movement models and spatial analysis, and working in remote field conditions, including during winter.  For additional details, see www.dennismurray.ca. 

To apply, send a cover letter, curriculum vitae, unofficial academic transcript, and contact information for 3 references to: Dennis Murray (dennismurray@trentu.ca). 

The position will be filled as soon as a suitable candidate is found. 
Contact
Dennis Murray
705-748-1011
dennismurray@trentu.ca (preferred contact method)","Hours per Week:
40
Salary:
Commensurate / Negotiable
Education Required:
Masters
Experience Required:
at least 2 years","ca
Application Deadline:
06/30/2026
Published:
12/01/2025
Starting Date:
between 4/30/2026 and 10/1/2026
Ending Date:
between 9/1/2031 and 9/2/2031
Hours per Week:
40
Salary:
Commensurate / Negotiable
Education Required:
Masters
Experience Required:
at least 2 years
Location:
Trent University (Peterborough, Ontario, Canada)
Tags:
Graduate Opportunities
Description
The Integrative Wildlife Conservation lab at Trent University is initiating new research on the movement, feeding, and spatial dynamics of snowshoe hares at Kluane Lake, Yukon, Canada. Data resulting from such research could support dynamic models exploring how hares respond to environmental variation under climate change. The PhD student will have the opportunity to develop specific research questions within the scope of the larger project",,"06/30/2026
Published:
12/01/2025
Starting Date:
between 4/30/2026 and 10/1/2026
Ending Date:
between 9/1/2031 and 9/2/2031
Hours per Week:
40
Salary:
Commensurate / Negotiable
Education Required:
Masters
Experience Required:
at least 2 years
Location:
Trent University (Peterborough, Ontario, Canada)
Tags:
Graduate Opportunities
Description
The Integrative Wildlife Conservation lab at Trent University is initiating new research on the movement, feeding, and spatial dynamics of snowshoe hares at Kluane Lake, Yukon, Canada",True,0.75,PhD Position,Environmental Sciences,0.222,"[""wildlife"", ""wildlife conservation"", ""population dynamics"", ""telemetry"", ""conservation biology""]",False,,2026-02-19T18:11:49.242747+00:00,scrape_20260219_181116_cb92cc01,2.0,2026-02-19T18:11:49.242747+00:00,2026-02-19T18:11:49.242747+00:00,Environmental Sciences,Wildlife,rule,,,,,False,,,,,,,,,,,,,,,
PhD project - Assessing boreal forest dynamics under climate change,Trent University (State),"Trent University (Peterborough, Ontario, Canada)",Commensurate / Negotiable,between 5/1/2026 and 10/1/2026,12/01/2025,Graduate Opportunities,https://jobs.rwfm.tamu.edu/view-job/?id=110563,"PhD project - Assessing boreal forest dynamics under climate change
Trent University (State) | http://dennismurray.ca
Details
Posting:
https://www.dennismurray.ca
Application Deadline:
06/30/2026
Published:
12/01/2025
Starting Date:
between 5/1/2026 and 10/1/2026
Ending Date:
between 10/1/2031 and 10/2/2031
Hours per Week:
40
Salary:
Commensurate / Negotiable
Education Required:
Masters
Experience Required:
at least 2 years
Location:
Trent University (Peterborough, Ontario, Canada)
Tags:
Graduate Opportunities
Description
 The Integrative Wildlife Conservation lab at Trent University is offering a PhD position on the application of remote sensing tools for assessing the state of boreal forest structure and dynamics near Kluane Lake, Yukon, Canada. For decades our team studied vertebrates in the boreal forest ecosystem in the region, and we are now extending this  work to address pressing questions related to vegetation and snow dynamics in this rapidly-changing northern landscape. Using an unmanned aerial vehicle equipped with LiDAR, multispectral, and RGB sensors, and combined with archived satellite data for the region, the PhD student may investigate some of the following questions: 1) Patterns of forest productivity, regeneration, and phenology across space and time, and 2) Sources of forest structural heterogeneity and resilience to insect outbreaks or fire. A high priority is to understand how the boreal forest may be impacted by climate change, which can be accomplished by: 3) Combining and back-casting remote sensing products to predict past changes to forest structural cover and deciduous vegetation composition (shrubification). Likewise, we are interested in understanding how variable snow conditions may affect winter forest dynamics and ecology of terrestrial mammals by: 4) Using ground penetrating radar and LiDAR to identify the determinants of local snow conditions (hardness, density). Ultimately, these investigations can lead to: 5) Forecasts of future boreal forest and snow dynamics under IPCC climate change scenarios. The PhD student will have the opportunity to develop specific research questions within the scope of the larger project. 
 The successful applicant MUST have an MSc in Ecology, Geography, Remote Sensing, or a related field, demonstrated evidence of peer-reviewed publications, strong field and quantitative skills, some experience with GIS and related analysis, and an interest in working collaboratively within a large and diverse research group. Additional desirable skills include experience in drone operation, data post-processing, and working in remote field conditions. 
 To apply, send a cover letter, curriculum vitae, unofficial academic transcript, and contact information for 3 references to: Dennis Murray (dennismurray@trentu.ca). 
 For additional details, see www.dennismurray.ca. 
 The start date is May 2026-January 2027. The position will be filled as soon as a suitable candidate is found. 
Contact
Dennis Murray
705-748-1011
dennismurray@trentu.ca (preferred contact method)","Hours per Week:
40
Salary:
Commensurate / Negotiable
Education Required:
Masters
Experience Required:
at least 2 years","The PhD student will have the opportunity to develop specific research questions within the scope of the larger project. The successful applicant MUST have an MSc in Ecology, Geography, Remote Sensing, or a related field, demonstrated evidence of peer-reviewed publications, strong field and quantitative skills, some experience with GIS and related analysis, and an interest in working collaboratively within a large and diverse research group",,"06/30/2026
Published:
12/01/2025
Starting Date:
between 5/1/2026 and 10/1/2026
Ending Date:
between 10/1/2031 and 10/2/2031
Hours per Week:
40
Salary:
Commensurate / Negotiable
Education Required:
Masters
Experience Required:
at least 2 years
Location:
Trent University (Peterborough, Ontario, Canada)
Tags:
Graduate Opportunities
Description
 The Integrative Wildlife Conservation lab at Trent University is offering a PhD position on the application of remote sensing tools for assessing the state of boreal forest structure and dynamics near Kluane Lake, Yukon, Canada",True,0.75,PhD Position,Environmental Sciences,0.0,[],False,,2026-02-19T18:11:49.291624+00:00,scrape_20260219_181116_cb92cc01,2.0,2026-02-19T18:11:49.291624+00:00,2026-02-19T18:11:49.291624+00:00,Environmental Sciences,Forestry and Habitat,rule,,,,,False,,,,,,,,,,,,,,,
Graduate Research or Teaching Assistantships (Master's),Western Washington University (State),"516 High St (Bellingham, Washington)","up to $2,008 per month",after 9/15/2026,11/26/2025,Graduate Opportunities,https://jobs.rwfm.tamu.edu/view-job/?id=110754,"Graduate Research or Teaching Assistantships (Master's)
Western Washington University (State) | https://www.wwu.edu/
Details
Posting:
https://biology.wwu.edu/biology-graduate-program
Application Deadline:
03/01/2026
Published:
11/26/2025
Starting Date:
after 9/15/2026
Hours per Week:
at least 20
Salary:
up to $2,008 per month
Education Required:
Bachelors
Experience Required:
none
Location:
516 High St (Bellingham, Washington)
Tags:
Graduate Opportunities
Description
It is all within reach – mountains, rivers, lakes, open spaces, and a graduate degree in Biology.
 Over half of Western Washington University’s Biology graduate program faculty advisors are ready to accept and advise new master’s level students into their research groups for Fall 2026!
 February 1, 2026 is the application priority date for admission to the Biology graduate program that features a variety of research areas such as cell and molecular biology, ecology, evolution, marine biology, organismal biology, and animal behavior.
 We maintain a small enough cohort to allow students an opportunity to build community connections among the faculty, researchers, and other students. We also support many students with teaching assistantships that include a tuition waiver and stipend.
 For more information go to: https://biology.wwu.edu/biology-graduate-program
 

Contact
Shawn Arellano
biologygradprogram@wwu.edu (preferred contact method)","Hours per Week:
at least 20
Salary:
up to $2,008 per month
Education Required:
Bachelors
Experience Required:
none","Graduate Research or Teaching Assistantships (Master's)
Western Washington University (State) | https://www. Over half of Western Washington University’s Biology graduate program faculty advisors are ready to accept and advise new master’s level students into their research groups for Fall 2026. February 1, 2026 is the application priority date for admission to the Biology graduate program that features a variety of research areas such as cell and molecular biology, ecology, evolution, marine biology, organismal biology, and animal behavior",,"03/01/2026
Published:
11/26/2025
Starting Date:
after 9/15/2026
Hours per Week:
at least 20
Salary:
up to $2,008 per month
Education Required:
Bachelors
Experience Required:
none
Location:
516 High St (Bellingham, Washington)
Tags:
Graduate Opportunities
Description
It is all within reach – mountains, rivers, lakes, open spaces, and a graduate degree in Biology",True,1.0,Graduate Assistantship,Fisheries and Aquatic,0.0,[],True,University of Washington,2026-02-19T18:11:47.803658+00:00,scrape_20260219_181116_cb92cc01,2.0,2026-02-19T18:11:47.803658+00:00,2026-02-19T18:11:47.803658+00:00,Fisheries and Aquatic,Wildlife,rule,24096.0,1.2,20080.0,analytics_backfill,True,Washington,US,,,,,,,,,,,,,
"Ph.D/MS Positions: Global change ecology, grassland ecology and ecological stoichiometry School of Grassland Science -Beijing Forestry University",Beijing Forestry University (Private),"QingHua Street, HaiDian District ,Beijing Forestry University (Beijing, China)","$5,000 to $6,000 per year",after 9/1/2026,11/25/2025,Graduate Opportunities,https://jobs.rwfm.tamu.edu/view-job/?id=110706,"Ph.D/MS Positions: Global change ecology, grassland ecology and ecological stoichiometry School of Grassland Science -Beijing Forestry University
Beijing Forestry University (Private) | https://ic.bjfu.edu.cn/
Details
Posting:
http://cxy.bjfu.edu.cn/szdw/js/397875.html
Application Deadline:
03/03/2026
Published:
11/25/2025
Starting Date:
after 9/1/2026
Ending Date:
before 7/15/2030
Hours per Week:
28 - 40
Salary:
$5,000 to $6,000 per year
Education Required:
Bachelors
Experience Required:
at least 2 years
Location:
QingHua Street, HaiDian District ,Beijing Forestry University (Beijing, China)
Tags:
Graduate Opportunities
Description
Position Description

To address the pressing need to mitigate and prevent the adverse effects of global change, this PhD project investigates the impacts and underlying mechanisms of key global change factors—such as shifts in precipitation patterns and eutrophication—on grassland ecosystems. By examining how these factors influence ecosystem structure, function, and resilience through internationally coordinated distributed experiments across more than 100 sites, the project aims to provide deeper insights into the processes driving ecosystem responses to global change. Throughout the project, you will have the opportunity to collaborate with leading ecologists worldwide, engaging in data analysis and manuscript preparation. This international collaboration will enhance your research skills and expand your academic network.

Key Responsibilities 
·        Conduct Experiments: Implement and manage the internationally coordinated distributed experiments at sites in China to investigate the impacts of global change factors, such as precipitation shifts and eutrophication, on grassland ecosystems.
·        Data Collection and Analysis: Gather, process, and analyze ecological data from field studies, assess ecosystem structure, function, and resilience.
·        Scientific Communication: Prepare and present research findings at national and international conferences, and author manuscripts for publication in peer-reviewed journals.
·        Mentorship: Provide guidance and support to junior researchers or students involved in the project, fostering a collaborative and productive research environment. 

Qualifications Required：
·        Educational Background: A Master's degree (or equivalent) in Ecology, Environmental Science, Biology, or a related field. Candidates with strong academic records are preferred.
·        Research Experience: Demonstrated experience in ecological fieldwork, data collection, and analysis, particularly in the context of global change studies. Previous experience with grassland ecosystems or related research is an asset.
·        Technical Skills: Proficiency in statistical analysis and data handling using software such as R, Python, or similar tools. Experience with ecological modeling or bioinformatics tools is a plus.
·        Fieldwork Skills: Willingness and ability to conduct fieldwork in challenging conditions, including remote and diverse environments. Previous fieldwork experience in ecological research is highly desirable.
·        Communication Skills: Strong written and verbal communication skills in English. Ability to prepare scientific reports, present research findings, and write manuscripts for publication in peer-reviewed journals.
·        Teamwork and Collaboration: Strong interpersonal skills and the ability to work collaboratively in an international, interdisciplinary team. A positive attitude toward mentorship and supporting junior researchers is essential.

Ph.D. Assistantship:  
·        The position provides full financial support, including a competitive stipend, coverage of tuition fees, and funding for research-related activities such as fieldwork, conference participation, and publication costs.
·        As a Ph.D. student, you will gain hands-on experience in internationally coordinated distributed experiments, working with a global network of researchers and receiving mentorship from world-renowned ecologists in the field.
·        The assistantship also includes opportunities for professional development, including training in scientific writing and academic presentations.
·        The assistantship is for a duration of four years, during which you will be enrolled in the Ph.D. program. 

Preferred Qualifications 
·        Academic Background: A strong academic record with a Master’s degree (or equivalent) in Ecology, Environmental Science, Biology, or a related field.
·        Research Experience: Prior experience in ecological research, particularly in grassland ecosystems, global change studies, or related environmental topics.
·        Technical Skills: Familiarity with ecological modeling, statistical analysis, and data processing using software such as R, Python, or similar tools. Experience with remote sensing data or GIS is a plus.
·        Fieldwork Expertise: Experience in conducting fieldwork, especially in remote or challenging environments, and an understanding of ecological sampling techniques.
·        Writing Logic and Structure: Strong ability to write clearly and logically, with a well-organized structure in research papers, reports, and academic articles.
·        Communication Skills: Demonstrated ability to communicate scientific findings effectively, both in writing (peer-reviewed publications) and orally (conference presentations, academic talks).
·        Collaboration and Teamwork: Ability to work well in a collaborative, interdisciplinary team, particularly in an international research context.
·        Problem-solving Ability: Strong critical thinking and problem-solving skills, with the ability to analyze complex ecological data and interpret results within the context of global change.
·        Language Proficiency: Proficiency in English, both written and spoken, is required. 

Stipend/Salary:  
(M.S.) 3000RMB /month stipend and other benefits includes full tuition waiver and medical insurance
 (Ph.D.) 3500RMB /month stipend and other benefits includes full tuition waiver and medical insurance

For application-related questions: admission@bjfu.edu.cn 

Contact
Professor Yu
yuq@bjfu.edu.cn (preferred contact method)","Hours per Week:
28 - 40
Salary:
$5,000 to $6,000 per year
Education Required:
Bachelors
Experience Required:
at least 2 years","This international collaboration will enhance your research skills and expand your academic network. ·        Scientific Communication: Prepare and present research findings at national and international conferences, and author manuscripts for publication in peer-reviewed journals. ·        Mentorship: Provide guidance and support to junior researchers or students involved in the project, fostering a collaborative and productive research environment",,"03/03/2026
Published:
11/25/2025
Starting Date:
after 9/1/2026
Ending Date:
before 7/15/2030
Hours per Week:
28 - 40
Salary:
$5,000 to $6,000 per year
Education Required:
Bachelors
Experience Required:
at least 2 years
Location:
QingHua Street, HaiDian District ,Beijing Forestry University (Beijing, China)
Tags:
Graduate Opportunities
Description
Position Description

To address the pressing need to mitigate and prevent the adverse effects of global change, this PhD project investigates the impacts and underlying mechanisms of key global change factors—such as shifts in precipitation patterns and eutrophication—on grassland ecosystems",True,0.85,Masters Position,Forestry and Habitat,0.0,[],False,,2026-02-19T18:12:10.302979+00:00,scrape_20260219_181116_cb92cc01,2.0,2026-02-19T18:12:10.302979+00:00,2026-02-19T18:12:10.302979+00:00,Forestry and Habitat,,rule,5000.0,1.05,4761.9,analytics_backfill,False,,,,,,,,,,,,,,,
"MS Positions: Forest ecology/ Ecological meteorology/Forest fire ecology, School of Ecology and Nature Conservation-Beijing Forestry University",Beijing Forestry University (Private),"QingHua Street, HaiDian District ,Beijing Forestry University (Beijing, China)","$5,000 to $5,500 per year",after 9/1/2026,11/25/2025,Graduate Opportunities,https://jobs.rwfm.tamu.edu/view-job/?id=110704,"MS Positions: Forest ecology/ Ecological meteorology/Forest fire ecology, School of Ecology and Nature Conservation-Beijing Forestry University
Beijing Forestry University (Private) | https://ic.bjfu.edu.cn/
Details
Posting:
https://styzrbh.bjfu.edu.cn/szdw/zrjs/slstxfjs/cf2f51f8d14f40198658e14d6de811b9.htm
Application Deadline:
03/03/2026
Published:
11/25/2025
Starting Date:
after 9/1/2026
Ending Date:
before 7/15/2029
Hours per Week:
28 - 40
Salary:
$5,000 to $5,500 per year
Education Required:
Bachelors
Experience Required:
at least 1 year
Location:
QingHua Street, HaiDian District ,Beijing Forestry University (Beijing, China)
Tags:
Graduate Opportunities
Description
 Position Description: We are recruiting M.S. students to conduct research on “forest ecology”. Our research team is dedicated to exploring various aspects of forest ecology. My research focuses on the interactions and feedback mechanisms between the ecosystem, atmosphere, and climate system across different spatial and temporal scales. We strive to understand the complex relationships between ecosystems and their surrounding environments by field study, remote sensing, machine learning and modelling, aiming to contribute to the conservation and sustainable management of ecosystems. 

By joining our team, students will have the opportunity to work with experienced researchers and use advanced research facilities. They will be immersed in a vibrant academic atmosphere and engage in in-depth studies on forest ecology, which is of great significance in today's context of environmental protection and ecological restoration. 
 Key Responsibilities 

For M.S. Students: 
·        Assist in research projects related to forest ecology, such as the interactions and feedback mechanisms between the ecosystem, atmosphere, and climate system. 
·        Learn and apply basic research methods and techniques in forest ecology, including data analysis software and field sampling procedures. 
·        Participate in regular team discussions and academic activities, presenting their own research progress and ideas, and learning from the experiences of others. 
·        Complete a journal paper and a master's thesis with high quality based on their research work during the study period, demonstrating their understanding and achievements in forest ecology research. 
 

Qualifications Required ： 

M.S. Assistantship: 

·        B.S. in ecology, natural resources, meteorology, environmental science, geography, mathematics, remote sensing, computer science or related discipline 
·        A minimum grade point average (GPA) of 3.0 (on a 4.0 scale)  
·        Some experience in data analysis related to forest ecology is preferred. Familiarity with at least one of the research methods such as meta-analysis, remote sensing interpretation, or ecological models would be advantageous. 
·        Basic skills in programming languages like GIS, R, or Python. Having the ability to use these tools for simple data analysis tasks, such as data cleaning, visualization, or basic statistical analysis in the context of forest ecology research. 
·        Good English communication skills, both written and spoken, to participate in academic discussions, read relevant literature, and write reports or theses. 
·        A strong sense of responsibility and the ability to follow instructions carefully. Master's students will be involved in various research tasks under the guidance of supervisors, so being reliable and detail-oriented is important. 

Preferred Qualifications 

·        A proven track record of publishing research papers in internationally renowned academic journals within the field of ecology or related disciplines. Papers demonstrating in-depth research on topics such as forest ecosystems, ecological processes, or environmental studies will be highly regarded. 
·        Demonstrated strong motivation and ambition to pursue high-quality research output with the goal of publishing in top-tier international journals. This includes a proactive attitude towards identifying novel research questions, conducting rigorous experiments and analyses, and effectively communicating research findings. 
·        Familiarity with the manuscript submission and review processes of leading international academic journals. Understanding the requirements and standards of these journals will enable students to prepare and present their work in a manner that meets the high expectations of the editorial boards. 

Stipend/Salary:  

(M.S.) 3000RMB /month stipend and other benefits include full tuition and accommodation waiver and medical insurance 
 For application-related questions: admission@bjfu.edu.cn 

Contact
Professor yingjiezhang
yingjiezhang@bjfu.edu.cn (preferred contact method)","Position Description: We are recruiting M.S. students to conduct research on “forest ecology”. Our research team is dedicated to exploring various aspects of forest ecology. My research focuses on the interactions and feedback mechanisms between the ecosystem, atmosphere, and climate system across different spatial and temporal scales. We strive to understand the complex relationships between ecosystems and their surrounding environments by field study, remote sensing, machine learning and modelling, aiming to contribute to the conservation and sustainable management of ecosystems. 

By joining our team, students will have the opportunity to work with experienced researchers and use advanced research facilities. They will be immersed in a vibrant academic atmosphere and engage in in-depth studies on forest ecology, which is of great significance in today's context of environmental protection and ecological restoration. 
 Key Responsibilities 

For M.S. Students: 
·        Assist in research projects related to forest ecology, such as the interactions and feedback mechanisms between the ecosystem, atmosphere, and climate system. 
·        Learn and apply basic research methods and techniques in forest ecology, including data analysis software and field sampling procedures. 
·        Participate in regular team discussions and academic activities, presenting their own research progress and ideas, and learning from the experiences of others. 
·        Complete a journal paper and a master's thesis with high quality based on their research work during the study period, demonstrating their understanding and achievements in forest ecology research. 
 

Qualifications Required ： 

M.S. Assistantship: 

·        B.S. in ecology, natural resources, meteorology, environmental science, geography, mathematics, remote sensing, computer science or related discipline 
·        A minimum grade point average (GPA) of 3.0 (on a 4.0 scale)  
·        Some experience in data analysis related to forest ecology is preferred. Familiarity with at least one of the research methods such as meta-analysis, remote sensing interpretation, or ecological models would be advantageous. 
·        Basic skills in programming languages like GIS, R, or Python. Having the ability to use these tools for simple data analysis tasks, such as data cleaning, visualization, or basic statistical analysis in the context of forest ecology research. 
·        Good English communication skills, both written and spoken, to participate in academic discussions, read relevant literature, and write reports or theses. 
·        A strong sense of responsibility and the ability to follow instructions carefully. Master's students will be involved in various research tasks under the guidance of supervisors, so being reliable and detail-oriented is important. 

Preferred Qualifications 

·        A proven track record of publishing research papers in internationally renowned academic journals within the field of ecology or related disciplines. Papers demonstrating in-depth research on topics such as forest ecosystems, ecological processes, or environmental studies will be highly regarded. 
·        Demonstrated strong motivation and ambition to pursue high-quality research output with the goal of publishing in top-tier international journals. This includes a proactive attitude towards identifying novel research questions, conducting rigorous experiments and analyses, and effectively communicating research findings. 
·        Familiarity with the manuscript submission and review processes of leading international academic journals. Understanding the requirements and standards of these journals will enable students to prepare and present their work in a manner that meets the high expectations of the editorial boards. 

Stipend/Salary:  

(M.S.) 3000RMB /month stipend and other benefits include full tuition and accommodation waiver and medical insurance 
 For application-related questions: admission@bjfu.edu.cn","students to conduct research on “forest ecology”. Our research team is dedicated to exploring various aspects of forest ecology. My research focuses on the interactions and feedback mechanisms between the ecosystem, atmosphere, and climate system across different spatial and temporal scales",,"03/03/2026
Published:
11/25/2025
Starting Date:
after 9/1/2026
Ending Date:
before 7/15/2029
Hours per Week:
28 - 40
Salary:
$5,000 to $5,500 per year
Education Required:
Bachelors
Experience Required:
at least 1 year
Location:
QingHua Street, HaiDian District ,Beijing Forestry University (Beijing, China)
Tags:
Graduate Opportunities
Description
 Position Description: We are recruiting M",True,0.85,Masters Position,Forestry and Habitat,0.222,"[""natural resources"", ""forestry"", ""fire ecology"", ""interpretation""]",False,,2026-02-19T18:12:19.126905+00:00,scrape_20260219_181116_cb92cc01,2.0,2026-02-19T18:12:19.126905+00:00,2026-02-19T18:12:19.126905+00:00,Forestry and Habitat,Environmental Sciences,secondary_ml,5000.0,1.05,4761.9,analytics_backfill,False,,,,,,,,,,,,,,,
Ph.D/MS Positions: Plant quarantine & Invasion biology,Beijing Forestry University (Private),"QingHua Street, HaiDian District ,Beijing Forestry University (Beijing, China)","$5,000 to $6,000 per year",after 9/1/2026,11/24/2025,Graduate Opportunities,https://jobs.rwfm.tamu.edu/view-job/?id=110649,"Ph.D/MS Positions: Plant quarantine & Invasion biology
Beijing Forestry University (Private) | https://ic.bjfu.edu.cn/
Details
Posting:
http://lxy.bjfu.edu.cn/szdw/js/295905.html
Application Deadline:
03/03/2026
Published:
11/24/2025
Starting Date:
after 9/1/2026
Ending Date:
before 7/15/2030
Hours per Week:
28 - 40
Salary:
$5,000 to $6,000 per year
Education Required:
Bachelors
Experience Required:
none
Location:
QingHua Street, HaiDian District ,Beijing Forestry University (Beijing, China)
Tags:
Graduate Opportunities
Description
Position Description: 
Our research team is dedicated to studying major international quarantine pests and invasive forest species, achieving several innovative breakthroughs. We are recruiting one M.S. student/one Ph.D. student with interests in biological invasions and quarantine, biodiversity conservation, and forest pest monitoring to join us.
In our research on the spongy moth, we have used molecular markers and morphological studies to confirm, for the first time, the invasion of the European spongy moth in China. We also established a tracing system for spongy moths, advancing international pest tracking and tracing technologies. In the field of forestry invasive species, we identified the pine wood nematode’s northward spread across the Yangtze River, studied the distribution and spread of multiple invasive species, developed molecular diagnostic tools, proposed monitoring, and control strategies for European woodwasp, and effectively reduced infestation rates. In pest risk analysis, we were the first in China to build a quantitative pest risk analysis system supported by @risk software. We utilized climate models to predict potential suitable habitats for invasive species, thereby strengthening biosecurity management.
If you are eager to contribute meaningfully to national and international forest biosecurity, we welcome your application. The candidates may have the opportunity to develop additional research questions that align with the research goals, and the students will be supervised by Prof. Juan Shi.

Key Responsibilities :
·        Conduct fieldwork 
·        Data Management and Analysis
·        Paper writing and Publication and so on 

Qualifications Required ：
M.S. Assistantship:  
·        B.S. in forestry, forest-protection, plant protection, entomology or related discipline 
·        A minimum grade point average (GPA) of 3.0 (on a 4.0 scale)  
·        Demonstrated experience with statistical software (e.g., Program R)
·        Excellent communication skills (written and verbal) 
·        Demonstrated research experience (data collection, analysis, writing) 
·        Ability to conduct fieldwork 
Ph.D. Assistantship:  
·        M.S. in forestry, forest-protection, plant protection, entomology, or related discipline 
·        A minimum grade point average (GPA) of 3.0 (on a 4.0 scale)  
·        Strong quantitative skills  
·        Demonstrated experience with statistical software (e.g., Program R) 
·        Excellent communication skills (written and verbal) 
·        Demonstrated research experience (data collection, analysis, writing) 
·        Ability to conduct fieldwork 

Preferred Qualifications 
·        Previous experience of the research 
·        Record of peer-reviewed publications and conference presentations
 Stipend/Salary:  
(M.S.) 3000RMB /month stipend and other benefits include full tuition waiver, accommodation and medical insurance
 (Ph.D.) 3500RMB /month stipend and other benefits include full tuition waiver, accommodation and medical insurance

For application-related questions: admission@bjfu.edu.cn 

Contact
Professor Shi
shi_juan@263.net (preferred contact method)","Hours per Week:
28 - 40
Salary:
$5,000 to $6,000 per year
Education Required:
Bachelors
Experience Required:
none","html
Application Deadline:
03/03/2026
Published:
11/24/2025
Starting Date:
after 9/1/2026
Ending Date:
before 7/15/2030
Hours per Week:
28 - 40
Salary:
$5,000 to $6,000 per year
Education Required:
Bachelors
Experience Required:
none
Location:
QingHua Street, HaiDian District ,Beijing Forestry University (Beijing, China)
Tags:
Graduate Opportunities
Description
Position Description: 
Our research team is dedicated to studying major international quarantine pests and invasive forest species, achieving several innovative breakthroughs. In our research on the spongy moth, we have used molecular markers and morphological studies to confirm, for the first time, the invasion of the European spongy moth in China. The candidates may have the opportunity to develop additional research questions that align with the research goals, and the students will be supervised by Prof",,"03/03/2026
Published:
11/24/2025
Starting Date:
after 9/1/2026
Ending Date:
before 7/15/2030
Hours per Week:
28 - 40
Salary:
$5,000 to $6,000 per year
Education Required:
Bachelors
Experience Required:
none
Location:
QingHua Street, HaiDian District ,Beijing Forestry University (Beijing, China)
Tags:
Graduate Opportunities
Description
Position Description: 
Our research team is dedicated to studying major international quarantine pests and invasive forest species, achieving several innovative breakthroughs",True,0.85,Masters Position,Forestry and Habitat,0.198,"[""conservation"", ""invasive species"", ""biodiversity conservation""]",False,,2026-02-19T18:12:11.086863+00:00,scrape_20260219_181116_cb92cc01,2.0,2026-02-19T18:12:11.086863+00:00,2026-02-19T18:12:11.086863+00:00,Forestry and Habitat,Entomology,rule,5000.0,1.05,4761.9,analytics_backfill,False,,,,,,,,,,,,,,,
"Ph.D/MS Positions: Ecological Restoration, Grassland Management School of Grassland Science -Beijing Forestry University",Beijing Forestry University (Private),"QingHua Street, HaiDian District ,Beijing Forestry University, Beijing , China (Beijing, China)","$5,000 to $6,000 per year",after 9/1/2026,11/12/2025,Graduate Opportunities,https://jobs.rwfm.tamu.edu/view-job/?id=110361,"Ph.D/MS Positions: Ecological Restoration, Grassland Management School of Grassland Science -Beijing Forestry University
Beijing Forestry University (Private) | https://english.bjfu.edu.cn/
Details
Application Deadline:
03/03/2026
Published:
11/12/2025
Starting Date:
after 9/1/2026
Ending Date:
before 7/15/2030
Hours per Week:
28 - 40
Salary:
$5,000 to $6,000 per year
Education Required:
Bachelors
Experience Required:
none
Location:
QingHua Street, HaiDian District ,Beijing Forestry University, Beijing , China (Beijing, China)
Tags:
Graduate Opportunities
Description
Description
Position Description: We are recruiting one M.S. student/one Ph.D. student to conduct research on “Grassland Restoration and Sustainable Management”.  The aim of this research to examine the applicable strategies on restoring the degraded grassland ecosystems and sustainably managing the grasslands worldwide, particularly in Asia.

Key Responsibilities
·        Conduct fieldwork across the grassland zones in alpine regions worldwide or China.
·        Data Management and Analysis
·        Paper writing and Publication and so on 

Qualifications Required ：
M.S. Assistantship:  
·        B.S. in ecology, agronomy, natural resources, or related discipline 
·        A minimum grade point average (GPA) of 3.0 (on a 4.0 scale)  
·        Demonstrated experience with statistical software (e.g., Program R) and GIS 
·        Excellent communication skills (written and verbal) 
·        Demonstrated research experience (data collection, analysis, writing) 
·        Ability to conduct fieldwork 

Ph.D. Assistantship:  
·        M.S. in ecology, agriculture, natural resources, or related discipline 
·        A minimum grade point average (GPA) of 3.0 (on a 4.0 scale)  
·        Strong quantitative skills  
·        Demonstrated experience with statistical software (e.g., Program R) and GIS 
·        Excellent communication skills (written and verbal) 
·        Demonstrated research experience (data collection, analysis, writing) 
·        Ability to conduct fieldwork 

Preferred Qualifications 
·        Previous experience of the research 
·        Record of peer-reviewed publications and conference presentations
·        B.S. or M.S. thesis

Stipend/Salary:  
(M.S.) 3000RMB /month stipend and other benefits includes full tuition waiver and medical insurance
 (Ph.D.) 3500RMB /month stipend and other benefits includes full tuition waiver and medical insurance

For application related questions: admission@bjfu.edu.cn 

Contact
Professor Shikui Dong
dongshikui@bjfu.edu.cn (preferred contact method)","Hours per Week:
28 - 40
Salary:
$5,000 to $6,000 per year
Education Required:
Bachelors
Experience Required:
none","student to conduct research on “Grassland Restoration and Sustainable Management”. The aim of this research to examine the applicable strategies on restoring the degraded grassland ecosystems and sustainably managing the grasslands worldwide, particularly in Asia. , Program R) and GIS 
·        Excellent communication skills (written and verbal) 
·        Demonstrated research experience (data collection, analysis, writing) 
·        Ability to conduct fieldwork 

Ph",,"03/03/2026
Published:
11/12/2025
Starting Date:
after 9/1/2026
Ending Date:
before 7/15/2030
Hours per Week:
28 - 40
Salary:
$5,000 to $6,000 per year
Education Required:
Bachelors
Experience Required:
none
Location:
QingHua Street, HaiDian District ,Beijing Forestry University, Beijing , China (Beijing, China)
Tags:
Graduate Opportunities
Description
Description
Position Description: We are recruiting one M",True,0.85,Masters Position,Forestry and Habitat,0.185,"[""natural resources"", ""land management"", ""forestry"", ""agriculture""]",False,,2026-02-19T18:12:10.453144+00:00,scrape_20260219_181116_cb92cc01,2.0,2026-02-19T18:12:10.453144+00:00,2026-02-19T18:12:10.453144+00:00,Forestry and Habitat,,rule,5000.0,1.05,4761.9,analytics_backfill,False,,,,,,,,,,,,,,,
Graduate Assistantship in Environmental Microbiology,Georgia Southern University (State),"4324 Old Register Road (Statesboro, Georgia)","starting at $14,000 per year",after 8/1/2026,11/03/2025,Graduate Opportunities,https://jobs.rwfm.tamu.edu/view-job/?id=110156,"Graduate Assistantship in Environmental Microbiology
Georgia Southern University (State)
Details
Application Deadline:
05/01/2026
Published:
11/03/2025
Starting Date:
after 8/1/2026
Hours per Week:
at least 20
Salary:
starting at $14,000 per year
Education Required:
Masters
Experience Required:
none
Location:
4324 Old Register Road (Statesboro, Georgia)
Tags:
Graduate Opportunities
Description
 Department of Biology at Georgia Southern University invites qualified candidates to apply for a MS position, with research focus on fungal genomics and host-pathogen interaction. The MS position will be supervised by Dr. Yong Zhang
 The MS position starts in Fall 2026. Teaching & research assistantship is available for competitive candidates. We are seeking motivated candidates with a strong interest in the following research areas:
 ·       Genomic evolutionary mechanisms underlying fungal adaptation to changing environment 
·       Functional diversity of host immune receptors conferring disease resistance to fungal infection
·       Analysis of OMICS data generated from high-throughput technology
 Required qualifications
·       B.S. or M.S. in Microbiology, Plant Pathology, Mycology, Plant Science, Molecular Biology or related disciplines
·       Knowledge in bioinformatics, computational biology
·       Familiar with Python (or R, Perl)
·       Strong communications skills, self-motivation, and passion for research
 Preferred qualifications
·       Hands on experience in OMICS data analysis
·       Proficiency in computer programming and big data management
 Application Process
If you are proficient and experienced in at least one or more of the areas listed above, please send emails with your resume/CV, academic transcripts, and a short paragraph of personal statement to Dr. Zhang (yongzhang@georgiasouthern.edu)
 About Us
 Join Our Team at Georgia Southern!
 
 Georgia Southern is a dynamic university with three vibrant campuses in Hinesville, Savannah and Statesboro serving the communities in Southeast Georgia. With more than 26,000 students and 141 degree programs, Georgia Southern University is the largest comprehensive university south of Atlanta. Whether you are seeking the charm of a small town, the traditions of a historical/urban destination near the beach or supporting our military service members and their families, Georgia Southern offers its students the best of all worlds!
 Beyond an ideal location, the Department of Biology is an aspiring leader in biological research and is committed to expanding its faculty expertise in support of the anticipated expansion of biological and biomedical jobs in Southeast Georgia. The department provides a foundation for life-long learning and appreciation of biological processes and biological diversity through teaching, research, and outreach. Three campuses and a variety of off-campus research facilities offer Biology students and faculty access to state-of-the-art equipment in the department (including a genomics core lab) and the COSM Core Research Lab (CCRL).
Contact
Yong Zhang
yongzhang@georgiasouthern.edu (preferred contact method)","Hours per Week:
at least 20
Salary:
starting at $14,000 per year
Education Required:
Masters
Experience Required:
none","Graduate Assistantship in Environmental Microbiology
Georgia Southern University (State)
Details
Application Deadline:
05/01/2026
Published:
11/03/2025
Starting Date:
after 8/1/2026
Hours per Week:
at least 20
Salary:
starting at $14,000 per year
Education Required:
Masters
Experience Required:
none
Location:
4324 Old Register Road (Statesboro, Georgia)
Tags:
Graduate Opportunities
Description
 Department of Biology at Georgia Southern University invites qualified candidates to apply for a MS position, with research focus on fungal genomics and host-pathogen interaction. Teaching & research assistantship is available for competitive candidates. We are seeking motivated candidates with a strong interest in the following research areas:
 ·       Genomic evolutionary mechanisms underlying fungal adaptation to changing environment 
·       Functional diversity of host immune receptors conferring disease resistance to fungal infection
·       Analysis of OMICS data generated from high-throughput technology
 Required qualifications
·       B",,"05/01/2026
Published:
11/03/2025
Starting Date:
after 8/1/2026
Hours per Week:
at least 20
Salary:
starting at $14,000 per year
Education Required:
Masters
Experience Required:
none
Location:
4324 Old Register Road (Statesboro, Georgia)
Tags:
Graduate Opportunities
Description
 Department of Biology at Georgia Southern University invites qualified candidates to apply for a MS position, with research focus on fungal genomics and host-pathogen interaction",True,0.85,Graduate Assistantship,Environmental Sciences,0.0,[],False,,2026-02-19T18:11:55.598830+00:00,scrape_20260219_181116_cb92cc01,2.0,2026-02-19T18:11:55.598830+00:00,2026-02-19T18:11:55.598830+00:00,Environmental Sciences,,rule,14000.0,0.9,15555.56,analytics_backfill,True,Georgia,US,,,,,,,,,,,,,
"Ph.D Positions: Ecological and environmental restoration, Solid waste management, School of Environmental Science and Engineering-Beijing Forestry University",Beijing Forestry University (Private),"QingHua Street, HaiDian District ,Beijing Forestry University, Beijing , China (Beijing)","$5,500 to $6,000 per year",after 9/1/2026,10/31/2025,Graduate Opportunities,https://jobs.rwfm.tamu.edu/view-job/?id=110114,"Ph.D Positions: Ecological and environmental restoration, Solid waste management, School of Environmental Science and Engineering-Beijing Forestry University
Beijing Forestry University (Private) | https://english.bjfu.edu.cn/
Details
Posting:
https://hjxy.bjfu.edu.cn/szdw/js/azcpx/js1/dce68b2761f149c9afb52a64a70d0a8e.htm
Application Deadline:
03/03/2026
Published:
10/31/2025
Starting Date:
after 9/1/2026
Ending Date:
before 7/15/2030
Hours per Week:
28 - 40
Salary:
$5,500 to $6,000 per year
Education Required:
Masters
Experience Required:
none
Location:
QingHua Street, HaiDian District ,Beijing Forestry University, Beijing , China (Beijing)
Tags:
Graduate Opportunities
Description
Position Description:
We are recruiting one PhD student to conduct research on “Coupling climate-driven hydrological process-ecological response for green watershed optimization”.  The aim of this research to construct the multi-process model coupling climate driven-hydrological process-ecological response for the green watershed, analyze their mutual feedback mechanism, and regulate the green watershed.

Key Responsibilities:
·        Conduct fieldwork across Beijing-Tianjin-Hebei Province
·        Data Management and Analysis
·        Paper writing, publication and so on 

Qualifications Required：

Ph.D. Assistantship:  
·        M.S. in Environmental engineering, Ecology, Climate change, or related discipline
·        A minimum grade point average (GPA) of 3.0 (on a 4.0 scale)  
·        Strong quantitative skills  
·        Demonstrated experience with statistical software (e.g., Program R) and GIS 
·        Excellent communication skills (written and verbal) 
·        Demonstrated research experience (data collection, analysis, writing) 
·        Ability to conduct fieldwork 

Preferred Qualifications 
·        Previous experience of the research 
·        Record of peer-reviewed publications and conference presentations

Stipend/Salary:  
 (PhD.) 3500RMB /month stipend and other benefits include full tuition, accommodation waiver and medical insurance

For application-related questions: admission@bjfu.edu.cn 
Contact
Professor Panyue Zhang
Panyue_zhang@bjfu.edu.cn (preferred contact method)","Hours per Week:
28 - 40
Salary:
$5,500 to $6,000 per year
Education Required:
Masters
Experience Required:
none","htm
Application Deadline:
03/03/2026
Published:
10/31/2025
Starting Date:
after 9/1/2026
Ending Date:
before 7/15/2030
Hours per Week:
28 - 40
Salary:
$5,500 to $6,000 per year
Education Required:
Masters
Experience Required:
none
Location:
QingHua Street, HaiDian District ,Beijing Forestry University, Beijing , China (Beijing)
Tags:
Graduate Opportunities
Description
Position Description:
We are recruiting one PhD student to conduct research on “Coupling climate-driven hydrological process-ecological response for green watershed optimization”. The aim of this research to construct the multi-process model coupling climate driven-hydrological process-ecological response for the green watershed, analyze their mutual feedback mechanism, and regulate the green watershed. , Program R) and GIS 
·        Excellent communication skills (written and verbal) 
·        Demonstrated research experience (data collection, analysis, writing) 
·        Ability to conduct fieldwork 

Preferred Qualifications 
·        Previous experience of the research 
·        Record of peer-reviewed publications and conference presentations

Stipend/Salary:  
 (PhD",,"03/03/2026
Published:
10/31/2025
Starting Date:
after 9/1/2026
Ending Date:
before 7/15/2030
Hours per Week:
28 - 40
Salary:
$5,500 to $6,000 per year
Education Required:
Masters
Experience Required:
none
Location:
QingHua Street, HaiDian District ,Beijing Forestry University, Beijing , China (Beijing)
Tags:
Graduate Opportunities
Description
Position Description:
We are recruiting one PhD student to conduct research on “Coupling climate-driven hydrological process-ecological response for green watershed optimization”",True,0.75,PhD Position,Environmental Sciences,0.238,"[""environmental science"", ""ecology"", ""climate change"", ""restoration""]",False,,2026-02-19T18:12:11.136744+00:00,scrape_20260219_181116_cb92cc01,2.0,2026-02-19T18:12:11.136744+00:00,2026-02-19T18:12:11.136744+00:00,Environmental Sciences,Forestry and Habitat,rule,5500.0,1.05,5238.1,analytics_backfill,False,,,,,,,,,,,,,,,
"MS Positions: Behavioral ecology of forest pests, College of Forestry-Beijing Forestry University",Beijing Forestry University (Private),"QingHua Street, HaiDian District, Beijing Forestry University, Beijing, China (Beijing)","$5,000 to $5,500 per year",after 9/1/2026,10/31/2025,Graduate Opportunities,https://jobs.rwfm.tamu.edu/view-job/?id=110113,"MS Positions: Behavioral ecology of forest pests, College of Forestry-Beijing Forestry University
Beijing Forestry University (Private) | https://english.bjfu.edu.cn/
Details
Posting:
https://www.researchgate.net/profile/Zehai-Hou/research
Application Deadline:
03/03/2026
Published:
10/31/2025
Starting Date:
after 9/1/2026
Ending Date:
before 7/15/2029
Hours per Week:
28 - 40
Salary:
$5,000 to $5,500 per year
Education Required:
Bachelors
Experience Required:
at least 2 years
Location:
QingHua Street, HaiDian District, Beijing Forestry University, Beijing, China (Beijing)
Tags:
Graduate Opportunities
Description
 Position Description: 
We are recruiting one M.S. student to conduct research on “Behavioural ecology of forest pests”. My research focuses on the evolutionary mechanisms underlying forest pest reproductive behaviour. Specifically, I focus on how ecological and social factors drive the evolution of male signalling traits, female mating preferences, and intersexual interactions. Using the insect vector of the pine wood nematode as a model system, our lab integrates behavioural ecology and evolutionary biology to study the evolution of mating behaviour and secondary sexual traits in natural populations. We aim to unravel how natural and sexual selection collectively shape the species' behaviour, life history, and morphology. 
 Key Responsibilities : 
·        Conduct fieldwork on the insect vector of the pine wood nematode 
·        Data management and analysis 
·        Paper writing , publication and so on 

Qualifications Required： 

M.S. Assistantship:  
·        B.S. in behaviour, ecology, wildlife biology or related discipline 
·        A minimum grade point average (GPA) of 3.2 (on a 4.0 scale)  
·        Demonstrated experience with statistical software (e.g., Program R) and GIS 
·        Excellent communication skills (written and verbal) 
·        Demonstrated research experience (data collection, analysis, writing) 
·        Ability to conduct fieldwork 

Preferred Qualifications 
·        Previous experience of the research 
·        Record of peer-reviewed publications and conference presentations 
 Stipend/Salary: 
(M.S.) 3000RMB /month stipend and other benefits include full tuition, accommodation waiver and medical insurance 

 For application-related questions: admission@bjfu.edu.cn
Contact
Professor Zehai Hou
houzehai@bjfu.edu.cn (preferred contact method)","Hours per Week:
28 - 40
Salary:
$5,000 to $5,500 per year
Education Required:
Bachelors
Experience Required:
at least 2 years","researchgate. net/profile/Zehai-Hou/research
Application Deadline:
03/03/2026
Published:
10/31/2025
Starting Date:
after 9/1/2026
Ending Date:
before 7/15/2029
Hours per Week:
28 - 40
Salary:
$5,000 to $5,500 per year
Education Required:
Bachelors
Experience Required:
at least 2 years
Location:
QingHua Street, HaiDian District, Beijing Forestry University, Beijing, China (Beijing)
Tags:
Graduate Opportunities
Description
 Position Description: 
We are recruiting one M. student to conduct research on “Behavioural ecology of forest pests”",,"03/03/2026
Published:
10/31/2025
Starting Date:
after 9/1/2026
Ending Date:
before 7/15/2029
Hours per Week:
28 - 40
Salary:
$5,000 to $5,500 per year
Education Required:
Bachelors
Experience Required:
at least 2 years
Location:
QingHua Street, HaiDian District, Beijing Forestry University, Beijing, China (Beijing)
Tags:
Graduate Opportunities
Description
 Position Description: 
We are recruiting one M",True,0.85,Masters Position,Forestry and Habitat,0.0,[],False,,2026-02-19T18:12:18.819499+00:00,scrape_20260219_181116_cb92cc01,2.0,2026-02-19T18:12:18.819499+00:00,2026-02-19T18:12:18.819499+00:00,Forestry and Habitat,Environmental Sciences,secondary_ml,5000.0,1.05,4761.9,analytics_backfill,False,,,,,,,,,,,,,,,
Ph.D/MS Positions: Coastal/Urban wetland ecology,Beijing Forestry University (Private),"35 QingHua East Road , Haidian District, Beijing, China (Beijing, China)","$5,500 to $6,000 per year",after 9/1/2026,10/30/2025,Graduate Opportunities,https://jobs.rwfm.tamu.edu/view-job/?id=110051,"Ph.D/MS Positions: Coastal/Urban wetland ecology
Beijing Forestry University (Private) | https://english.bjfu.edu.cn/
Details
Application Deadline:
03/03/2026
Published:
10/30/2025
Starting Date:
after 9/1/2026
Ending Date:
before 7/15/2030
Hours per Week:
28 - 40
Salary:
$5,500 to $6,000 per year
Education Required:
Bachelors
Experience Required:
at least 1 year
Location:
35 QingHua East Road , Haidian District, Beijing, China (Beijing, China)
Tags:
Graduate Opportunities
Description
Position Description: We are recruiting one M.S. student/one Ph.D. student to conduct research on “wetland ecology”. Our research team is dedicated to exploring various aspects of wetland ecology. Our main research areas include the eco-hydrological processes of coastal wetlands, biodiversity in Beijing, and the ecology of wetlands in Beijing. We strive to understand the complex relationships between wetland ecosystems and their surrounding environments by field study and modeling, aiming to contribute to the conservation and sustainable management of wetland resources.

By joining our team, students will have the opportunity to work with experienced researchers and use advanced research facilities. They will be immersed in a vibrant academic atmosphere and engage in in-depth studies on wetland ecology, which is of great significance in today's context of environmental protection and ecological restoration.

Personal Website:
https://zrbhq.bjfu.edu.cn/szdw/zrjs/sdstx1/390229.html

Key Responsibilities 

For Ph.D. Students:
·        Conduct in-depth research on specific topics within the scope of our team's research areas, such as detailed investigations into the mechanisms of eco-hydrological processes in coastal wetlands or comprehensive analyses of the biodiversity patterns in Beijing's wetlands.
·        Design and implement scientific experiments, collect and analyze relevant data accurately using appropriate research methods and techniques.
·        Keep up-to-date with the latest research advancements in wetland ecology both domestically and internationally, and contribute to the academic progress of the field through publishing high-quality research papers in renowned academic journals.
·        Participate in academic seminars, workshops, and collaborative projects within the team and with other relevant institutions, actively sharing ideas and insights.
 For M.S. Students:
·        Assist in research projects related to wetland ecology, such as helping with field investigations of Beijing's wetland ecosystems or data collection for studies on wetland biodiversity.
·        Learn and apply basic research methods and techniques in wetland ecology, including data analysis software and field sampling procedures.
·        Participate in regular team discussions and academic activities, presenting their own research progress and ideas, and learning from the experiences of others.
·        Complete a master's thesis with high quality based on their research work during the study period, demonstrating their understanding and achievements in wetland ecology research.
 

Qualifications Required：

M.S. Assistantship:  

·        B.S. in ecology, wildlife biology, natural resources, or related discipline 
·        A minimum grade point average (GPA) of 3.0 (on a 4.0 scale)  
·        Some experience in field experiments or indoor experiments related to wetland ecology is preferred. Familiarity with at least one of the research methods such as meta-analysis, remote sensing interpretation, or hydrological models would be advantageous.
·        Basic skills in programming languages like GIS, R, or Python. Having the ability to use these tools for simple data analysis tasks, such as data cleaning, visualization, or basic statistical analysis in the context of wetland ecology research.
·        Good English communication skills, both written and spoken, to participate in academic discussions, read relevant literature, and write reports or theses.
·        A strong sense of responsibility and the ability to follow instructions carefully. Master's students will be involved in various research tasks under the guidance of supervisors, so being reliable and detail-oriented is important.

Ph.D. Assistantship:  

·        M.S. in ecology, wildlife biology, natural resources, or related discipline 
·        A minimum grade point average (GPA) of 3.0 (on a 4.0 scale)  
·        Strong background in ecological sciences or related fields, with a solid understanding of wetland ecosystems and their ecological processes.
·        Demonstrated experience in conducting field experiments, indoor experiments, meta-analysis, remote sensing interpretation, and using hydrological models. Proficiency in applying these research methods to address complex ecological questions is highly desirable.
·        Advanced skills in programming languages such as GIS (Geographic Information System), R, and Python. Experience in using these tools for data analysis, spatial analysis, and modeling related to wetland ecology is a plus. For example, being able to use GIS to analyze wetland spatial distribution patterns, R or Python for statistical analysis of ecological data.
·        Excellent written and oral communication skills in English, as doctoral students are expected to publish their research findings in international academic journals and present at conferences.
·        Ability to work independently and as part of a team. Doctoral research often requires self-motivation and the ability to collaborate effectively with team members, advisors, and other researchers in the field.

Preferred Qualifications

·        A proven track record of publishing research papers in internationally renowned academic journals within the field of ecology or related disciplines. Papers demonstrating in-depth research on topics such as wetland ecosystems, ecological processes, or environmental studies will be highly regarded.
·        Demonstrated strong motivation and ambition to pursue high-quality research output with the goal of publishing in top-tier international journals. This includes a proactive attitude towards identifying novel research questions, conducting rigorous experiments and analyses, and effectively communicating research findings.
·        Familiarity with the manuscript submission and review processes of leading international academic journals. Understanding the requirements and standards of these journals will enable students to prepare and present their work in a manner that meets the high expectations of the editorial boards.

 For application related questions: admission@bjfu.edu.cn
Contact
Professor ZhenMing Zhang
zhenmingzhang@bjfu.edu.cn (preferred contact method)","Position Description: We are recruiting one M.S. student/one Ph.D. student to conduct research on “wetland ecology”. Our research team is dedicated to exploring various aspects of wetland ecology. Our main research areas include the eco-hydrological processes of coastal wetlands, biodiversity in Beijing, and the ecology of wetlands in Beijing. We strive to understand the complex relationships between wetland ecosystems and their surrounding environments by field study and modeling, aiming to contribute to the conservation and sustainable management of wetland resources.

By joining our team, students will have the opportunity to work with experienced researchers and use advanced research facilities. They will be immersed in a vibrant academic atmosphere and engage in in-depth studies on wetland ecology, which is of great significance in today's context of environmental protection and ecological restoration.

Personal Website:
https://zrbhq.bjfu.edu.cn/szdw/zrjs/sdstx1/390229.html

Key Responsibilities 

For Ph.D. Students:
·        Conduct in-depth research on specific topics within the scope of our team's research areas, such as detailed investigations into the mechanisms of eco-hydrological processes in coastal wetlands or comprehensive analyses of the biodiversity patterns in Beijing's wetlands.
·        Design and implement scientific experiments, collect and analyze relevant data accurately using appropriate research methods and techniques.
·        Keep up-to-date with the latest research advancements in wetland ecology both domestically and internationally, and contribute to the academic progress of the field through publishing high-quality research papers in renowned academic journals.
·        Participate in academic seminars, workshops, and collaborative projects within the team and with other relevant institutions, actively sharing ideas and insights.
 For M.S. Students:
·        Assist in research projects related to wetland ecology, such as helping with field investigations of Beijing's wetland ecosystems or data collection for studies on wetland biodiversity.
·        Learn and apply basic research methods and techniques in wetland ecology, including data analysis software and field sampling procedures.
·        Participate in regular team discussions and academic activities, presenting their own research progress and ideas, and learning from the experiences of others.
·        Complete a master's thesis with high quality based on their research work during the study period, demonstrating their understanding and achievements in wetland ecology research.
 

Qualifications Required：

M.S. Assistantship:  

·        B.S. in ecology, wildlife biology, natural resources, or related discipline 
·        A minimum grade point average (GPA) of 3.0 (on a 4.0 scale)  
·        Some experience in field experiments or indoor experiments related to wetland ecology is preferred. Familiarity with at least one of the research methods such as meta-analysis, remote sensing interpretation, or hydrological models would be advantageous.
·        Basic skills in programming languages like GIS, R, or Python. Having the ability to use these tools for simple data analysis tasks, such as data cleaning, visualization, or basic statistical analysis in the context of wetland ecology research.
·        Good English communication skills, both written and spoken, to participate in academic discussions, read relevant literature, and write reports or theses.
·        A strong sense of responsibility and the ability to follow instructions carefully. Master's students will be involved in various research tasks under the guidance of supervisors, so being reliable and detail-oriented is important.

Ph.D. Assistantship:  

·        M.S. in ecology, wildlife biology, natural resources, or related discipline 
·        A minimum grade point average (GPA) of 3.0 (on a 4.0 scale)  
·        Strong background in ecological sciences or related fields, with a solid understanding of wetland ecosystems and their ecological processes.
·        Demonstrated experience in conducting field experiments, indoor experiments, meta-analysis, remote sensing interpretation, and using hydrological models. Proficiency in applying these research methods to address complex ecological questions is highly desirable.
·        Advanced skills in programming languages such as GIS (Geographic Information System), R, and Python. Experience in using these tools for data analysis, spatial analysis, and modeling related to wetland ecology is a plus. For example, being able to use GIS to analyze wetland spatial distribution patterns, R or Python for statistical analysis of ecological data.
·        Excellent written and oral communication skills in English, as doctoral students are expected to publish their research findings in international academic journals and present at conferences.
·        Ability to work independently and as part of a team. Doctoral research often requires self-motivation and the ability to collaborate effectively with team members, advisors, and other researchers in the field.

Preferred Qualifications

·        A proven track record of publishing research papers in internationally renowned academic journals within the field of ecology or related disciplines. Papers demonstrating in-depth research on topics such as wetland ecosystems, ecological processes, or environmental studies will be highly regarded.
·        Demonstrated strong motivation and ambition to pursue high-quality research output with the goal of publishing in top-tier international journals. This includes a proactive attitude towards identifying novel research questions, conducting rigorous experiments and analyses, and effectively communicating research findings.
·        Familiarity with the manuscript submission and review processes of leading international academic journals. Understanding the requirements and standards of these journals will enable students to prepare and present their work in a manner that meets the high expectations of the editorial boards.

 For application related questions: admission@bjfu.edu.cn","student to conduct research on “wetland ecology”. Our research team is dedicated to exploring various aspects of wetland ecology. Our main research areas include the eco-hydrological processes of coastal wetlands, biodiversity in Beijing, and the ecology of wetlands in Beijing",,"03/03/2026
Published:
10/30/2025
Starting Date:
after 9/1/2026
Ending Date:
before 7/15/2030
Hours per Week:
28 - 40
Salary:
$5,500 to $6,000 per year
Education Required:
Bachelors
Experience Required:
at least 1 year
Location:
35 QingHua East Road , Haidian District, Beijing, China (Beijing, China)
Tags:
Graduate Opportunities
Description
Position Description: We are recruiting one M",True,0.85,Masters Position,Wildlife,0.159,"[""wildlife"", ""ecosystem"", ""biodiversity"", ""wetland""]",False,,2026-02-19T18:12:17.909560+00:00,scrape_20260219_181116_cb92cc01,2.0,2026-02-19T18:12:17.909560+00:00,2026-02-19T18:12:17.909560+00:00,Wildlife,Forestry and Habitat,rule,5500.0,1.05,5238.1,analytics_backfill,False,,,,,,,,,,,,,,,
Now Accepting Summer and Fall 2026 Applications! Master of Wildlife and Fisheries Resources Program,Clemson University (State),remote work allowed,none,after 5/1/2026,10/24/2025,Graduate Opportunities,https://jobs.rwfm.tamu.edu/view-job/?id=90323,"Now Accepting Summer and Fall 2026 Applications! Master of Wildlife and Fisheries Resources Program
Clemson University (State) | https://www.clemson.edu/cafls/academics/graduate/wildlife-and-fisheries-biology.html
Details
Posting:
https://www.clemson.edu/cafls/academics/graduate/master-of-wildlife-and-fisheries-resources.html
Application Deadline:
04/30/2026
Published:
10/24/2025
Starting Date:
after 5/1/2026
Hours per Week:
at least 15
Salary:
none
Education Required:
Bachelors
Experience Required:
none
Location:
remote work allowed
Tags:
Graduate Opportunities
Description
Clemson University is currently accepting applications for Summer and Fall 2026 for the Online Non-thesis, Masters in Wildlife and Fisheries Resources Program (MWFR). Admission guidelines and link to graduate admissions can be found on our website (https://www.clemson.edu/cafls/academics/graduate/master-of-wildlife-and-fisheries-resources.html). The deadline to apply for Summer 2026 is February 28th. The deadline to apply for Fall 2026 is June 30th. 

The program invites applications from international students. However, prospective international applicants should note since this program is 100% delivered online/via distance education, the university is prohibited by US federal regulations from issuing Certificates of Eligibility (I-20s or DS-2019s) | for this program for purposes of applying for F-1 or J-1 visas. International students possessing another immigration status should consult with the appropriate authority/advisor to ensure activity as a student is allowable by the regulations governing their current immigration status.

Students enrolled in this program are not generally eligible for graduate assistantships.
Contact
Toni Becker
tbecker@clemson.edu (preferred contact method)","Hours per Week:
at least 15
Salary:
none
Education Required:
Bachelors
Experience Required:
none","html
Application Deadline:
04/30/2026
Published:
10/24/2025
Starting Date:
after 5/1/2026
Hours per Week:
at least 15
Salary:
none
Education Required:
Bachelors
Experience Required:
none
Location:
remote work allowed
Tags:
Graduate Opportunities
Description
Clemson University is currently accepting applications for Summer and Fall 2026 for the Online Non-thesis, Masters in Wildlife and Fisheries Resources Program (MWFR)",,"04/30/2026
Published:
10/24/2025
Starting Date:
after 5/1/2026
Hours per Week:
at least 15
Salary:
none
Education Required:
Bachelors
Experience Required:
none
Location:
remote work allowed
Tags:
Graduate Opportunities
Description
Clemson University is currently accepting applications for Summer and Fall 2026 for the Online Non-thesis, Masters in Wildlife and Fisheries Resources Program (MWFR)",True,0.75,Graduate Assistantship,Fisheries and Aquatic,0.0,[],False,,2026-02-19T18:11:47.854675+00:00,scrape_20260219_181116_cb92cc01,2.0,2026-02-19T18:11:47.854675+00:00,2026-02-19T18:11:47.854675+00:00,Fisheries and Aquatic,Wildlife,rule,,,,,False,,,,,,,,,,,,,,,
Multiple MS positions at Austin Peay State University,Austin Peay State University (State),"Clarksville, Tennessee",Commensurate / Negotiable,after 8/1/2026,10/17/2025,Graduate Opportunities,https://jobs.rwfm.tamu.edu/view-job/?id=109837,"Multiple MS positions at Austin Peay State University
Austin Peay State University (State) | https://www.apsu.edu/
Details
Posting:
https://catalog.apsu.edu/preview_program.php?catoid=51&poid=13983&returnto=3995
Application Deadline:
03/01/2026
Published:
10/17/2025
Starting Date:
after 8/1/2026
Hours per Week:
20 - 40
Salary:
Commensurate / Negotiable
Education Required:
Bachelors
Experience Required:
none
Location:
Clarksville, Tennessee
Tags:
Graduate Opportunities
Description
The Department of Biology at Austin Peay State University (APSU) invites applications for admission to our M.S. program for Fall 2026. We offer both thesis-track and non-thesis track degrees. The program comprises approximately 30 graduate students supported by research and teaching assistantships. APSU (11,000 students) is located in Clarksville, TN, 45 minutes northwest of Nashville and is in close proximity to remnant prairies, numerous parks and public lands, and diverse aquatic ecosystems. For more information about the Biology Department and resources for research, please visit www.apsu.edu/biology/index.php.

The application deadline for Fall 2026 admission is March 1. For more information on application and admission requirements, see https://catalog.apsu.edu/preview_program.php?catoid=51&poid=13983&returnto=3995. Successful applicants pursuing the thesis track will receive support from teaching or research assistantships and receive a full tuition waiver and stipend. Those on the non-thesis track will also be eligible to apply for a GTA if positions are available.

The following faculty are recruiting thesis-track students for the upcoming Fall 2026-2027 academic year:

Mollie F. Cashner cashnerm@apsu.edu: Behavioral ecology of North American minnows

Stefan Woltmann woltmanns@apsu.edu: Avian Ecology: Winter ecology of White-throated Sparrows

Manisha N. Gupte guptem@apsu.edu: Exploring how high-fat diets link obesity to diabetes, heart disease, and brain health

Renhou Wang (wangr@apsu.edu): Genome editing, plant molecular biology, and genomics

Rebecca Blanton Johansen (johansenr@apsu.edu): Fish and crayfish evolution, systematics, and conservation. Funding and supplies for all research activities will be provided. Interested students should send an updated CV, unofficial transcripts, and a research interest statement that addresses past research experiences and research interests for graduate school to johansenr@apsu.edu by January 15th, 2026 for an initial review. Competitive applicants will be contacted for interview and invited to submit an application to our graduate program by 1 March 2026.

Gilbert Pitts (pitttsg@apsu.edu): Reproductive neuroendocrinology and biomechanics & prosthetics

Contact
Mollie Cashner
cashnerm@apsu.edu (preferred contact method)","The Department of Biology at Austin Peay State University (APSU) invites applications for admission to our M.S. program for Fall 2026. We offer both thesis-track and non-thesis track degrees. The program comprises approximately 30 graduate students supported by research and teaching assistantships. APSU (11,000 students) is located in Clarksville, TN, 45 minutes northwest of Nashville and is in close proximity to remnant prairies, numerous parks and public lands, and diverse aquatic ecosystems. For more information about the Biology Department and resources for research, please visit www.apsu.edu/biology/index.php.

The application deadline for Fall 2026 admission is March 1. For more information on application and admission requirements, see https://catalog.apsu.edu/preview_program.php?catoid=51&poid=13983&returnto=3995. Successful applicants pursuing the thesis track will receive support from teaching or research assistantships and receive a full tuition waiver and stipend. Those on the non-thesis track will also be eligible to apply for a GTA if positions are available.

The following faculty are recruiting thesis-track students for the upcoming Fall 2026-2027 academic year:

Mollie F. Cashner cashnerm@apsu.edu: Behavioral ecology of North American minnows

Stefan Woltmann woltmanns@apsu.edu: Avian Ecology: Winter ecology of White-throated Sparrows

Manisha N. Gupte guptem@apsu.edu: Exploring how high-fat diets link obesity to diabetes, heart disease, and brain health

Renhou Wang (wangr@apsu.edu): Genome editing, plant molecular biology, and genomics

Rebecca Blanton Johansen (johansenr@apsu.edu): Fish and crayfish evolution, systematics, and conservation. Funding and supplies for all research activities will be provided. Interested students should send an updated CV, unofficial transcripts, and a research interest statement that addresses past research experiences and research interests for graduate school to johansenr@apsu.edu by January 15th, 2026 for an initial review. Competitive applicants will be contacted for interview and invited to submit an application to our graduate program by 1 March 2026.

Gilbert Pitts (pitttsg@apsu.edu): Reproductive neuroendocrinology and biomechanics & prosthetics","The program comprises approximately 30 graduate students supported by research and teaching assistantships. For more information about the Biology Department and resources for research, please visit www. Successful applicants pursuing the thesis track will receive support from teaching or research assistantships and receive a full tuition waiver and stipend",,"03/01/2026
Published:
10/17/2025
Starting Date:
after 8/1/2026
Hours per Week:
20 - 40
Salary:
Commensurate / Negotiable
Education Required:
Bachelors
Experience Required:
none
Location:
Clarksville, Tennessee
Tags:
Graduate Opportunities
Description
The Department of Biology at Austin Peay State University (APSU) invites applications for admission to our M",True,0.85,Masters Position,Fisheries and Aquatic,0.0,[],False,,2026-02-19T18:12:10.502931+00:00,scrape_20260219_181116_cb92cc01,2.0,2026-02-19T18:12:10.502931+00:00,2026-02-19T18:12:10.502931+00:00,Fisheries and Aquatic,Human Dimensions,rule,,,,,True,Tennessee,US,,,,,,,,,,,,,
MS or PhD Position in Urban Nature-Based Solutions Assessment,Auburn University (State),"Auburn University (Auburn, Alabama)","$24,500 to $27,500 per year",after 1/1/2026,10/13/2025,Graduate Opportunities,https://jobs.rwfm.tamu.edu/view-job/?id=109694,"MS or PhD Position in Urban Nature-Based Solutions Assessment
Auburn University (State) | https://emo.auburn.edu/
Details
Application Deadline:
03/31/2026
Published:
10/13/2025
Starting Date:
after 1/1/2026
Hours per Week:
20 - 40
Salary:
$24,500 to $27,500 per year
Education Required:
Bachelors
Experience Required:
at least 4 years
Location:
Auburn University (Auburn, Alabama)
Tags:
Graduate Opportunities
Description
We are inviting applications for a fully funded MS or PhD position to join an interdisciplinary research team at Auburn University’s College of Forestry, Wildlife and Environment. The successful candidate will contribute to research on nature-based solutions in urban environments aimed at mitigating climate-related hazards such as heat waves and hurricanes. This project integrates social, ecological, and spatial sciences to design sustainable and equitable approaches to urban resilience.


The selected student will be co-advised by Dr. Zutao Ouyang (zzy0066@auburn.edu) and Dr. Yaoqi Zhang (zhangy3@auburn.edu). The assistantship provides a competitive annual stipend of $24,500 for MS students or $27,500 for PhD students, along with full tuition coverage. Students will have the flexibility to develop their own research focus within the broader project framework, while contributing to its core objectives.


The position begins in Spring 2026 (January) or Fall 2026 (August).

Required Qualifications:

1.      Bachelor’s degree in Geography, Ecology, GIS, Environmental Science, or a related field
2.      Strong oral and written communication skills in English
3.      Demonstrated ability to work independently and collaborate in interdisciplinary teams
4.      Self-motivation, a positive attitude, and strong interpersonal skills

 Preferred Qualifications:

1.      Experience with spatial modeling, GIS software, Remote Sensing, or Machine Learning
2.      Experience presenting and publishing research in peer-reviewed venues
3.      Experience working with government agencies or community partners

How to Apply

Email Dr. Zutao Ouyang (zzy0066@auburn.edu ) or Dr. Yaoqi Zhang (zhangy3@auburn.edu ) with the subject line: “Nature-based Solutions MS/PhD Application.”

Attach a single PDF containing the following:

Cover letter describing your research interests, relevant experience, and motivation for applying: (1) Curriculum Vitae (CV); (2) Unofficial transcripts; (3) Contact information for three references; (4) TOEFL or IELTS scores (if applicable)

Contact
Zutao Yang
6507099878
zzy0066@auburn.edu (preferred contact method)","We are inviting applications for a fully funded MS or PhD position to join an interdisciplinary research team at Auburn University’s College of Forestry, Wildlife and Environment. The successful candidate will contribute to research on nature-based solutions in urban environments aimed at mitigating climate-related hazards such as heat waves and hurricanes. This project integrates social, ecological, and spatial sciences to design sustainable and equitable approaches to urban resilience.


The selected student will be co-advised by Dr. Zutao Ouyang (zzy0066@auburn.edu) and Dr. Yaoqi Zhang (zhangy3@auburn.edu). The assistantship provides a competitive annual stipend of $24,500 for MS students or $27,500 for PhD students, along with full tuition coverage. Students will have the flexibility to develop their own research focus within the broader project framework, while contributing to its core objectives.


The position begins in Spring 2026 (January) or Fall 2026 (August).

Required Qualifications:

1.      Bachelor’s degree in Geography, Ecology, GIS, Environmental Science, or a related field
2.      Strong oral and written communication skills in English
3.      Demonstrated ability to work independently and collaborate in interdisciplinary teams
4.      Self-motivation, a positive attitude, and strong interpersonal skills

 Preferred Qualifications:

1.      Experience with spatial modeling, GIS software, Remote Sensing, or Machine Learning
2.      Experience presenting and publishing research in peer-reviewed venues
3.      Experience working with government agencies or community partners

How to Apply

Email Dr. Zutao Ouyang (zzy0066@auburn.edu ) or Dr. Yaoqi Zhang (zhangy3@auburn.edu ) with the subject line: “Nature-based Solutions MS/PhD Application.”

Attach a single PDF containing the following:

Cover letter describing your research interests, relevant experience, and motivation for applying: (1) Curriculum Vitae (CV); (2) Unofficial transcripts; (3) Contact information for three references; (4) TOEFL or IELTS scores (if applicable)","edu/
Details
Application Deadline:
03/31/2026
Published:
10/13/2025
Starting Date:
after 1/1/2026
Hours per Week:
20 - 40
Salary:
$24,500 to $27,500 per year
Education Required:
Bachelors
Experience Required:
at least 4 years
Location:
Auburn University (Auburn, Alabama)
Tags:
Graduate Opportunities
Description
We are inviting applications for a fully funded MS or PhD position to join an interdisciplinary research team at Auburn University’s College of Forestry, Wildlife and Environment. The successful candidate will contribute to research on nature-based solutions in urban environments aimed at mitigating climate-related hazards such as heat waves and hurricanes. Students will have the flexibility to develop their own research focus within the broader project framework, while contributing to its core objectives",,"03/31/2026
Published:
10/13/2025
Starting Date:
after 1/1/2026
Hours per Week:
20 - 40
Salary:
$24,500 to $27,500 per year
Education Required:
Bachelors
Experience Required:
at least 4 years
Location:
Auburn University (Auburn, Alabama)
Tags:
Graduate Opportunities
Description
We are inviting applications for a fully funded MS or PhD position to join an interdisciplinary research team at Auburn University’s College of Forestry, Wildlife and Environment",True,0.85,PhD Position,Wildlife,0.0,[],False,,2026-02-19T18:11:49.535109+00:00,scrape_20260219_181116_cb92cc01,2.0,2026-02-19T18:11:49.535109+00:00,2026-02-19T18:11:49.535109+00:00,Wildlife,Forestry and Habitat,rule,24500.0,0.8,30625.0,analytics_backfill,True,Alabama,US,,,,,,,,,,,,,
Graduate Student Opportunities in Behavioral Ecology of Fish,"Department of Biology, Ball State University (State)","Foundational Sciences Building , 1600 Ashland Ave (Muncie, Indiana)",Commensurate / Negotiable,after 8/15/2026,10/13/2025,Graduate Opportunities,https://jobs.rwfm.tamu.edu/view-job/?id=109696,"Graduate Student Opportunities in Behavioral Ecology of Fish
Department of Biology, Ball State University (State) | https://www.bsu.edu/
Details
Posting:
https://www.animalbehaviorlab.com/
Application Deadline:
08/15/2026
Published:
10/13/2025
Starting Date:
after 8/15/2026
Hours per Week:
20 - 40
Salary:
Commensurate / Negotiable
Education Required:
Bachelors
Experience Required:
none
Location:
Foundational Sciences Building , 1600 Ashland Ave (Muncie, Indiana)
Tags:
Graduate Opportunities
Description
 The Ward Lab at Ball State University is seeking motivated graduate students to begin in Fall 2026. Current research in the lab spans three themes in behavioral ecology: 1) The social ecology of the nest in oviparous species, with a focus on embryonic learning and communication in the context of predator recognition; 2) the geometry and function of movement displays and the role of the lateral line system in social communication; and 3) the biological effects of multiple human-mediated environmental stressors across ontogeny (embryo, larval, and adult stages). These themes reflect the lab’s broader, long-term goal of understanding the development, function, evolution, and behavior of animals in aquatic ecosystems. Students with interests in behavioral development, learning, social interactions, communication, sensory ecology, or conservation and behavior are especially encouraged to apply. 
 Student funding is available through a variety of sources, including departmental teaching assistantships. The Ward Lab is housed in the newly constructed, LEED-certified Foundational Sciences Building at Ball State University, which offers state-of-the-art research and teaching facilities. The Department of Biology fosters a collaborative and dynamic environment with 30 faculty members and approximately 45 graduate students. Ball State University is located in Muncie, Indiana, on an attractive and welcoming campus about 45 miles northeast of Indianapolis. 
 
 Prospective students should contact Dr. Jessica Ward at ward@bsu.edu. Please include (i) a letter of motivation, including a statement of your research interests and relevant technical skills and experience; (ii) a CV; (iii) unofficial transcripts; (iv) contact information for 3 academic references; and (v) a scientific writing sample. For MS applicants, a working knowledge of statistics is preferred but not required. For PhD applicants, please note that the successful prior completion of an MS degree is required for admission to the PhD program. For best consideration, please apply as soon as possible. Applications will be reviewed as they are received.
 
 To learn more about admissions requirements and processes, applicants may visit the University graduate admissions webpage (https://www.bsu.edu/academics/collegesanddepartments/gradschool). Ball State University is an equal opportunity employer. All qualified applicants will receive equal consideration for employment without regard to race, religion, color, sex (including pregnancy), sexual orientation, gender identity or gender expression, disability, genetic information, ethnicity, national origin or ancestry, age, protected veteran status, or any legally protected status. 
 Please contact Dr. Jessica Ward (ward@bsu.edu) with questions.
 

Contact
Jessica Ward
ward@bsu.edu (preferred contact method)","Hours per Week:
20 - 40
Salary:
Commensurate / Negotiable
Education Required:
Bachelors
Experience Required:
none","Current research in the lab spans three themes in behavioral ecology: 1) The social ecology of the nest in oviparous species, with a focus on embryonic learning and communication in the context of predator recognition; 2) the geometry and function of movement displays and the role of the lateral line system in social communication; and 3) the biological effects of multiple human-mediated environmental stressors across ontogeny (embryo, larval, and adult stages). The Ward Lab is housed in the newly constructed, LEED-certified Foundational Sciences Building at Ball State University, which offers state-of-the-art research and teaching facilities. Please include (i) a letter of motivation, including a statement of your research interests and relevant technical skills and experience; (ii) a CV; (iii) unofficial transcripts; (iv) contact information for 3 academic references; and (v) a scientific writing sample",,"08/15/2026
Published:
10/13/2025
Starting Date:
after 8/15/2026
Hours per Week:
20 - 40
Salary:
Commensurate / Negotiable
Education Required:
Bachelors
Experience Required:
none
Location:
Foundational Sciences Building , 1600 Ashland Ave (Muncie, Indiana)
Tags:
Graduate Opportunities
Description
 The Ward Lab at Ball State University is seeking motivated graduate students to begin in Fall 2026",True,0.8,Graduate Assistantship,Fisheries and Aquatic,0.0,[],False,,2026-02-19T18:11:55.709709+00:00,scrape_20260219_181116_cb92cc01,2.0,2026-02-19T18:11:55.709709+00:00,2026-02-19T18:11:55.709709+00:00,Fisheries and Aquatic,Wildlife,rule,,,,,True,Indiana,US,,,,,,,,,,,,,
Ph.D. position - CrustNet,University of Texas at El Paso (State),"500 W. University Ave. (El Paso, Texas)","$28,000 per year",between 6/1/2026 and 1/31/2027,09/03/2025,Graduate Opportunities,https://jobs.rwfm.tamu.edu/view-job/?id=96957,"Ph.D. position - CrustNet
University of Texas at El Paso (State)
Details
Posting:
http://anthony.darrouzet-nardi.net
Application Deadline:
03/01/2026
Published:
09/03/2025
Starting Date:
between 6/1/2026 and 1/31/2027
Hours per Week:
20
Salary:
$28,000 per year
Education Required:
Bachelors
Experience Required:
none
Location:
500 W. University Ave. (El Paso, Texas)
Tags:
Graduate Opportunities
Description
The Darrouzet-Nardi Laboratory at the University of Texas at El Paso is recruiting a fully funded Ph.D. student in UTEP's Ecology and Evolutionary Biology Ph.D. Program to join the recently NSF-funded CrustNet project. CrustNet is an international experimental network focused on biocrust ecology, examining biocrust biodiversity, function, and resilience under global change. The position offers guaranteed stipend support through research and teaching assistantships, extensive fieldwork in the Chihuahuan Desert, and opportunities to analyze samples from dozens of sites worldwide. Students will gain hands-on experience with soil and ecosystem measurements, collaborate with an international community of biocrust researchers, and develop high-impact publications based on network data.  For strong applicants seriously considering UTEP, I may be able to provide support for a campus visit to meet the lab and see our facilities. This is an excellent opportunity for a desert-loving ecologist with a background in fieldwork, soils, or dryland ecology who is ready to take the next step toward a research career. For more information, see my website or send an inquiry email to ajdarrouzetnardi@utep.edu. 
Contact
Anthony Darrouzet-Nardi
9157476994
ajdarrouzetnardi@utep.edu (preferred contact method)","Hours per Week:
20
Salary:
$28,000 per year
Education Required:
Bachelors
Experience Required:
none","The position offers guaranteed stipend support through research and teaching assistantships, extensive fieldwork in the Chihuahuan Desert, and opportunities to analyze samples from dozens of sites worldwide. Students will gain hands-on experience with soil and ecosystem measurements, collaborate with an international community of biocrust researchers, and develop high-impact publications based on network data. This is an excellent opportunity for a desert-loving ecologist with a background in fieldwork, soils, or dryland ecology who is ready to take the next step toward a research career",,"03/01/2026
Published:
09/03/2025
Starting Date:
between 6/1/2026 and 1/31/2027
Hours per Week:
20
Salary:
$28,000 per year
Education Required:
Bachelors
Experience Required:
none
Location:
500 W",True,0.85,Graduate Position,Other,0.0,[],False,,2026-02-19T18:12:18.112025+00:00,scrape_20260219_181116_cb92cc01,2.0,2026-02-19T18:12:18.112025+00:00,2026-02-19T18:12:18.112025+00:00,Other,,rule,28000.0,0.95,29473.68,analytics_backfill,True,Texas,US,,,,,,,,,,,,,
Graduate Research Assistant/Ant Colony Impacts on Ecosystems,University of Texas at Tyler (State),"University of Texas at Tyler (Tyler, Texas)","$21,000 per year",after 1/15/2026,08/29/2024,"[""Graduate Opportunities""]",https://jobs.rwfm.tamu.edu/view/97796/,"Graduate Research Assistant/Ant Colony Impacts on Ecosystems
University of Texas at Tyler (State)
Application Deadline:
10/15/2025
Published:
08/29/2024
Starting Date:
after 1/15/2026
Ending Date:
after 1/14/2028
Hours per Week:
20
Salary:
$21,000 per year
Education Required:
Bachelors
Experience Required:
none
Location:
University of Texas at Tyler (Tyler, Texas)
Tags:
Graduate Opportunities
Grant
10 months ago
Open in New Window",,,,10/15/2025,True,0.85,Graduate Assistantship,Entomology,,,,,2025-07-13T14:46:06.422768+00:00,,4.0-targeted,2025-07-11T10:29:13.350435,2025-07-11T10:29:13.350435,Entomology,,rule,21000.0,0.95,22105.263157894737,source_data,True,Texas,US,Southwest,-6465478034726406420,97796,"$21,000 per year",20,Bachelors,none,True,2025-07-13T14:47:11.245041+00:00,,,,
PhD Position at University of Alaska Fairbanks,University of Alaska Fairbanks (State),"2150 N. Koyukuk Dr. (Fairbanks, Alaska)",Commensurate / Negotiable,between 8/29/2025 and 12/28/2026,08/28/2025,Graduate Opportunities,https://jobs.rwfm.tamu.edu/view-job/?id=108706,"PhD Position at University of Alaska Fairbanks
University of Alaska Fairbanks (State) | https://www.uaf.edu/cfos/
Details
Posting:
https://www.uaf.edu/cfos/academics/emerge-alaska/index.php
Application Deadline:
08/28/2026
Published:
08/28/2025
Starting Date:
between 8/29/2025 and 12/28/2026
Ending Date:
between 8/28/2029 and 12/28/2029
Hours per Week:
40
Salary:
Commensurate / Negotiable
Education Required:
Masters
Experience Required:
at least 1 year
Location:
2150 N. Koyukuk Dr. (Fairbanks, Alaska)
Tags:
Graduate Opportunities
Description
EMERGE Alaska is recruiting 12 PhD students at the University of Alaska Fairbanks College of Fisheries and Ocean Sciences to start in May or August 2026. EMERGE Alaska is an NSF funded program for students who received an Honorable Mention on the NSF Graduate Research Fellowship Program (GRFP) during the last 3 years. The fellowship provides full financial support for three years. Applicants must be U.S. Citizens, Nationals or Green Card holders. Details are at the EMERGE website. Apply now until Jan 15, 2026.
Contact
Dr. Jessica Glass
jrglass@alaska.edu (preferred contact method)","Hours per Week:
40
Salary:
Commensurate / Negotiable
Education Required:
Masters
Experience Required:
at least 1 year",EMERGE Alaska is an NSF funded program for students who received an Honorable Mention on the NSF Graduate Research Fellowship Program (GRFP) during the last 3 years,,"08/28/2026
Published:
08/28/2025
Starting Date:
between 8/29/2025 and 12/28/2026
Ending Date:
between 8/28/2029 and 12/28/2029
Hours per Week:
40
Salary:
Commensurate / Negotiable
Education Required:
Masters
Experience Required:
at least 1 year
Location:
2150 N",True,0.85,PhD Position,Fisheries and Aquatic,0.0,[],False,,2026-02-19T18:11:49.583267+00:00,scrape_20260219_181116_cb92cc01,2.0,2026-02-19T18:11:49.583267+00:00,2026-02-19T18:11:49.583267+00:00,Fisheries and Aquatic,,rule,,,,,True,Alaska,US,,,,,,,,,,,,,
Ph.D. Teaching Assistantship for Bat Ecology (tuition waiver for 3 years),Texas State University (State),"Texas State University (San Marcos, Texas)","$31,615 per year",after 1/15/2027,07/17/2026,Graduate Opportunities,https://jobs.rwfm.tamu.edu/view-job/?id=116611,"Ph.D. Teaching Assistantship for Bat Ecology (tuition waiver for 3 years)
Texas State University (State) | https://www.bio.txst.edu/
Details
Application Deadline:
08/05/2026
Published:
07/17/2026
Starting Date:
after 1/15/2027
Hours per Week:
40
Salary:
$31,615 per year
Education Required:
Masters
Experience Required:
at least 2 years
Location:
Texas State University (San Marcos, Texas)
Tags:
Graduate Opportunities
Description
 Overview
I am seeking an outstanding individual to pursue a doctoral degree in bat ecology at Texas State University. I am particularly interested in applicants that can use already collected acoustic data from Texas and South Africa, combined with the North American Bat Monitoring Program database to answer various population and community ecology questions of their interest.  There will be opportunity for field-work if the applicant desires including monitoring bats through mist netting, thermal and IR cameras, and acoustics. The successful applicant will work with me and their committee to formulate their own research questions and be expected to complete the writing and quantitative components of their dissertation.
 
The position requires teaching two lab sections during the long semesters with pay at $31,615/year ($3,512.85/month for 9 months) . There will be opportunities for further funding through competitive scholarships and grants. Tuition will be waived for three years, any longer with have Texas resident tuition rate. 

Research Focus
I have bat acoustic data collected from Texas and South Africa and expect the student to formulate independent research questions and hypotheses with advice from myself and their committee. I also have supplies such as mist nets, thermal and IR cameras, acoustic recorders, etc. to formulate a field-based study. Texas is home to the most number of bat species and the largest bat colonies in the world. Central Texas alone has over 100 million Brazilian free-tailed bats so there are many research possibilities.

Qualification
A MS degree in wildlife biology/management or closely-related field is required. Excellent communication and time-management skills, a strong work ethic, and attention to detail also are essential. The candidate must also have a valid Texas driver’s license, or be able to obtain a valid Texas driver’s license immediately upon starting.  This is a fully-immersive Ph.D. program and the student must reside in San Marcos. 

The teaching assistantships are competitive at Texas State University. To qualify, it will be necessary to have a 3.0 or higher GPA and experience presenting research at conferences and preferred to have at least one peer-reviewed publication. 

Deadline 
Applicants will first apply with Dr. Sarah Fritts and then will be added to the pool of Ph.D. applicants for the Department of Biology to compete for the teaching assistantship. 

By August 5th, please send only one PDF file with a cover letter outlining your qualifications, research interests and experiences including potential research questions you may be interested in pursuing in this Ph.D. role, copy of all transcripts that also includes coursework and overall GPA, GRE scores (if available), a CV, contact details of three references, and an example of your writing to Dr. Fritts (fritts.sarah@txstate.edu). 

Texas State University 
Texas State University has been an emerging research university with plans to become R1 in 2027. This position is in the Department of Biology, which is a large and multidisciplinary department with many strong, well-funded research programs and a wide array of course offerings for undergraduate and graduate students. Our faculty engage in innovative research meant to uncover new knowledge and provide that knowledge to the state, country, and the world.  Through our education, scholarship, and outreach activities, the department enhances the image of the university by using the life sciences to help meet current and future needs of society. 

 

Contact
Dr. Sarah Fritts
fritts.sarah@txstate.edu (preferred contact method)","Overview
I am seeking an outstanding individual to pursue a doctoral degree in bat ecology at Texas State University. I am particularly interested in applicants that can use already collected acoustic data from Texas and South Africa, combined with the North American Bat Monitoring Program database to answer various population and community ecology questions of their interest.  There will be opportunity for field-work if the applicant desires including monitoring bats through mist netting, thermal and IR cameras, and acoustics. The successful applicant will work with me and their committee to formulate their own research questions and be expected to complete the writing and quantitative components of their dissertation.
 
The position requires teaching two lab sections during the long semesters with pay at $31,615/year ($3,512.85/month for 9 months) . There will be opportunities for further funding through competitive scholarships and grants. Tuition will be waived for three years, any longer with have Texas resident tuition rate. 

Research Focus
I have bat acoustic data collected from Texas and South Africa and expect the student to formulate independent research questions and hypotheses with advice from myself and their committee. I also have supplies such as mist nets, thermal and IR cameras, acoustic recorders, etc. to formulate a field-based study. Texas is home to the most number of bat species and the largest bat colonies in the world. Central Texas alone has over 100 million Brazilian free-tailed bats so there are many research possibilities.

Qualification
A MS degree in wildlife biology/management or closely-related field is required. Excellent communication and time-management skills, a strong work ethic, and attention to detail also are essential. The candidate must also have a valid Texas driver’s license, or be able to obtain a valid Texas driver’s license immediately upon starting.  This is a fully-immersive Ph.D. program and the student must reside in San Marcos. 

The teaching assistantships are competitive at Texas State University. To qualify, it will be necessary to have a 3.0 or higher GPA and experience presenting research at conferences and preferred to have at least one peer-reviewed publication. 

Deadline 
Applicants will first apply with Dr. Sarah Fritts and then will be added to the pool of Ph.D. applicants for the Department of Biology to compete for the teaching assistantship. 

By August 5th, please send only one PDF file with a cover letter outlining your qualifications, research interests and experiences including potential research questions you may be interested in pursuing in this Ph.D. role, copy of all transcripts that also includes coursework and overall GPA, GRE scores (if available), a CV, contact details of three references, and an example of your writing to Dr. Fritts (fritts.sarah@txstate.edu). 

Texas State University 
Texas State University has been an emerging research university with plans to become R1 in 2027. This position is in the Department of Biology, which is a large and multidisciplinary department with many strong, well-funded research programs and a wide array of course offerings for undergraduate and graduate students. Our faculty engage in innovative research meant to uncover new knowledge and provide that knowledge to the state, country, and the world.  Through our education, scholarship, and outreach activities, the department enhances the image of the university by using the life sciences to help meet current and future needs of society.","The successful applicant will work with me and their committee to formulate their own research questions and be expected to complete the writing and quantitative components of their dissertation. Research Focus
I have bat acoustic data collected from Texas and South Africa and expect the student to formulate independent research questions and hypotheses with advice from myself and their committee. Central Texas alone has over 100 million Brazilian free-tailed bats so there are many research possibilities",,"08/05/2026
Published:
07/17/2026
Starting Date:
after 1/15/2027
Hours per Week:
40
Salary:
$31,615 per year
Education Required:
Masters
Experience Required:
at least 2 years
Location:
Texas State University (San Marcos, Texas)
Tags:
Graduate Opportunities
Description
 Overview
I am seeking an outstanding individual to pursue a doctoral degree in bat ecology at Texas State University",True,0.85,Graduate Assistantship,Wildlife,0.0,[],False,,2026-07-18T21:57:24.973124+00:00,scrape_20260718_215658_6e51326a,2.0,,,Wildlife,,rule,31615.0,0.95,33278.95,analytics_backfill,True,Texas,US,,,,,,,,,,,,,
Graduate Services Assistant in Insect Vector Ecology,Arizona State University (State),"Mesa, Arizona","up to $31,200 per year",after 8/17/2026,07/17/2026,N/A,https://jobs.rwfm.tamu.edu/view-job/?id=117696,"Graduate Services Assistant in Insect Vector Ecology
Arizona State University (State)
Details
Application Deadline:
07/31/2026
Published:
07/17/2026
Starting Date:
after 8/17/2026
Hours per Week:
at least 20
Salary:
up to $31,200 per year
Education Required:
Bachelors
Experience Required:
none
Location:
Mesa, Arizona
Description
A Graduate Services Assistant position is available for an MS student to support research on climate-dependent dynamics of disease-causing insects in the Lyberger Lab at Arizona State University. This position is well suited for a student interested in quantitative ecology, ecological modeling, population dynamics, disease ecology, and the effects of environmental variation on insect vectors. Broadly, this work will contribute to projects examining how temperature and climate variability influence insect population dynamics and potential disease transmission risk. Primary responsibilities may include conducting literature reviews, processing environmental or climate data, developing statistical or mechanistic models, and preparing presentations and manuscripts. Depending on project needs and the student’s training goals, work may also involve experimental design, insect collection or rearing, and integration of experimental data with environmental or population-level datasets.

Required qualifications: a Bachelor’s degree in biology, ecology, environmental science, entomology, applied mathematics, statistics, data science, or a related field; strong academic record; strong interest in quantitative ecology, ecological modeling, population dynamics, disease ecology, climate change biology, or insect vectors.
Preferred qualifications: familiarity with R, Python, or similar programming languages; experience working with spatial data, remote sensing products, or large environmental datasets; experience with scientific writing and data management; ability to work independently and manage large datasets.
 The student must be able to begin in person in Mesa, AZ. The anticipated start date is August 17, 2026, although a January 2027 start date may be possible.
 Funding and Enrollment
This is a Graduate Services Assistant appointment:
20 hours/week during the academic year and summer
$1,200 biweekly stipend, up to $31,200 annually
This appointment does not include tuition remission or health insurance benefits. Tuition estimator: https://tuition.asu.edu/cost/tuition-estimator
The student will enroll in the M.S. program in Applied Biological Sciences in the College of Integrative Sciences and Arts.
 Application Instructions
Applicants must first be selected for the GSA position before submitting their ASU graduate application.
To apply for the GSA position, email a single PDF with the following materials in this order: (1) a cover letter describing research interests and career goals, (2) a CV or resume, (3) contact information for three references, and (4) unofficial transcripts. Name the file as Lastname_Firstname.pdf.
Send materials to Dr. Kelsey Lyberger at Kelsey.lyberger@asu.edu.
Application deadline: July 21, 2026.
Contact
Kelsey Lyberger
kelsey.lyberger@asu.edu (preferred contact method)","A Graduate Services Assistant position is available for an MS student to support research on climate-dependent dynamics of disease-causing insects in the Lyberger Lab at Arizona State University. This position is well suited for a student interested in quantitative ecology, ecological modeling, population dynamics, disease ecology, and the effects of environmental variation on insect vectors. Broadly, this work will contribute to projects examining how temperature and climate variability influence insect population dynamics and potential disease transmission risk. Primary responsibilities may include conducting literature reviews, processing environmental or climate data, developing statistical or mechanistic models, and preparing presentations and manuscripts. Depending on project needs and the student’s training goals, work may also involve experimental design, insect collection or rearing, and integration of experimental data with environmental or population-level datasets.

Required qualifications: a Bachelor’s degree in biology, ecology, environmental science, entomology, applied mathematics, statistics, data science, or a related field; strong academic record; strong interest in quantitative ecology, ecological modeling, population dynamics, disease ecology, climate change biology, or insect vectors.
Preferred qualifications: familiarity with R, Python, or similar programming languages; experience working with spatial data, remote sensing products, or large environmental datasets; experience with scientific writing and data management; ability to work independently and manage large datasets.
 The student must be able to begin in person in Mesa, AZ. The anticipated start date is August 17, 2026, although a January 2027 start date may be possible.
 Funding and Enrollment
This is a Graduate Services Assistant appointment:
20 hours/week during the academic year and summer
$1,200 biweekly stipend, up to $31,200 annually
This appointment does not include tuition remission or health insurance benefits. Tuition estimator: https://tuition.asu.edu/cost/tuition-estimator
The student will enroll in the M.S. program in Applied Biological Sciences in the College of Integrative Sciences and Arts.
 Application Instructions
Applicants must first be selected for the GSA position before submitting their ASU graduate application.
To apply for the GSA position, email a single PDF with the following materials in this order: (1) a cover letter describing research interests and career goals, (2) a CV or resume, (3) contact information for three references, and (4) unofficial transcripts. Name the file as Lastname_Firstname.pdf.
Send materials to Dr. Kelsey Lyberger at Kelsey.lyberger@asu.edu.
Application deadline: July 21, 2026.","Graduate Services Assistant in Insect Vector Ecology
Arizona State University (State)
Details
Application Deadline:
07/31/2026
Published:
07/17/2026
Starting Date:
after 8/17/2026
Hours per Week:
at least 20
Salary:
up to $31,200 per year
Education Required:
Bachelors
Experience Required:
none
Location:
Mesa, Arizona
Description
A Graduate Services Assistant position is available for an MS student to support research on climate-dependent dynamics of disease-causing insects in the Lyberger Lab at Arizona State University. To apply for the GSA position, email a single PDF with the following materials in this order: (1) a cover letter describing research interests and career goals, (2) a CV or resume, (3) contact information for three references, and (4) unofficial transcripts",,"07/31/2026
Published:
07/17/2026
Starting Date:
after 8/17/2026
Hours per Week:
at least 20
Salary:
up to $31,200 per year
Education Required:
Bachelors
Experience Required:
none
Location:
Mesa, Arizona
Description
A Graduate Services Assistant position is available for an MS student to support research on climate-dependent dynamics of disease-causing insects in the Lyberger Lab at Arizona State University",True,0.75,Graduate Position,Environmental Sciences,0.198,"[""environmental science"", ""ecology"", ""climate change""]",False,,2026-07-18T21:57:25.482112+00:00,scrape_20260718_215658_6e51326a,2.0,,,Environmental Sciences,Entomology,rule,31200.0,0.9,34666.67,analytics_backfill,True,Arizona,US,,,,,,,,,,,,,
Master of Science Graduate Research Assistantship: Using stable isotope analysis for tracking freshwater exposure by bottlenose dolphins,Mississippi State University (State),"775 Stone Blvd. (Mississippi State, Mississippi)","up to $20,000 per year",after 8/17/2026,07/17/2026,Graduate Opportunities,https://jobs.rwfm.tamu.edu/view-job/?id=117687,"Master of Science Graduate Research Assistantship: Using stable isotope analysis for tracking freshwater exposure by bottlenose dolphins
Mississippi State University (State) | https://www.cfr.msstate.edu/wildlife/
Details
Posting:
http://riverecologylab.org
Application Deadline:
07/31/2026
Published:
07/17/2026
Starting Date:
after 8/17/2026
Ending Date:
after 8/15/2028
Hours per Week:
at most 40
Salary:
up to $20,000 per year
Education Required:
Bachelors
Experience Required:
at least 1 year
Location:
775 Stone Blvd. (Mississippi State, Mississippi)
Tags:
Graduate Opportunities
Description
Project overview and responsibilities:  
Freshwater exposure is a commonly recognized threat to bottlenose dolphins in the MS Sound and many areas around the world. We will apply stable isotope analysis tools to assess spatial and temporal trends in freshwater exposure using stranded bottlenose dolphins' tissues as well as to determine how dolphin tissue decomposition affects isotopic ratios.
 The student will work with Dr. Sandra B. Correa, an Associate Professor in the Department of Wildlife, Fisheries, and Aquaculture. Duties include field sample collection in coastal rivers of Mississippi and laboratory work in coordination with collaborators at the College of Veterinary Medicine. In addition, the student will help prepare manuscripts for peer-reviewed publication, present results at professional conferences, and complete the requirements for an M.S. degree in 2 years.
 Qualifications: Undergraduate degree in wildlife and fisheries, biology, ecology, natural resources, biochemistry, or related field, excellent written and verbal communication skills in English, and strong interpersonal skills to work collaboratively. The ideal candidate will have an interest in aquatic ecology and statistics. This position is seasonally field intensive and will require close coordination with collaborators for sampling. A valid driver's license is required. Experience trailering and operating boats and developing and implementing standard operation procedures for laboratory work is highly desirable. GPA > 3.0.
 Salary and benefits: Limited to 2 years. The annual support package includes a US$20,000 stipend, tuition remission (≈ $15,000), and health insurance (≈ $2,000).
 Location: This position is based on the MSU campus in Starkville, Mississippi. 
 Start date: review will begin immediately and close when filled. Start date is August 16, 2026.
 Contact: to apply, please send an email to Dr, Sandra Correa (sbc257@msstate.edu). with the subject line “Dolphin & River Isotopes” and include the following documents: (1) cover letter describing experiential background, career goals, and project interest; (2) a resume; (3) email addresses and phone numbers for three references; (4) GRE scores if available; (5) updated official or unofficial transcripts. The successful candidate will eventually submit a formal application and official transcripts to the MSU Graduate School.
 Helpful links:
Dept. of Wildlife, Fisheries, and Aquaculture: https://www.cfr.msstate.edu/wildlife/
Correa River Ecology Lab: https://riverecologylab.org/
Contact
Sandra Bibiana Correa
6623250158
sbc257@msstate.edu (preferred contact method)","Project overview and responsibilities:  
Freshwater exposure is a commonly recognized threat to bottlenose dolphins in the MS Sound and many areas around the world. We will apply stable isotope analysis tools to assess spatial and temporal trends in freshwater exposure using stranded bottlenose dolphins' tissues as well as to determine how dolphin tissue decomposition affects isotopic ratios.
 The student will work with Dr. Sandra B. Correa, an Associate Professor in the Department of Wildlife, Fisheries, and Aquaculture. Duties include field sample collection in coastal rivers of Mississippi and laboratory work in coordination with collaborators at the College of Veterinary Medicine. In addition, the student will help prepare manuscripts for peer-reviewed publication, present results at professional conferences, and complete the requirements for an M.S. degree in 2 years.
 Qualifications: Undergraduate degree in wildlife and fisheries, biology, ecology, natural resources, biochemistry, or related field, excellent written and verbal communication skills in English, and strong interpersonal skills to work collaboratively. The ideal candidate will have an interest in aquatic ecology and statistics. This position is seasonally field intensive and will require close coordination with collaborators for sampling. A valid driver's license is required. Experience trailering and operating boats and developing and implementing standard operation procedures for laboratory work is highly desirable. GPA > 3.0.
 Salary and benefits: Limited to 2 years. The annual support package includes a US$20,000 stipend, tuition remission (≈ $15,000), and health insurance (≈ $2,000).
 Location: This position is based on the MSU campus in Starkville, Mississippi. 
 Start date: review will begin immediately and close when filled. Start date is August 16, 2026.
 Contact: to apply, please send an email to Dr, Sandra Correa (sbc257@msstate.edu). with the subject line “Dolphin & River Isotopes” and include the following documents: (1) cover letter describing experiential background, career goals, and project interest; (2) a resume; (3) email addresses and phone numbers for three references; (4) GRE scores if available; (5) updated official or unofficial transcripts. The successful candidate will eventually submit a formal application and official transcripts to the MSU Graduate School.
 Helpful links:
Dept. of Wildlife, Fisheries, and Aquaculture: https://www.cfr.msstate.edu/wildlife/
Correa River Ecology Lab: https://riverecologylab.org/","Master of Science Graduate Research Assistantship: Using stable isotope analysis for tracking freshwater exposure by bottlenose dolphins
Mississippi State University (State) | https://www",,"07/31/2026
Published:
07/17/2026
Starting Date:
after 8/17/2026
Ending Date:
after 8/15/2028
Hours per Week:
at most 40
Salary:
up to $20,000 per year
Education Required:
Bachelors
Experience Required:
at least 1 year
Location:
775 Stone Blvd",True,0.85,Graduate Assistantship,Fisheries and Aquatic,0.27,"[""fish"", ""fisheries"", ""aquatic"", ""freshwater"", ""river""]",False,,2026-07-18T21:57:25.833310+00:00,scrape_20260718_215658_6e51326a,2.0,,,Fisheries and Aquatic,Wildlife,rule,20000.0,0.75,26666.67,analytics_backfill,True,Mississippi,US,,,,,,,,,,,,,
Graduate Assistantship in the University of Tennessee at Chattanooga Herbarium,University of Tennessee at Chattanooga (State),"Holt Hall, 702 Mocs Alumni Dr., Chattanooga, TN 37403, USA (Chattanooga, Tennessee)","$18,600 to $23,600 per year",after 1/11/2027,07/16/2026,Graduate Opportunities,https://jobs.rwfm.tamu.edu/view-job/?id=117571,"Graduate Assistantship in the University of Tennessee at Chattanooga Herbarium
University of Tennessee at Chattanooga (State) | https://www.utc.edu
Details
Posting:
https://www.utc.edu/directory/ggw655-biology-geology-and-environmental-science-joey-shaw/ggw655
Application Deadline:
10/02/2026
Published:
07/16/2026
Starting Date:
after 1/11/2027
Hours per Week:
20 - 30
Salary:
$18,600 to $23,600 per year
Education Required:
Bachelors
Experience Required:
none
Location:
Holt Hall, 702 Mocs Alumni Dr., Chattanooga, TN 37403, USA (Chattanooga, Tennessee)
Tags:
Graduate Opportunities
Description

Agency

University of Tennessee at Chattanooga

Biology, Geology, and Environmental Science

Job Category

Graduate Assistantships (M.S.). Fulltime, 20 hours per week/280 hours per semester

Salary

A graduate position with $4,806 maintenance/tuition fee waiver and $4,500 stipend per semester (valued at $18,600 per year) is available starting Spring 2027 and will be available for up to six academic semesters depending on performance. It is very common in my lab for graduate students to be awarded separate summer contracting, but this cannot be listed as part of this position advertisement. [Note: this full-time GA is associated with a stipend that will be divided into four equal installments, paid at the end of September, October, November, December for the fall and January, February, March, and April for the spring. The partial maintenance fee waiver will be applied to your UTC account and may leave a remaining maintenance fee balance of approximately $1,100.  Also note, students will be responsible for other expenses, like books or parking permit.]

Start Date

01/08/2027

Last Date to Apply

10/02/2026

Description

I am seeking a Master's student interested in botanical research who is also looking gain experience running and growing a mid-sized herbarium from 50,000 to 65,000 specimens.  From the research perspective, this student and I may develop a thesis project on various topics related to floristics, invasive plant species, rare plant species, conservation, herbarium studies, or herbarium specimen digitization.  From the non-profit side, I seek a student willing to take on large aspects of the workload related to creating, organizing, running, and report-writing related to the 73rd annual SWFP.  Funding is available for up to three years (6 academic semesters). Separate, summer funding will likely be available through additional contract work on field-based or herbarium-based projects.  To apply, please include (1) a 1-page cover letter that includes statements about botanical experience and coursework as well as a statemen on (2) how this position may benefit career or educational goals, (3) CV, and (4) contact information for 4 references in a single PDF file, and send to joey-shaw@utc.edu.  Please use subject line ""UCHT Herbarium Assistantship"". Once I decide on a candidate, that candidate will also need to apply to the UTC Graduate Program.

The Department of Biology, Geology, and Environmental Science has >30 full-time faculty with more than 850 majors and offers B.S. Biology, B.S. Geology, B.S. Environmental Science, and M.S. Environmental Science degrees.

 The UCHT Herbarium contains >50,000 specimens that are part of the current collection and an additional 10 specimens in backlog. Herbarium specimens in this collection are mostly from Tennessee and north Georgia, but there are significant n8umbers of specimens from western states, and several countries from Africa, Asia, and Europe. UCHT was digitized as part of the larger SERNEC effort and many specimens have been more deeply digitized to include collectors, dates, and locality strings.  Primary responsibilities of this position will be to oversee the complete digitization of the herbarium as well as specimen preparation, integration, and digitization of the backlog.

The University of Tennessee at Chattanooga is the second largest school in the University of Tennessee System, serving a diverse student body of more than 11k undergraduate and graduate students through five academic colleges.  UTC offers a unique blend of private and public school traditions and is a driving force for achieving excellence, embracing diversity, inspiring positive change, and enriching the community.  

Chattanooga, the fourth largest city in the state, is located in Southeast Tennessee near the border of Georgia at the junction of four interstate highways. The city has received national recognition for the renaissance of its beautiful downtown and redevelopment of its riverfront.  Chattanooga also has the fastest internet in the country.  Home to the first Gig Internet in the United States, Chattanooga has a 100% fiber network that links every home and business in a 600-square mile area. Companies like Unum, McKee, U.S. Xpress, Volkswagen, Coke United and Amazon.com have chosen to set up shop in Chattanooga.  Attractions such as the Tennessee Aquarium, Lookout Mountain, Civil War battlefield sites, the African American Museum, and the Appalachian Trail bring thousands of people to the area, as do events like the Riverbend Festival, Nightfall, Jazzanooga, the Creative Discovery Museum for Children, and the Southern Writers Conference. Chattanooga is the home of the seven-time NCAA Southern Conference Football Champions.  The University of Tennessee at Chattanooga Mocs. P eople who love the outdoors use Chattanooga as the base for hang-gliding, bass fishing, mountain climbing and caving expeditions; the beautiful Smoky Mountains and Tennessee River support the richest variety of flora of any area in the United States. Chattanooga also has a long and rich past with regard to diversity, which includes Native American heritage, Civil War history, and the Civil Rights movement. Chattanooga is also just a two-hour (or less) drive from Atlanta, Nashville, Knoxville, and Birmingham.

The University of Tennessee Chattanooga is an EEO/AA/Title VI/Title IX/Section 504/ADA/ADEA institution. All qualified applicants will receive equal consideration for employment and will not be discriminated against on the basis of race, color, national origin, religion, sex, pregnancy, marital status, sexual orientation, gender identity, age, physical or mental disability, or protected veteran status.

Qualifications

REQUIRED (applicants without these will not be considered): Undergraduate degree in a related field. Undergraduate GPA > 3.0.  At least 1 undergraduate course (or other training) in botany and/or strong evidence of botanical experience.  Strong work ethic and communication skills.  STRONGLY DESIRED (applicants with one or more of these qualifications will be highly competitive): Understanding Symbiota/SERNEC portals, basic coding (R or Python), experience working with people; i.e., a strong candidate will be able to effectively communicate with academics, researchers, conservation workers, or members of the public.

Contact
Joey Shaw
423-443-9568
joey-shaw@utc.edu (preferred contact method)","Hours per Week:
20 - 30
Salary:
$18,600 to $23,600 per year
Education Required:
Bachelors
Experience Required:
none","]

Start Date

01/08/2027

Last Date to Apply

10/02/2026

Description

I am seeking a Master's student interested in botanical research who is also looking gain experience running and growing a mid-sized herbarium from 50,000 to 65,000 specimens. From the research perspective, this student and I may develop a thesis project on various topics related to floristics, invasive plant species, rare plant species, conservation, herbarium studies, or herbarium specimen digitization. , a strong candidate will be able to effectively communicate with academics, researchers, conservation workers, or members of the public",,"10/02/2026
Published:
07/16/2026
Starting Date:
after 1/11/2027
Hours per Week:
20 - 30
Salary:
$18,600 to $23,600 per year
Education Required:
Bachelors
Experience Required:
none
Location:
Holt Hall, 702 Mocs Alumni Dr",True,0.85,Graduate Assistantship,Fisheries and Aquatic,0.0,[],False,,2026-07-18T21:57:25.047094+00:00,scrape_20260718_215658_6e51326a,2.0,,,Fisheries and Aquatic,,rule,18600.0,0.85,21882.35,analytics_backfill,True,Tennessee,US,,,,,,,,,,,,,
"M.S. Research Assistantship - Invasive Carp as Bait in the Louisiana Wild Crawfish Fishery, Atchafalaya River Basin",Nicholls State University (State),"Thibodaux, Louisiana","starting at $24,000 per year",after 1/13/2027,07/15/2026,Graduate Opportunities,https://jobs.rwfm.tamu.edu/view-job/?id=117637,"M.S. Research Assistantship - Invasive Carp as Bait in the Louisiana Wild Crawfish Fishery, Atchafalaya River Basin
Nicholls State University (State) | https://www.nicholls.edu/
Details
Posting:
https://www.nicholls.edu/biology/master-of-science-degree-program/
Application Deadline:
10/01/2026
Published:
07/15/2026
Starting Date:
after 1/13/2027
Hours per Week:
at least 20
Salary:
starting at $24,000 per year
Education Required:
Bachelors
Experience Required:
none
Location:
Thibodaux, Louisiana
Tags:
Graduate Opportunities
Description
 M.S. Research Assistantship – 
Variable inclusion of carp fish meal in bait as an attractant for wild crawfish in the Atchafalaya River Basin, Louisiana 
 A Research Assistantship is available beginning in the Spring 2027 semester for the Master of Science in Marine and Environmental Biology program at Nicholls State University in Dr. Chris Bonvillain’s Aquatic Ecology and Astacology Lab (https://labs.nicholls.edu/bonvillain/).  The Research Assistantship include tuition and out of state fee waivers and a stipend of $24,000/yr.  For more information about the graduate program visit https://www.nicholls.edu/biology/master-of-science-degree-program/. 
 Project Description
The Atchafalaya River Basin in south-central Louisiana is the largest bottomland hardwood river-floodplain and swamp in North America and provides over 90% of the wild crawfish harvest in Louisiana, the most valuable fishery in the state and the largest wild crawfish harvest in North America.  The successful applicant will conduct a two-year field research project to examine artificial crawfish bait with variable inclusion of invasive carp fish meal to determine optimal inclusion for crawfish harvest.  This applied research project will benefit the commercial crawfish industry and help improve aquatic ecosystem health by increasing invasive carp harvest. 

This is a field intense project that includes crayfish trapping and handling and habitat assessment.  Applicants must possess a valid driver’s license, have experience operating outboard engine boats, and able to tolerate harsh field conditions (hot, humid, rain, bugs, etc.).  

Start Date and Stipend
Start Date:  The assistantship begins on 13 January 2027 and the project is scheduled to begin immediately.  
Stipend:  $24,000/year plus tuition and out-of-state fee waivers. 

Qualifications
Applicants must: 
·         Possess a valid driver’s license 
·         Be able to tolerate harsh field conditions (cold, hot, humid, rain, bugs) 
·         Have experience operating outboard engine boats (preferred) 

Admission requirements include: 
·         B.S. degree in a life science curriculum 
·         Minimum undergraduate GPA of 3.0 
·         Combined GRE (verbal + quantitative) of 300 if GPA < 3.5 (GRE not required for >3.5 GPA)

A cover letter, CV, official GRE scores, academic transcripts, and departmental application package (under admission requirements & application information) (https://www.nicholls.edu/biology/master-of-science-degree-program/) including three letters of recommendation (forms included in departmental application) can be sent to Dr. Bonvillain (chris.bonvillain@nicholls.edu). 
 Deadline for applying is October 1, 2026 or until a suitable applicant is selected. Application materials and questions regarding the program should be sent to Dr. Chris Bonvillain, chris.bonvillain@nicholls.edu. 
 Nicholls State University 
Nicholls State University is located in Thibodaux, Louisiana, on the banks of historic Bayou Lafourche in the heart of the Barataria-Terrebonne National Estuary.  The area is surrounded by cypress-tupelo swamps that give way to fresh marsh, brackish marsh, and salt marsh.  Nicholls is the southernmost university in Louisiana and is only an hour and half drive to the Gulf of Mexico, and an hour drive to New Orleans and Baton Rouge.  
Contact
Dr. Chris Bonvillain
(985) 449-7116
chris.bonvillain@nicholls.edu (preferred contact method)","M.S. Research Assistantship – 
Variable inclusion of carp fish meal in bait as an attractant for wild crawfish in the Atchafalaya River Basin, Louisiana 
 A Research Assistantship is available beginning in the Spring 2027 semester for the Master of Science in Marine and Environmental Biology program at Nicholls State University in Dr. Chris Bonvillain’s Aquatic Ecology and Astacology Lab (https://labs.nicholls.edu/bonvillain/).  The Research Assistantship include tuition and out of state fee waivers and a stipend of $24,000/yr.  For more information about the graduate program visit https://www.nicholls.edu/biology/master-of-science-degree-program/. 
 Project Description
The Atchafalaya River Basin in south-central Louisiana is the largest bottomland hardwood river-floodplain and swamp in North America and provides over 90% of the wild crawfish harvest in Louisiana, the most valuable fishery in the state and the largest wild crawfish harvest in North America.  The successful applicant will conduct a two-year field research project to examine artificial crawfish bait with variable inclusion of invasive carp fish meal to determine optimal inclusion for crawfish harvest.  This applied research project will benefit the commercial crawfish industry and help improve aquatic ecosystem health by increasing invasive carp harvest. 

This is a field intense project that includes crayfish trapping and handling and habitat assessment.  Applicants must possess a valid driver’s license, have experience operating outboard engine boats, and able to tolerate harsh field conditions (hot, humid, rain, bugs, etc.).  

Start Date and Stipend
Start Date:  The assistantship begins on 13 January 2027 and the project is scheduled to begin immediately.  
Stipend:  $24,000/year plus tuition and out-of-state fee waivers. 

Qualifications
Applicants must: 
·         Possess a valid driver’s license 
·         Be able to tolerate harsh field conditions (cold, hot, humid, rain, bugs) 
·         Have experience operating outboard engine boats (preferred) 

Admission requirements include: 
·         B.S. degree in a life science curriculum 
·         Minimum undergraduate GPA of 3.0 
·         Combined GRE (verbal + quantitative) of 300 if GPA < 3.5 (GRE not required for >3.5 GPA)

A cover letter, CV, official GRE scores, academic transcripts, and departmental application package (under admission requirements & application information) (https://www.nicholls.edu/biology/master-of-science-degree-program/) including three letters of recommendation (forms included in departmental application) can be sent to Dr. Bonvillain (chris.bonvillain@nicholls.edu). 
 Deadline for applying is October 1, 2026 or until a suitable applicant is selected. Application materials and questions regarding the program should be sent to Dr. Chris Bonvillain, chris.bonvillain@nicholls.edu. 
 Nicholls State University 
Nicholls State University is located in Thibodaux, Louisiana, on the banks of historic Bayou Lafourche in the heart of the Barataria-Terrebonne National Estuary.  The area is surrounded by cypress-tupelo swamps that give way to fresh marsh, brackish marsh, and salt marsh.  Nicholls is the southernmost university in Louisiana and is only an hour and half drive to the Gulf of Mexico, and an hour drive to New Orleans and Baton Rouge.","Research Assistantship - Invasive Carp as Bait in the Louisiana Wild Crawfish Fishery, Atchafalaya River Basin
Nicholls State University (State) | https://www. Research Assistantship – 
Variable inclusion of carp fish meal in bait as an attractant for wild crawfish in the Atchafalaya River Basin, Louisiana 
 A Research Assistantship is available beginning in the Spring 2027 semester for the Master of Science in Marine and Environmental Biology program at Nicholls State University in Dr. The Research Assistantship include tuition and out of state fee waivers and a stipend of $24,000/yr",,"10/01/2026
Published:
07/15/2026
Starting Date:
after 1/13/2027
Hours per Week:
at least 20
Salary:
starting at $24,000 per year
Education Required:
Bachelors
Experience Required:
none
Location:
Thibodaux, Louisiana
Tags:
Graduate Opportunities
Description
 M",True,0.85,Graduate Assistantship,Fisheries and Aquatic,0.21,"[""fish"", ""aquatic"", ""marine"", ""river"", ""estuary""]",False,,2026-07-18T21:57:24.899452+00:00,scrape_20260718_215658_6e51326a,2.0,,,Fisheries and Aquatic,Forestry and Habitat,rule,24000.0,0.8,30000.0,analytics_backfill,True,Louisiana,US,,,,,,,,,,,,,
PhD Graduate Assistantship,University of Missouri (State),"Columbia, Missouri","starting at $30,000 per year",after 1/15/2027,07/15/2026,Graduate Opportunities,https://jobs.rwfm.tamu.edu/view-job/?id=117628,"PhD Graduate Assistantship
University of Missouri (State)
Details
Posting:
https://www.mosilviculture.com/available-positions
Application Deadline:
10/31/2026
Published:
07/15/2026
Starting Date:
after 1/15/2027
Hours per Week:
at least 20
Salary:
starting at $30,000 per year
Education Required:
Masters
Experience Required:
none
Location:
Columbia, Missouri
Tags:
Graduate Opportunities
Description
A doctoral Graduate Research Assistantship is available in the School of Natural Resources, University of Missouri with advisor Dr. Benjamin Knapp (Associate Professor of Silviculture). The successful applicant will develop and lead research on stand dynamics of upland oak forests managed with uneven-aged silviculture. The project will focus on a large dataset that includes over 400 forest inventory plots, initially established in the 1950s and maintained through present, at Pioneer Forest in Missouri. The forest is managed through primarily selection silviculture. The project will evaluate rates of tree mortality, growth, and recruitment across Pioneer Forest to model stand dynamics in relation to management. Additional field data will be collected to address specific questions related to tree recruitment. The project will include collaboration with Pioneer Forest staff and potentially other state and federal partners.  


Applicants must have a Masters of Science degree in Forestry, Ecology, Natural Resources, Environmental Sciences, or a related field. Applicants must have a strong desire to work with forest inventory data and to work in harsh field conditions for data collection. The candidate will be responsible for publishing results in peer-reviewed journals and management guides or workshops for practitioners. Applicants should have strong skills with field work, data management and analysis, and written and oral communication. To apply, submit the following to Dr. Benjamin Knapp (knappb@missouri.edu):

1)      personal statement of career goals
2)      resume or curriculum vitae
3)      transcripts (unofficial)
4)      contact information for three references
Contact
Benjamin Knapp
5738820867
knappb@missouri.edu (preferred contact method)","Hours per Week:
at least 20
Salary:
starting at $30,000 per year
Education Required:
Masters
Experience Required:
none","com/available-positions
Application Deadline:
10/31/2026
Published:
07/15/2026
Starting Date:
after 1/15/2027
Hours per Week:
at least 20
Salary:
starting at $30,000 per year
Education Required:
Masters
Experience Required:
none
Location:
Columbia, Missouri
Tags:
Graduate Opportunities
Description
A doctoral Graduate Research Assistantship is available in the School of Natural Resources, University of Missouri with advisor Dr. The successful applicant will develop and lead research on stand dynamics of upland oak forests managed with uneven-aged silviculture",,"10/31/2026
Published:
07/15/2026
Starting Date:
after 1/15/2027
Hours per Week:
at least 20
Salary:
starting at $30,000 per year
Education Required:
Masters
Experience Required:
none
Location:
Columbia, Missouri
Tags:
Graduate Opportunities
Description
A doctoral Graduate Research Assistantship is available in the School of Natural Resources, University of Missouri with advisor Dr",True,0.85,Graduate Assistantship,Forestry and Habitat,0.0,[],False,,2026-07-18T21:57:25.341451+00:00,scrape_20260718_215658_6e51326a,2.0,,,Forestry and Habitat,,rule,30000.0,0.85,35294.12,analytics_backfill,True,Missouri,US,,,,,,,,,,,,,
M.S. Graduate Assistantship in Urban Wildlife Ecology,Bridgewater State University (State),"Bridgewater State University (Bridgewater, United States)",Commensurate / Negotiable,after 1/4/2027,07/14/2026,Graduate Opportunities,https://jobs.rwfm.tamu.edu/view-job/?id=117565,"M.S. Graduate Assistantship in Urban Wildlife Ecology
Bridgewater State University (State) | https://sites.google.com/bridgew.edu/dr-thilina-surasinghe/bio
Details
Posting:
https://sites.google.com/bridgew.edu/surasinghejobs/home
Application Deadline:
11/30/2026
Published:
07/14/2026
Starting Date:
after 1/4/2027
Ending Date:
before 12/31/2028
Hours per Week:
at least 20
Salary:
Commensurate / Negotiable
Education Required:
Bachelors
Experience Required:
at least 1 year
Location:
Bridgewater State University (Bridgewater, United States)
Tags:
Graduate Opportunities
Description

M.S. Graduate Assistantship in Urban Wildlife Ecology


A funded M.S. Graduate Assistantship is available in the Surasinghe Lab in the Department of Biological Sciences, Bridgewater State University, MA. The masters student will contribute to an NSF EEID-funded project examining urban wildlife ecology, host–vector interactions, and tick-borne disease risk across urbanization gradients in southeastern Massachusetts.


The student will develop an M.S. thesis focused on urban wildlife ecology, with emphasis on modeling wildlife occurrence, relative abundance, habitat use, and community patterns across urban and peri-urban landscapes. The project will use camera-trap and ARU (audiomoth) data, environmental and landscape covariates, and quantitative ecological models to evaluate how urbanization influences wildlife activity and distribution. The student will also contribute to the broader project by helping integrate wildlife monitoring with tick, landscape, and disease-risk datasets.


Responsibilities will include fieldwork in the Greater Boston region, deployment and maintenance of trail cameras, data organization and quality control, camera-image processing, GIS/spatial data preparation, statistical modeling in R, and preparation of a masters thesis, manuscripts, and conference presentations. The student will also collaborate with undergraduate and other graduate students in the lab, the postdoctoral researcher, and project collaborators (Columbia Uni, Boston Uni, Tuft Uni, Uni of Sussex/Bath).


Applicants should have a strong academic background in wildlife ecology, urban ecology, quantitative ecology, landscape ecology, or a related field. Prior experience with fieldwork, camera traps, ARUs, GIS, R, or statistical modeling is desirable. Strong applicants will be organized, reliable, willing to conduct fieldwork under variable conditions, and interested in developing both field and analytical skills.


The assistantship is expected to begin in January 2027 (Thru Dec 2028, for two years) in Biology M.S. program. 


Interested students should send a single PDF containing:


a brief statement of interest describing research interests, relevant experience, and career goals;
a CV;
unofficial transcripts; and
contact information for two or three references.


Please send materials or questions to:


Dr. Thilina Surasinghe
Department of Biological Sciences
Bridgewater State University
Email: tsurasinghe@bridgew.edu


Review of inquiries will begin in early Oct and continue until the position is filled. Prospective students are encouraged to contact Dr. Surasinghe before submitting a formal application to the BSU Biology M.S. program.



Contact
Thilina Dilan Surasinghe
5085311908
tsurasinghe@bridgew.edu (preferred contact method)","Hours per Week:
at least 20
Salary:
Commensurate / Negotiable
Education Required:
Bachelors
Experience Required:
at least 1 year","The student will also collaborate with undergraduate and other graduate students in the lab, the postdoctoral researcher, and project collaborators (Columbia Uni, Boston Uni, Tuft Uni, Uni of Sussex/Bath). Interested students should send a single PDF containing:


a brief statement of interest describing research interests, relevant experience, and career goals;
a CV;
unofficial transcripts; and
contact information for two or three references",,"11/30/2026
Published:
07/14/2026
Starting Date:
after 1/4/2027
Ending Date:
before 12/31/2028
Hours per Week:
at least 20
Salary:
Commensurate / Negotiable
Education Required:
Bachelors
Experience Required:
at least 1 year
Location:
Bridgewater State University (Bridgewater, United States)
Tags:
Graduate Opportunities
Description

M",True,0.85,Graduate Assistantship,Wildlife,0.0,[],False,,2026-07-18T21:57:25.415575+00:00,scrape_20260718_215658_6e51326a,2.0,,,Wildlife,,rule,,,,,False,,,,,,,,,,,,,,,
MS Graduate Research Assistant (Playa Restoration Assessment),Borderland Research Institute - Sul Ross State University (State),"Alpine, Texas","starting at $18,000 per year",after 9/1/2026,07/10/2026,Graduate Opportunities,https://jobs.rwfm.tamu.edu/view-job/?id=117556,"MS Graduate Research Assistant (Playa Restoration Assessment)
Borderland Research Institute - Sul Ross State University (State) | https://bri.sulross.edu/
Details
Posting:
https://bri.sulross.edu/
Application Deadline:
09/01/2026
Published:
07/10/2026
Starting Date:
after 9/1/2026
Ending Date:
before 5/1/2030
Hours per Week:
at most 40
Salary:
starting at $18,000 per year
Education Required:
Bachelors
Experience Required:
none
Location:
Alpine, Texas
Tags:
Graduate Opportunities
Description
Funded MS Assistantship – Assessment of the avian, insect, and vegetative community response to restoration of Texas Playa Lakes


Borderlands Research Institute - Sul Ross State University 

Location: Alpine, Texas 

Start Date: Fall Semester 2026 or Spring Semester 2027
Application Deadline:  Open until a candidate has been identified
Stipend included: $18,000 plus fringe annually

 

Borderlands Research Institute (BRI) at Sul Ross State University is seeking multiple motivated master’s students to join a dynamic research team made up of community, restoration, and avian ecologists in assessing the response of the avian, insect, and vegetative communities to playa restoration efforts in the Southern High Plains of Texas. Students will collect data through ARUs, avian point count surveys, Malaise traps, sweep nets, and Daubenmire frames that meet the project objectives. However, prospective students will have a variety of thesis topics to explore such as but not limited to: seedbank potential of restored versus unrestored playas, trophic structure of restored versus unrestored playas, and avian community response to playa restoration in the context of other landscape, vegetation, and resource characteristics. 

Objectives:

1.      Quantify vegetation structure and composition across restoration sites and associated control sites in the Texas High Plains ecoregions to evaluate how restoration techniques and time since treatment influence native plant community recovery.
2.      Measure insect abundance, biomass, and diversity to assess how restoration-driven changes in native vegetation affect prey availability for bird species as well as the pollinator community (i.e., bees, butterflies, flies, wasps, etc.).
3.      Evaluate bird community use of playa sites using ARUs and avian point-count surveys to relate avian activity and community composition to wetland extent, vegetation, and insect metrics.
Qualifications:

·         B.S. in Wildlife Science, Natural Resources, Environmental Science, Ecology, or related field

·         Demonstrated interest in wetland ecology, grassland and wetland dependent birds, plant ecology, entomology, or restoration ecology

·         Strong written and verbal communication skills

·         Ability to work independently and collaboratively as a team member and with partners (i.e., Texas Parks and Wildlife, Ducks Unlimited, and others)

Additional Information

Sul Ross State provides students with the education they need to translate their passions into a fulfilling career. This life-changing experience has a multi-generational impact, transforming the lives of our students, their families and positively impacting the communities in which they reside. We value learning and strive to provide high quality education in a welcoming, supportive environment. We take pride in serving many first-generation college students as well as non-traditional students, international students, student-athletes and graduate students.
 
 From teaching, coaching and law enforcement, to science, ranch management and the fine arts, SRSU offers more than 60 undergraduate and graduate degree programs. Known as the Frontier University of Texas, Sul Ross encourages each student to explore their own frontiers and to exceed their educational, personal and professional goals.
 
 For more information visit www.sulross.edu
Information about the Borderlands Research Institute can be found at: https://bri.sulross.edu/

To Apply:
Submit the following to Sul Ross State University Applicant Portal | Graduate Research Assistant II - BRI (M.Sc. Candidate) and please make sure to indicate ‘Gamebird’ program for the area of focus. 

Required Documents *Prior to officially applying please send a letter of interest and resume to Dr. Collins

1.      Resume

2.      Letter of Intent

3.      Transcripts

4.      Letter of Recommendation (1)

5.      Letter of Recommendation (2)

6.      Graduate Record Examination (GRE) Scores

For questions, contact Dr. Dan Collins at dan.collins@sulross.edu 

Contact
Dan Collins
4328378075
dan.collins@sulross.edu (preferred contact method)","Hours per Week:
at most 40
Salary:
starting at $18,000 per year
Education Required:
Bachelors
Experience Required:
none","MS Graduate Research Assistant (Playa Restoration Assessment)
Borderland Research Institute - Sul Ross State University (State) | https://bri. edu/
Application Deadline:
09/01/2026
Published:
07/10/2026
Starting Date:
after 9/1/2026
Ending Date:
before 5/1/2030
Hours per Week:
at most 40
Salary:
starting at $18,000 per year
Education Required:
Bachelors
Experience Required:
none
Location:
Alpine, Texas
Tags:
Graduate Opportunities
Description
Funded MS Assistantship – Assessment of the avian, insect, and vegetative community response to restoration of Texas Playa Lakes


Borderlands Research Institute - Sul Ross State University 

Location: Alpine, Texas 

Start Date: Fall Semester 2026 or Spring Semester 2027
Application Deadline:  Open until a candidate has been identified
Stipend included: $18,000 plus fringe annually

 

Borderlands Research Institute (BRI) at Sul Ross State University is seeking multiple motivated master’s students to join a dynamic research team made up of community, restoration, and avian ecologists in assessing the response of the avian, insect, and vegetative communities to playa restoration efforts in the Southern High Plains of Texas. edu
Information about the Borderlands Research Institute can be found at: https://bri",,"09/01/2026
Published:
07/10/2026
Starting Date:
after 9/1/2026
Ending Date:
before 5/1/2030
Hours per Week:
at most 40
Salary:
starting at $18,000 per year
Education Required:
Bachelors
Experience Required:
none
Location:
Alpine, Texas
Tags:
Graduate Opportunities
Description
Funded MS Assistantship – Assessment of the avian, insect, and vegetative community response to restoration of Texas Playa Lakes


Borderlands Research Institute - Sul Ross State University 

Location: Alpine, Texas 

Start Date: Fall Semester 2026 or Spring Semester 2027
Application Deadline:  Open until a candidate has been identified
Stipend included: $18,000 plus fringe annually

 

Borderlands Research Institute (BRI) at Sul Ross State University is seeking multiple motivated master’s students to join a dynamic research team made up of community, restoration, and avian ecologists in assessing the response of the avian, insect, and vegetative communities to playa restoration efforts in the Southern High Plains of Texas",True,0.85,Graduate Assistantship,Entomology,0.0,[],False,,2026-07-12T06:25:48.170506+00:00,scrape_20260712_062521_ede84b71,2.0,2026-07-12T06:25:48.170506+00:00,2026-07-12T06:25:48.170506+00:00,Entomology,Wildlife,rule,18000.0,0.95,18947.37,analytics_backfill,True,Texas,US,,,,,,,,,,,,,
"MS Assistantship: Use of private, working harvests as stopover habitat by migratory songbirds in West Virginia; filling in the knowledge gaps",West Virginia University (State),West Virginia,,before 8/20/2025,07/10/2025,"[""Graduate Opportunities""]",https://jobs.rwfm.tamu.edu/view/106330/,"MS Assistantship: Use of private, working harvests as stopover habitat by migratory songbirds in West Virginia; filling in the knowledge gaps
West Virginia University (State)
Application Deadline:
07/25/2025
Published:
07/10/2025
Starting Date:
before 8/20/2025
Hours per Week:
40 - 60
Salary:
$21,500 per year
Education Required:
Bachelors
Experience Required:
at least 1 year
Location:
West Virginia
Tags:
Graduate Opportunities
2 days ago
Open in New Window",,,,07/25/2025,True,0.85,Graduate Assistantship,Forestry and Habitat,,,,,2025-07-13T14:45:47.206880+00:00,,4.0-targeted,2025-07-13T14:47:11.244762+00:00,,Forestry and Habitat,,rule,,,,,True,West Virginia,US,,,106330,"$21,500 per year",40 - 60,Bachelors,at least 1 year,,,2026-02-19T18:06:18.298934+00:00,GraduatePositionDetector,,
PhD and MS Assistantships in Forest Soils and Biogeochemistry,Auburn University (State),"College of Forestry, Wildlife and Environment (auburn, Alabama)",,between 1/1/2026 and 6/15/2026,07/10/2025,"[""Graduate Opportunities""]",https://jobs.rwfm.tamu.edu/view/107680/,"PhD and MS Assistantships in Forest Soils and Biogeochemistry
Auburn University (State)
Application Deadline:
08/31/2025
Published:
07/10/2025
Starting Date:
between 1/1/2026 and 6/15/2026
Hours per Week:
at most 40
Salary:
$23,500 to $26,500 per year
Education Required:
Bachelors
Experience Required:
at least 2 years
Location:
College of Forestry, Wildlife and Environment (auburn, Alabama)
Tags:
Graduate Opportunities
2 days ago
Open in New Window",,,,08/31/2025,True,0.85,PhD Position,Environmental Sciences,,,,,2025-07-13T14:45:47.218960+00:00,,4.0-targeted,2025-07-13T14:47:11.244764+00:00,,Environmental Sciences,Forestry and Habitat,rule,,,,,True,Alabama,US,,,107680,"$23,500 to $26,500 per year",at most 40,Bachelors,at least 2 years,,,2026-02-19T18:06:18.298934+00:00,GraduatePositionDetector,,
M.S. Graduate Assistantship: Waterfowl Behavioral Response to Drones,Tennessee Tech University (State),"Cookeville, Tennessee","starting at $25,000 per year",after 8/15/2026,07/09/2026,Graduate Opportunities,https://jobs.rwfm.tamu.edu/view-job/?id=117525,"M.S. Graduate Assistantship: Waterfowl Behavioral Response to Drones
Tennessee Tech University (State) | https://www.tntech.edu/
Details
Application Deadline:
07/31/2026
Published:
07/09/2026
Starting Date:
after 8/15/2026
Hours per Week:
at least 40
Salary:
starting at $25,000 per year
Education Required:
Bachelors
Experience Required:
none
Location:
Cookeville, Tennessee
Tags:
Graduate Opportunities
Description
Institution: Tennessee Technological University
Location: Cookeville, Tennessee (fieldwork conducted on Wildlife Management Areas throughout the Arkansas Delta)
Salary: $25,000/year plus tuition and fee waiver
Preferred Start Date: August 2026
Application Review: Begins immediately and continues until the position is filled 

Project Overview 

An M.S. graduate assistantship is available to study how wintering waterfowl respond to unmanned aircraft systems (UAS; drones) across the wetlands of the Arkansas Delta. This is the first of two M.S. assistantships associated with a multi-institutional project developing the next generation of drone-based wildlife monitoring tools for waterfowl management. Working on Arkansas Game and Fish Commission (AGFC) Wildlife Management Areas within the Mississippi Alluvial Valley, the student will conduct behavioral experiments to quantify how ducks respond to multiple drone platforms across a variety of wetland habitats. The student will also develop expertise in identifying waterfowl species and sex from drone imagery and contribute to improving drone-based wildlife survey methods. 

This project provides training in wildlife behavior, waterfowl ecology, UAS applications, image analysis, quantitative ecology, and collaborative wildlife research. The student will have opportunities to present research at regional and national scientific conferences and work closely with researchers from multiple institutions and state wildlife agencies. The project is a collaboration among Tennessee Technological University, the AGFC, Clemson University's James C. Kennedy Waterfowl and Wetlands Conservation Center, and the University of Missouri. The student will be co-advised by Drs. Allison Keever and Bradley Cohen. 

Qualifications 

Required 
B.S. in Wildlife Biology, Ecology, Natural Resources, Biology, or a closely related field (completed before starting) 
Strong interest in wildlife ecology, waterfowl conservation, or UAS applications in wildlife research 
Ability to work independently and as part of a collaborative research team 
Valid driver's license 

Preferred
Previous field research experience (not required) 
Experience with GIS, R, drones, or quantitative ecology 

How to Apply

Please email the following as a single PDF to both Dr. Bradley Cohen (bcohen@tntech.edu) and Dr. Allison Keever (akeever@tntech.edu): 
Brief cover letter describing your interests and career goals 
Curriculum vitae (CV) 
Unofficial transcripts 
Contact information for three references 

Review of applications will begin immediately and continue until the position is filled.
 
Additional Information

Cohen Wildlife Lab: https://www.cohenwildlifelab.com/
  Contact
Allison Keever, Ph.D.; Bradley Cohen, Ph.D.
bcohen@tntech.edu (preferred contact method)","Hours per Week:
at least 40
Salary:
starting at $25,000 per year
Education Required:
Bachelors
Experience Required:
none","This project provides training in wildlife behavior, waterfowl ecology, UAS applications, image analysis, quantitative ecology, and collaborative wildlife research. The student will have opportunities to present research at regional and national scientific conferences and work closely with researchers from multiple institutions and state wildlife agencies. in Wildlife Biology, Ecology, Natural Resources, Biology, or a closely related field (completed before starting) 
Strong interest in wildlife ecology, waterfowl conservation, or UAS applications in wildlife research 
Ability to work independently and as part of a collaborative research team 
Valid driver's license 

Preferred
Previous field research experience (not required) 
Experience with GIS, R, drones, or quantitative ecology 

How to Apply

Please email the following as a single PDF to both Dr",,"07/31/2026
Published:
07/09/2026
Starting Date:
after 8/15/2026
Hours per Week:
at least 40
Salary:
starting at $25,000 per year
Education Required:
Bachelors
Experience Required:
none
Location:
Cookeville, Tennessee
Tags:
Graduate Opportunities
Description
Institution: Tennessee Technological University
Location: Cookeville, Tennessee (fieldwork conducted on Wildlife Management Areas throughout the Arkansas Delta)
Salary: $25,000/year plus tuition and fee waiver
Preferred Start Date: August 2026
Application Review: Begins immediately and continues until the position is filled 

Project Overview 

An M",True,0.85,Graduate Assistantship,Wildlife,0.194,"[""wildlife"", ""wildlife management"", ""waterfowl"", ""behavior"", ""habitat""]",False,,2026-07-12T06:25:47.880242+00:00,scrape_20260712_062521_ede84b71,2.0,2026-07-12T06:25:47.880242+00:00,2026-07-12T06:25:47.880242+00:00,Wildlife,Human Dimensions,rule,25000.0,0.85,29411.76,analytics_backfill,True,Tennessee,US,,,,,,,,,,,,,
MS and PhD Assistantships in Sensory Ecology,UNCW (State),UNCW (North Carolina),Commensurate / Negotiable,after 1/4/2027,07/09/2026,N/A,https://jobs.rwfm.tamu.edu/view-job/?id=117309,"MS and PhD Assistantships in Sensory Ecology
UNCW (State)
Details
Posting:
https://schweikertlab.com
Application Deadline:
05/15/2027
Published:
07/09/2026
Starting Date:
after 1/4/2027
Hours per Week:
20 - 40
Salary:
Commensurate / Negotiable
Education Required:
Bachelors
Experience Required:
none
Location:
UNCW (North Carolina)
Description
 I want to bring to your attention two open graduate student positions in the Schweikert Lab at the Department of Biology and Marine Biology at the University of North Carolina Wilmington (UNCW).  Applicants with experience in neurophysiological or behavioral approaches are preferred, though not required. 

1.        MSc in Marine Biology: Behavioral Ecology of Dynamic Color Change in Reef Fishes (starting Spring or Summer 2027) 
 2.        PhD in Integrative, Comparative, and Marine Biology: Neuroethology of Adaptive Camouflage in Flatfishes (starting Fall 2027) 

Prior to applying to the UNCW graduate program, interested students should email Dr. Lorian Schweikert (schweikertl@uncw.edu) with the following: 
·      Statement of career goals and research interests (1 page max) 
·      Resume or CV 
·      Unofficial transcripts 
·      Contact information for three references 
 Interviews for both positions will begin in early fall, though interest emails will be accepted until the positions are filled. The UNCW application deadline for the MSc position is October 15th, 2026 and for the PhD position is February 15th, 2027. 
 Program Synopsis: 
Dynamic color change allows animals such as certain marine fishes to rapidly change the color and pattern of their skin, yet knowledge is lacking about how these animals gather and process the visual information needed to make color change decisions. Recent discoveries suggest that many color-changing animals can detect light with their skin, a process known as dermal photoreception, which may work alongside the eyes to regulate color change. Our lab investigates how dermal photoreception contributes to color change in fishes and whether the skin acts as a sensory system for monitoring the environment or the animal’s own coloration. By uncovering the principles underlying distributed light sensing and adaptive camouflage, the project may inform future technologies related to bioinspired sensing and material science. 
 Additional Resources: 
For more information on the Schweikert Lab, please visit: https://www.schweikertlab.com/ 
 For more information on the Biology/Marine Biology Department at UNCW, visit: https://uncw.edu/bio/ 
 For more information on UNCWs Center for Marine Science, please visit: https://uncw.edu/cms/ 
  Contact
Lorian Schweikert
contact via the web posting is preferred (see Details section)","Hours per Week:
20 - 40
Salary:
Commensurate / Negotiable
Education Required:
Bachelors
Experience Required:
none","edu) with the following: 
·      Statement of career goals and research interests (1 page max) 
·      Resume or CV 
·      Unofficial transcripts 
·      Contact information for three references 
 Interviews for both positions will begin in early fall, though interest emails will be accepted until the positions are filled",,"05/15/2027
Published:
07/09/2026
Starting Date:
after 1/4/2027
Hours per Week:
20 - 40
Salary:
Commensurate / Negotiable
Education Required:
Bachelors
Experience Required:
none
Location:
UNCW (North Carolina)
Description
 I want to bring to your attention two open graduate student positions in the Schweikert Lab at the Department of Biology and Marine Biology at the University of North Carolina Wilmington (UNCW)",True,0.85,PhD Position,Fisheries and Aquatic,0.0,[],False,,2026-07-12T06:25:47.969812+00:00,scrape_20260712_062521_ede84b71,2.0,2026-07-12T06:25:47.969812+00:00,2026-07-12T06:25:47.969812+00:00,Fisheries and Aquatic,Human Dimensions,rule,,,,,True,North Carolina,US,,,,,,,,,,,,,
Master's Level Graduate Research Assistantship: Virtual Monitoring/Herding – Sheep,University of Idaho (State),"16 Hot Springs Ranch Road (Carmen, Idaho)",,between 8/1/2025 and 1/5/2026,07/08/2025,"[""Graduate Opportunities""]",https://jobs.rwfm.tamu.edu/view/107633/,"Master's Level Graduate Research Assistantship: Virtual Monitoring/Herding – Sheep
University of Idaho (State)
Application Deadline:
10/01/2025
Published:
07/08/2025
Starting Date:
between 8/1/2025 and 1/5/2026
Ending Date:
between 8/1/2027 and 5/15/2028
Hours per Week:
at most 40
Salary:
starting at $25,000 per year
Education Required:
Bachelors
Experience Required:
none
Location:
16 Hot Springs Ranch Road (Carmen, Idaho)
Tags:
Graduate Opportunities
4 days ago
Open in New Window",,,,10/01/2025,True,0.85,Graduate Assistantship,Agriculture,,,,,2025-07-13T14:45:47.281280+00:00,,4.0-targeted,2025-07-13T14:47:11.244773+00:00,2025-07-13T14:50:25.172049+00:00,Agriculture,,rule,,,,,True,Idaho,US,,,107633,"starting at $25,000 per year",at most 40,Bachelors,none,,,2026-02-19T18:06:18.298934+00:00,GraduatePositionDetector,,
"PhD Student in amphibian ecology at Lingnan University (Hong Kong, China)",Lingnan University (City),Hong Kong,,after 1/1/2026,07/03/2025,"[""Graduate Opportunities""]",https://jobs.rwfm.tamu.edu/view/107556/,"PhD Student in amphibian ecology at Lingnan University (Hong Kong, China)
Lingnan University (City)
Application Deadline:
09/30/2025
Published:
07/03/2025
Starting Date:
after 1/1/2026
Hours per Week:
at least 40
Salary:
starting at $30,000 per year
Education Required:
Masters
Experience Required:
none
Location:
Hong Kong
Tags:
Graduate Opportunities
10 days ago
Open in New Window",,,,09/30/2025,True,0.85,PhD Position,Wildlife,,,,,2025-07-13T14:45:47.392388+00:00,,4.0-targeted,2025-07-13T14:47:11.244789+00:00,,Wildlife,,rule,,,,,False,,,,,107556,"starting at $30,000 per year",at least 40,Masters,none,,,2026-02-19T18:06:18.298934+00:00,GraduatePositionDetector,,
PhD Opportunity – Biogeochemistry of Beaver-Created Ecosystems @ University of Connecticut,University of Connecticut (State),"Storrs Mansfield, Connecticut","up to $40,000 per year",between 1/4/2027 and 5/31/2027,07/02/2026,Graduate Opportunities,https://jobs.rwfm.tamu.edu/view-job/?id=117417,"PhD Opportunity – Biogeochemistry of Beaver-Created Ecosystems @ University of Connecticut
University of Connecticut (State) | http://www.uconn.edu
Details
Application Deadline:
09/01/2026
Published:
07/02/2026
Starting Date:
between 1/4/2027 and 5/31/2027
Hours per Week:
20
Salary:
up to $40,000 per year
Education Required:
Bachelors
Experience Required:
at least 1 year
Location:
Storrs Mansfield, Connecticut
Tags:
Graduate Opportunities
Description
We are seeking a motivated PhD student interested in freshwater ecosystem ecology and biogeochemistry to join the Helton and Lawrence lab groups at the University of Connecticut beginning in January or June 2027. The student would be part of a broader interdisciplinary team investigating how beaver-created ecosystems in the Northeastern United States affect freshwater carbon cycling. The successful candidate would join the team as a Graduate Assistant (~$38,000 / year) and conduct field work to quantify greenhouse gas dynamics, ecosystem metabolism, and carbon stocks in ponds, wetlands, and streams. The student would also have the opportunity to develop approaches to model beaver-created ecosystem carbon dynamics at the watershed-scale.    

Required qualifications include an undergraduate degree in a related field and at least one year of post-baccalaureate research experience; fieldwork experience; interest and experience in biogeochemistry; and, excellent oral and written communication skills.  Two or more years of post-baccalaureate research experience or an MS degree in a related field is strongly preferred.   

We are committed to creating an inclusive and equitable working environment and encourage students from all backgrounds to apply. Interested? Please email Ashley Helton (Ashley.Helton@uconn.edu) by September 1, 2026 with the subject line “PhD Application Beaver Project”: 1) a statement of your research interests, and 2) a CV that includes relevant professional experience and contact information for three references. Applications will be reviewed on a rolling basis until the position is filled.
Contact
Ashley Helton
8604861259
ashley.helton@uconn.edu (preferred contact method)","We are seeking a motivated PhD student interested in freshwater ecosystem ecology and biogeochemistry to join the Helton and Lawrence lab groups at the University of Connecticut beginning in January or June 2027. The student would be part of a broader interdisciplinary team investigating how beaver-created ecosystems in the Northeastern United States affect freshwater carbon cycling. The successful candidate would join the team as a Graduate Assistant (~$38,000 / year) and conduct field work to quantify greenhouse gas dynamics, ecosystem metabolism, and carbon stocks in ponds, wetlands, and streams. The student would also have the opportunity to develop approaches to model beaver-created ecosystem carbon dynamics at the watershed-scale.    

Required qualifications include an undergraduate degree in a related field and at least one year of post-baccalaureate research experience; fieldwork experience; interest and experience in biogeochemistry; and, excellent oral and written communication skills.  Two or more years of post-baccalaureate research experience or an MS degree in a related field is strongly preferred.   

We are committed to creating an inclusive and equitable working environment and encourage students from all backgrounds to apply. Interested? Please email Ashley Helton (Ashley.Helton@uconn.edu) by September 1, 2026 with the subject line “PhD Application Beaver Project”: 1) a statement of your research interests, and 2) a CV that includes relevant professional experience and contact information for three references. Applications will be reviewed on a rolling basis until the position is filled.","Required qualifications include an undergraduate degree in a related field and at least one year of post-baccalaureate research experience; fieldwork experience; interest and experience in biogeochemistry; and, excellent oral and written communication skills. Two or more years of post-baccalaureate research experience or an MS degree in a related field is strongly preferred. edu) by September 1, 2026 with the subject line “PhD Application Beaver Project”: 1) a statement of your research interests, and 2) a CV that includes relevant professional experience and contact information for three references",,"09/01/2026
Published:
07/02/2026
Starting Date:
between 1/4/2027 and 5/31/2027
Hours per Week:
20
Salary:
up to $40,000 per year
Education Required:
Bachelors
Experience Required:
at least 1 year
Location:
Storrs Mansfield, Connecticut
Tags:
Graduate Opportunities
Description
We are seeking a motivated PhD student interested in freshwater ecosystem ecology and biogeochemistry to join the Helton and Lawrence lab groups at the University of Connecticut beginning in January or June 2027",True,0.8,Graduate Assistantship,Environmental Sciences,0.0,[],False,,2026-07-05T06:59:17.531022+00:00,scrape_20260705_065854_86fef2f0,2.0,2026-07-05T06:59:17.531022+00:00,2026-07-05T06:59:17.531022+00:00,Environmental Sciences,Fisheries and Aquatic,rule,40000.0,1.25,32000.0,analytics_backfill,True,Connecticut,US,,,,,,,,,,,,,
PhD Assistantship in Arthropod Biodiversity,University of Arkansas (State),"University of Arkansas (Fayetteville, Arkansas)",,before 1/12/2026,07/01/2025,"[""Graduate Opportunities""]",https://jobs.rwfm.tamu.edu/view/107508/,"PhD Assistantship in Arthropod Biodiversity
University of Arkansas (State)
Application Deadline:
09/01/2025
Published:
07/01/2025
Starting Date:
before 1/12/2026
Hours per Week:
at least 20
Salary:
$20,000 to $26,000 per year
Education Required:
Bachelors
Experience Required:
at least 2 years
Location:
University of Arkansas (Fayetteville, Arkansas)
Tags:
Graduate Opportunities
11 days ago
Open in New Window",,,,09/01/2025,True,0.85,PhD Position,Entomology,,,,,2025-07-13T14:45:51.888331+00:00,,4.0-targeted,2025-07-13T14:47:11.244798+00:00,,Entomology,,rule,,,,,True,Arkansas,US,,,107508,"$20,000 to $26,000 per year",at least 20,Bachelors,at least 2 years,,,2026-02-19T18:06:18.298934+00:00,GraduatePositionDetector,,
Ph.D. Graduate Research Assistantship -Florida Key Deer Ecology,TAMU (State),"Texas A&M University (College Station, Texas)","starting at $32,000 per year",after 9/1/2026,06/30/2026,Graduate Opportunities,https://jobs.rwfm.tamu.edu/view-job/?id=117332,"Ph.D. Graduate Research Assistantship -Florida Key Deer Ecology
TAMU (State)
Details
Application Deadline:
08/24/2026
Published:
06/30/2026
Starting Date:
after 9/1/2026
Hours per Week:
0
Salary:
starting at $32,000 per year
Education Required:
Masters
Experience Required:
at least 3 years
Location:
Texas A&M University (College Station, Texas)
Tags:
Graduate Opportunities
Description
Ph.D. Graduate Research Assistantship
Florida Key Deer Ecology

Position Overview
The Texas A&M Natural Resources Institute (NRI) is seeking a highly motivated and qualified doctoral student for a project focused on Florida Key deer (Odocoileus virginianus clavium) ecology through the Department of Rangeland, Wildlife and Fisheries Management (RWFM) at Texas A&M University. This is a unique opportunity to conduct applied conservation research on an endangered subspecies of white-tailed deer located in a region with changing landscape characteristics ranging from urban development to climate change impacts.
 Project Description
The successful candidate will lead field-based research program investigating Key deer population abundance, distribution, and habitat use across the Lower Florida Keys. Proposed research project supports flexibility in defining research questions in collaboration with federal agency partners and may include broader species assessments (e.g., endangered Lower Keys marsh rabbit [Sylvilagus palustris hefneri] research). Research findings will contribute directly to the management and conservation of these federally listed threatened subspecies and inform recovery efforts coordinated with state and federal partners.
 Position Details
Appointment: Graduate Research Assistantship (GRA)
Duration: 3 years
Location: Field work conducted in the Lower Florida Keys, Florida, with academic affiliation through Texas A&M University
Salary: $32,000 that includes a tuition/fees stipend
Housing: Provided during field assignment
Minimum Qualifications
Master of Science (M.S.) degree in Wildlife Science, Wildlife Ecology, or a closely related field required at time of appointment
Experience with field-oriented wildlife research
Strong quantitative and analytical skills
Experience with wildlife surveys and monitoring techniques
Proficiency in statistical software (e.g., R, Program MARK, or similar)
Ability to work independently and collaboratively in remote field conditions
Valid driver's license and clean driving record
Available to start as early as Fall 2026
 Preferred Qualifications
Experience with ungulate ecology and/or population modeling
Familiarity with distance sampling, occupancy modeling, or mark-recapture methods
Prior work in subtropical or island ecosystems
Strong publication record or demonstrated writing ability
Experience working with state or federal wildlife agencies
Responsibilities
Design and implement field data collection protocols for population abundance and distribution assessments
Collect, manage, and analyze ecological datasets
Collaborate with agency partners including the U.S. Fish and Wildlife Service and U.S. Navy in defining project scope
Publish research findings in peer-reviewed scientific journals
Present research at professional conferences
Contribute to program reports and outreach materials
Compensation and Benefits
Competitive graduate research assistantship stipend, may include teaching assistantship when in College Station.
Tuition waiver (per university policy)
Health insurance benefits
On-site housing potentially available
How to Apply
Interested applicants should submit the following materials as a single PDF to Drs. Roel Lopez (roel.lopez@ag.tamu.edu) and Israel Parker (israel.parker@ag.tamu.edu):
Cover letter describing your qualifications, research interests, and career goals (1 page maximum)
Curriculum vitae (CV)
Contact information for three professional references
Representative writing sample (thesis chapter or publication)
Review of applications will begin immediately and continue until the position is filled.
About Texas A&M Natural Resources Institute
The Texas A&M Natural Resources Institute conducts applied research, technical assistance, and education programs to support the sustainable management of fish, wildlife, and natural resources. NRI works in close partnership with landowners, agencies, and conservation organizations across the nation. For more information, visit: nri.tamu.edu
Texas A&M University is an Equal Opportunity/Affirmative Action employer. All qualified applicants will receive consideration for employment without regard to race, color, religion, sex, national origin, disability, age, or protected veteran status.
Contact
Israel Parker
israel.parker@ag.tamu.edu (preferred contact method)","Hours per Week:
0
Salary:
starting at $32,000 per year
Education Required:
Masters
Experience Required:
at least 3 years","Graduate Research Assistantship -Florida Key Deer Ecology
TAMU (State)
Details
Application Deadline:
08/24/2026
Published:
06/30/2026
Starting Date:
after 9/1/2026
Hours per Week:
0
Salary:
starting at $32,000 per year
Education Required:
Masters
Experience Required:
at least 3 years
Location:
Texas A&M University (College Station, Texas)
Tags:
Graduate Opportunities
Description
Ph. Graduate Research Assistantship
Florida Key Deer Ecology

Position Overview
The Texas A&M Natural Resources Institute (NRI) is seeking a highly motivated and qualified doctoral student for a project focused on Florida Key deer (Odocoileus virginianus clavium) ecology through the Department of Rangeland, Wildlife and Fisheries Management (RWFM) at Texas A&M University. This is a unique opportunity to conduct applied conservation research on an endangered subspecies of white-tailed deer located in a region with changing landscape characteristics ranging from urban development to climate change impacts",,"08/24/2026
Published:
06/30/2026
Starting Date:
after 9/1/2026
Hours per Week:
0
Salary:
starting at $32,000 per year
Education Required:
Masters
Experience Required:
at least 3 years
Location:
Texas A&M University (College Station, Texas)
Tags:
Graduate Opportunities
Description
Ph",True,0.85,Graduate Assistantship,Wildlife,0.194,"[""wildlife"", ""deer"", ""ungulate"", ""capture"", ""habitat""]",False,,2026-07-05T06:59:17.627228+00:00,scrape_20260705_065854_86fef2f0,2.0,2026-07-05T06:59:17.627228+00:00,2026-07-05T06:59:17.627228+00:00,Wildlife,Environmental Sciences,rule,32000.0,0.95,33684.21,analytics_backfill,True,Texas,US,,,,,,,,,,,,,
"M.S. Research Assistantships (N = 3) at the Wisconsin Cooperative Fishery Research Unit, University of Wisconsin-Stevens Point",Wisconsin Cooperative Fishery Research Unit (State),"Stevens Point, Wisconsin","starting at $20,000 per year",after 1/1/2027,06/30/2026,Graduate Opportunities,https://jobs.rwfm.tamu.edu/view-job/?id=117324,"M.S. Research Assistantships (N = 3) at the Wisconsin Cooperative Fishery Research Unit, University of Wisconsin-Stevens Point
Wisconsin Cooperative Fishery Research Unit (State)
Details
Application Deadline:
07/25/2026
Published:
06/30/2026
Starting Date:
after 1/1/2027
Hours per Week:
at least 40
Salary:
starting at $20,000 per year
Education Required:
Bachelors
Experience Required:
none
Location:
Stevens Point, Wisconsin
Tags:
Graduate Opportunities
Description
1. Lower Wisconsin River Trap-and-Transfer Project
Description: During 2025 and 2026, in collaboration with Alliant Energy and the Wisconsin DNR we captured and transferred 50 blue suckers, 50 shovelnose sturgeon, and 20 lake sturgeon above Prairie Du Sac Dam on the Lower Wisconsin River to determine their behavior after transfer. Each fish was implanted with an acoustic transmitter. The student will largely be responsible for analysis of telemetry data using capture-recapture models with some field work associated with active tracking and downloading of acoustic receivers. 
 Qualifications: BS in Fisheries, Biology, Ecology or related field with GPA ≥ 3.0. Familiarity with acoustic telemetry data and using R preferred as this is largely an analytical exercise. However, some experience launching and navigating boats would be beneficial. 
 2. Green Bay Walleye Project: 
Description: During 2025, in collaboration with the Wisconsin and Michigan Departments of Natural Resources, acoustic transmitters were implanted into 140 walleye in northern Green Bay and 50 walleye from the Sturgeon Bay area to determine spawning locations. This project will involve extensive field work in 2027 and 2028 to download receivers and determine where eggs are deposited in the Sturgeon Bay area and whether larvae hatch at these locations. The project will also require analysis of a large telemetry data set.   
 Qualifications: BS in Fisheries, Biology, Ecology or related field with GPA ≥ 3.0. Extensive experience launching and navigating boats in a large lake environment is preferred. Some familiarity with the R programming language also preferred. Experience with acoustic telemetry technology and data would be beneficial. 
 3. Shovelnose Sturgeon Mortality Project: 
Description: We will use population information, Floy tag recovery information, and acoustic telemetry data collected by the Missouri Department of Conservation (MDC) for shovelnose sturgeon in the Mississippi and Missouri rivers to estimate and compare mortality rates for different river segments. This project is largely an analytical exercise that will focus on using length-based and capture-recapture models. 
 Qualifications: Familiarity with the R programming language preferred. Experience with acoustic telemetry technology and data would also be beneficial. 
 To apply: Please email cover letter, CV/resume, unofficial transcripts, and contact information for three references to Daniel Isermann (dan.isermann@uwsp.edu).
 Deadline to apply: July 25, 2026
Contact
Daniel Isermann
dan.isermann@uwsp.edu (preferred contact method)","Hours per Week:
at least 40
Salary:
starting at $20,000 per year
Education Required:
Bachelors
Experience Required:
none","Research Assistantships (N = 3) at the Wisconsin Cooperative Fishery Research Unit, University of Wisconsin-Stevens Point
Wisconsin Cooperative Fishery Research Unit (State)
Details
Application Deadline:
07/25/2026
Published:
06/30/2026
Starting Date:
after 1/1/2027
Hours per Week:
at least 40
Salary:
starting at $20,000 per year
Education Required:
Bachelors
Experience Required:
none
Location:
Stevens Point, Wisconsin
Tags:
Graduate Opportunities
Description
1",,"07/25/2026
Published:
06/30/2026
Starting Date:
after 1/1/2027
Hours per Week:
at least 40
Salary:
starting at $20,000 per year
Education Required:
Bachelors
Experience Required:
none
Location:
Stevens Point, Wisconsin
Tags:
Graduate Opportunities
Description
1",True,0.85,Graduate Assistantship,Fisheries and Aquatic,0.18,"[""fish"", ""fisheries"", ""river"", ""lake"", ""walleye""]",True,University of Wisconsin,2026-07-05T06:59:18.598011+00:00,scrape_20260705_065854_86fef2f0,2.0,2026-07-05T06:59:18.598011+00:00,2026-07-05T06:59:18.598011+00:00,Fisheries and Aquatic,Wildlife,rule,20000.0,0.9,22222.22,analytics_backfill,True,Wisconsin,US,,,,,,,,,,,,,
"MS position - climate change and fire effects on coastal vegetation - Marshall U, Palmquist lab",Marshall University (State),"Department of Biological Sciences, Marshall University (Huntington, West Virginia)",,between 1/1/2026 and 1/12/2026,06/30/2025,"[""Graduate Opportunities""]",https://jobs.rwfm.tamu.edu/view/107467/,"MS position - climate change and fire effects on coastal vegetation - Marshall U, Palmquist lab
Marshall University (State)
Application Deadline:
12/31/2025
Published:
06/30/2025
Starting Date:
between 1/1/2026 and 1/12/2026
Hours per Week:
at most 40
Salary:
$20,000 per year
Education Required:
Bachelors
Experience Required:
at least 1 year
Location:
Department of Biological Sciences, Marshall University (Huntington, West Virginia)
Tags:
Graduate Opportunities
12 days ago
Open in New Window",,,,12/31/2025,True,0.85,Masters Position,Environmental Sciences,,,,,2025-07-13T14:45:51.974665+00:00,,4.0-targeted,2025-07-13T14:47:11.244810+00:00,,Environmental Sciences,Forestry and Habitat,rule,,,,,True,West Virginia,US,,,107467,"$20,000 per year",at most 40,Bachelors,at least 1 year,,,2026-02-19T18:06:18.298934+00:00,GraduatePositionDetector,,
"MS position - impacts of global change drivers on dryland plant communities - Marshall U, Palmquist lab",Marshall University (State),"Department of Biological Sciences, Marshall University (Huntington, West Virginia)",,between 8/18/2025 and 1/12/2026,06/30/2025,"[""Graduate Opportunities""]",https://jobs.rwfm.tamu.edu/view/107468/,"MS position - impacts of global change drivers on dryland plant communities - Marshall U, Palmquist lab
Marshall University (State)
Application Deadline:
12/31/2025
Published:
06/30/2025
Starting Date:
between 8/18/2025 and 1/12/2026
Hours per Week:
at most 40
Salary:
$24,000 per year
Education Required:
Bachelors
Experience Required:
at least 1 year
Location:
Department of Biological Sciences, Marshall University (Huntington, West Virginia)
Tags:
Graduate Opportunities
12 days ago
Open in New Window",,,,12/31/2025,True,0.85,Masters Position,Environmental Sciences,,,,,2025-07-13T14:45:51.980907+00:00,,4.0-targeted,2025-07-13T14:47:11.244811+00:00,,Environmental Sciences,Entomology,secondary_ml,,,,,True,West Virginia,US,,,107468,"$24,000 per year",at most 40,Bachelors,at least 1 year,,,2026-02-19T18:06:18.298934+00:00,GraduatePositionDetector,,
Master's research assistantship: black bass conservation & ecology,U.S. Geological Survey (Federal),"David Clark Labs (Raleigh, North Carolina)",,between 9/1/2025 and 10/15/2025,06/30/2025,"[""Graduate Opportunities""]",https://jobs.rwfm.tamu.edu/view/107470/,"Master's research assistantship: black bass conservation & ecology - NC Sate University
U.S. Geological Survey (Federal)
Application Deadline:
07/20/2025
Published:
06/30/2025
Starting Date:
between 9/1/2025 and 10/15/2025
Hours per Week:
at least 20
Salary:
starting at $26,000 per year
Education Required:
Bachelors
Experience Required:
none
Location:
David Clark Labs (Raleigh, North Carolina)
Tags:
Graduate Opportunities
12 days ago
Open in New Window",,,,07/20/2025,True,0.85,Graduate Assistantship,Fisheries and Aquatic,,,,,2025-07-13T14:45:51.986951+00:00,,4.0-targeted,2025-07-13T14:47:11.244811+00:00,,Fisheries and Aquatic,Human Dimensions,rule,,,,,True,North Carolina,US,,,107470,"starting at $26,000 per year",at least 20,Bachelors,none,,,2026-02-19T18:06:18.298934+00:00,GraduatePositionDetector,,
Research Assistantship Available- Life Cycle Modeling and Predator Prey Studies,SIUC (State),"1125 Lincoln Drive (Carbondale, Illinois)","$23,000 to $25,000 per year",between 8/1/2026 and 1/15/2027,06/29/2026,Graduate Opportunities,https://jobs.rwfm.tamu.edu/view-job/?id=109551,"Research Assistantship Available- Life Cycle Modeling and Predator Prey Studies
SIUC (State) | http://www.aquatictox.siu.edu
Details
Application Deadline:
09/01/2026
Published:
06/29/2026
Starting Date:
between 8/1/2026 and 1/15/2027
Ending Date:
between 12/1/2028 and 7/15/2030
Hours per Week:
at most 40
Salary:
$23,000 to $25,000 per year
Education Required:
Bachelors
Experience Required:
none
Location:
1125 Lincoln Drive (Carbondale, Illinois)
Tags:
Graduate Opportunities
Description
 Agency: Center for Fisheries, Aquaculture and Aquatic Sciences, School of Biological Sciences at Southern Illinois University 
 Location: Carbondale, IL 
 Job description: Seeking motivated graduate student to join an established environmental toxicology group. The Lydy lab currently studies a range of cutting-edge topics within the field including investigating the sublethal effects of contaminants on protected fish species like Chinook salmon, and incorporating contaminants into life cycle models. The successful candidates will ideally have a background in either environmental toxicology or ecology with experience in life cycle modelling, biomarkers or predator prey interactions. The aquatic toxicology lab (http://www.aquatictox.siu.edu) at SIU houses a well-equipped analytical chemistry lab, as well as a large modern aquatics facility. 
 Qualifications: Master’s degree or BS with experience in Chemistry, Environmental Biology, Toxicology or related field. Desired qualifications include experience with toxicological bioassays, ArcGIS, culturing, field surveys, life cycle modelling and/or analytical instrumentation (GC-MS; LC-MS-MS). Good writing skills required. 
 Salary: Research assistantships will include a competitive salary, tuition waiver, health benefits and support for the proposed research. 
 Last date to apply: August 1, 2026. Start dates are fall 2026 or spring 2027. 
 Contact: Send letter of intent describing research interest and goals, a resume, transcripts and three letters of reference to: Dr. Michael Lydy, Fisheries and Illinois Aquaculture Center, Southern Illinois University, Carbondale, IL 62901, mlydy@siu.edu. 
   SIUC is an affirmative action/equal opportunity employer that strives to enhance its ability to develop a diverse faculty and staff and to increase its potential to serve a diverse student population.  All applications are welcomed and encouraged and will receive consideration. 
  Contact
Dr. Michael Lydy
mlydy@siu.edu (preferred contact method)","Agency: Center for Fisheries, Aquaculture and Aquatic Sciences, School of Biological Sciences at Southern Illinois University 
 Location: Carbondale, IL 
 Job description: Seeking motivated graduate student to join an established environmental toxicology group. The Lydy lab currently studies a range of cutting-edge topics within the field including investigating the sublethal effects of contaminants on protected fish species like Chinook salmon, and incorporating contaminants into life cycle models. The successful candidates will ideally have a background in either environmental toxicology or ecology with experience in life cycle modelling, biomarkers or predator prey interactions. The aquatic toxicology lab (http://www.aquatictox.siu.edu) at SIU houses a well-equipped analytical chemistry lab, as well as a large modern aquatics facility. 
 Qualifications: Master’s degree or BS with experience in Chemistry, Environmental Biology, Toxicology or related field. Desired qualifications include experience with toxicological bioassays, ArcGIS, culturing, field surveys, life cycle modelling and/or analytical instrumentation (GC-MS; LC-MS-MS). Good writing skills required. 
 Salary: Research assistantships will include a competitive salary, tuition waiver, health benefits and support for the proposed research. 
 Last date to apply: August 1, 2026. Start dates are fall 2026 or spring 2027. 
 Contact: Send letter of intent describing research interest and goals, a resume, transcripts and three letters of reference to: Dr. Michael Lydy, Fisheries and Illinois Aquaculture Center, Southern Illinois University, Carbondale, IL 62901, mlydy@siu.edu. 
   SIUC is an affirmative action/equal opportunity employer that strives to enhance its ability to develop a diverse faculty and staff and to increase its potential to serve a diverse student population.  All applications are welcomed and encouraged and will receive consideration.","Research Assistantship Available- Life Cycle Modeling and Predator Prey Studies
SIUC (State) | http://www. Salary: Research assistantships will include a competitive salary, tuition waiver, health benefits and support for the proposed research. Contact: Send letter of intent describing research interest and goals, a resume, transcripts and three letters of reference to: Dr",,"09/01/2026
Published:
06/29/2026
Starting Date:
between 8/1/2026 and 1/15/2027
Ending Date:
between 12/1/2028 and 7/15/2030
Hours per Week:
at most 40
Salary:
$23,000 to $25,000 per year
Education Required:
Bachelors
Experience Required:
none
Location:
1125 Lincoln Drive (Carbondale, Illinois)
Tags:
Graduate Opportunities
Description
 Agency: Center for Fisheries, Aquaculture and Aquatic Sciences, School of Biological Sciences at Southern Illinois University 
 Location: Carbondale, IL 
 Job description: Seeking motivated graduate student to join an established environmental toxicology group",True,0.85,Graduate Assistantship,Fisheries and Aquatic,0.15,"[""fish"", ""fisheries"", ""aquatic"", ""salmon"", ""aquaculture""]",True,Indiana University,2026-07-05T06:59:17.721453+00:00,scrape_20260705_065854_86fef2f0,2.0,2026-07-05T06:59:17.721453+00:00,2026-07-05T06:59:17.721453+00:00,Fisheries and Aquatic,Wildlife,rule,23000.0,1.05,21904.76,analytics_backfill,True,Illinois,US,,,,,,,,,,,,,
Graduate Research Assistant (M.S.),University of Wisconsin-La Crosse (State),"La Crosse, Wisconsin",,between 9/1/2025 and 9/2/2025,06/27/2025,"[""Graduate Opportunities""]",https://jobs.rwfm.tamu.edu/view/107411/,"Graduate Research Assistant (M.S.)
University of Wisconsin-La Crosse (State)
Application Deadline:
07/15/2025
Published:
06/27/2025
Starting Date:
between 9/1/2025 and 9/2/2025
Ending Date:
after 6/1/2027
Hours per Week:
20 - 40
Salary:
$26,500 per year
Education Required:
Bachelors
Experience Required:
at least 1 year
Location:
La Crosse, Wisconsin
Tags:
Graduate Opportunities
2 weeks ago
Open in New Window",,,,07/15/2025,True,0.85,Graduate Assistantship,Other,,,,,2025-07-13T14:45:52.011429+00:00,,4.0-targeted,2025-07-13T14:47:11.244815+00:00,,Other,,rule,,,,,True,Wisconsin,US,,,107411,"$26,500 per year",20 - 40,Bachelors,at least 1 year,,,2026-02-19T18:06:18.298934+00:00,GraduatePositionDetector,,
M.S. Teaching Assistantship,Nicholls State University (State),"Nicholls State University (Thibodaux, Louisiana)",,after 1/14/2026,06/27/2025,"[""Graduate Opportunities""]",https://jobs.rwfm.tamu.edu/view/107441/,"M.S. Teaching Assistantship - Marine & Environmental Biology - Crayfish/Hypoxia
Nicholls State University (State)
Application Deadline:
10/01/2025
Published:
06/27/2025
Starting Date:
after 1/14/2026
Hours per Week:
at least 20
Salary:
starting at $20,000 per year
Education Required:
Bachelors
Experience Required:
none
Location:
Nicholls State University (Thibodaux, Louisiana)
Tags:
Graduate Opportunities
2 weeks ago
Open in New Window",,,,10/01/2025,True,0.85,Graduate Assistantship,Fisheries and Aquatic,,,,,2025-07-13T14:45:52.047909+00:00,,4.0-targeted,2025-07-13T14:47:11.244818+00:00,,Fisheries and Aquatic,,rule,,,,,True,Louisiana,US,,,107441,"starting at $20,000 per year",at least 20,Bachelors,none,,,2026-02-19T18:06:18.298934+00:00,GraduatePositionDetector,,
PhD (Getty Asterism Zuka Private Game Reserve),Getty Asterism Zuka Private Game Reserve (Private),South Africa | remote work allowed,Commensurate / Negotiable,after 1/1/2027,06/26/2026,Graduate Opportunities,https://jobs.rwfm.tamu.edu/view-job/?id=117209,"PhD (Getty Asterism Zuka Private Game Reserve)
Getty Asterism Zuka Private Game Reserve (Private)
Details
Application Deadline:
08/31/2026
Published:
06/26/2026
Starting Date:
after 1/1/2027
Ending Date:
after 1/1/2029
Hours per Week:
40
Salary:
Commensurate / Negotiable
Education Required:
Masters
Experience Required:
at least 3 years
Location:
South Africa
remote work allowed
Tags:
Graduate Opportunities
Description
Seeking a PhD candidate to investigate:
 Mammal diversity change and recovery following prescribed fire management on the Munywana Conservancy
 Institutions: 
 Getty Asterism, Zuka Private Game Reserve
University of South Africa, Applied Behavioural Ecology and Ecosystem Research Unit (ABEERU) Department of Environmental Sciences, 
 Supervisors:
 Dr Haemish Melville (ABEERU)
Dr Anne Pandraud (Getty Asterism, Zuka Private Game Reserve)
 Brief project background:
 Bush encroachment is a widespread challenge affecting savanna ecosystems throughout southern Africa, altering habitat structure and potentially reducing the suitability of habitats for many wildlife species. Prescribed burning is commonly used as a management tool to reduce woody vegetation and restore more open habitat conditions. However, the response of mammal communities to bush encroachment treatment remains poorly understood, particularly in terms of the rate and extent of recovery following burning.
This project aims to investigate the diversity, abundance, and spatio-temporal activity of mammals  in encroached areas before and after prescribed burns. Specifically, the study will assess whether mammals return to treated areas following burning, how quickly recolonization occurs, and whether changes in species diversity and community composition are sustained over time. By monitoring mammal assemblages  before and after management interventions, the project will provide valuable insights into the effectiveness of prescribed burning as a restoration tool for wildlife habitat.

This research is a collaborative initiative between Getty Asterism, through the Munywana Conservancy, and the Applied Behavioural Ecology and Ecosystems research Unit . The findings will contribute to evidence-based land management practices and support the development of adaptive conservation strategies aimed at restoring ecosystem function and biodiversity in savanna landscapes.

 

Candidate:

We are looking for a candidate who holds a Master of Science degree in Zoology, Animal Ecology or similar field. The candidate must be comfortable with RStudio and/or Python and QGIS. The candidate will also have to run camera trap survey and go through many images thus, the use of camera trap image analysis software will be a requirement. We expect the candidate to develop the project focusing on the following areas of investigation: vegetation mapping, mammal diversity surveys, mammal species abundance estimation, mammal spatio-temporal distribution.

 

General:

The student will carry out the investigation while being registered -as a student of the University of South Africa. The study will be carried out on the Munywana Conservancy. While conducting fieldwork, on site accommodation will be provided. An initial stipend will also be provided (a portion of which can be allocated to registration fees) for the first year of the study and may be extended depending on the project development. Onsite transport will be provided by the reserve. While some core equipment will be made available (camera traps and small mammal traps) , the candidate should be prepared to seek funding through bursaries and from other sources for additional equipment. The candidate must be in possession of a driver’s license that is valid in South Africa. 

 

Interested candidates should send the following:

1.      Letter of motivation

2.     CV – including three contactable references, and

3.     Academic record (any students applying from outside South Africa should ensure that they apply for accreditation of their masters degree through the South African Qualifications Authority). This will be required for registration.

 

Applications should be sent to Dr Pandraud (anne@zuka.co.za) and cc’d to Dr Melville (melviha@unisa.ac.za. Please include the phrase ‘The Burning Issue’ as the subject. 

We will accept applications until the 31st of August 2026. Thereafter we will evaluate candiate applications and decide on a shortlist. We will contant applicants to set up interviews during 

 

 

Contact
Dr Anne Pandraud
anne@zuka.co.za (preferred contact method)","Seeking a PhD candidate to investigate:
 Mammal diversity change and recovery following prescribed fire management on the Munywana Conservancy
 Institutions: 
 Getty Asterism, Zuka Private Game Reserve
University of South Africa, Applied Behavioural Ecology and Ecosystem Research Unit (ABEERU) Department of Environmental Sciences, 
 Supervisors:
 Dr Haemish Melville (ABEERU)
Dr Anne Pandraud (Getty Asterism, Zuka Private Game Reserve)
 Brief project background:
 Bush encroachment is a widespread challenge affecting savanna ecosystems throughout southern Africa, altering habitat structure and potentially reducing the suitability of habitats for many wildlife species. Prescribed burning is commonly used as a management tool to reduce woody vegetation and restore more open habitat conditions. However, the response of mammal communities to bush encroachment treatment remains poorly understood, particularly in terms of the rate and extent of recovery following burning.
This project aims to investigate the diversity, abundance, and spatio-temporal activity of mammals  in encroached areas before and after prescribed burns. Specifically, the study will assess whether mammals return to treated areas following burning, how quickly recolonization occurs, and whether changes in species diversity and community composition are sustained over time. By monitoring mammal assemblages  before and after management interventions, the project will provide valuable insights into the effectiveness of prescribed burning as a restoration tool for wildlife habitat.

This research is a collaborative initiative between Getty Asterism, through the Munywana Conservancy, and the Applied Behavioural Ecology and Ecosystems research Unit . The findings will contribute to evidence-based land management practices and support the development of adaptive conservation strategies aimed at restoring ecosystem function and biodiversity in savanna landscapes.

 

Candidate:

We are looking for a candidate who holds a Master of Science degree in Zoology, Animal Ecology or similar field. The candidate must be comfortable with RStudio and/or Python and QGIS. The candidate will also have to run camera trap survey and go through many images thus, the use of camera trap image analysis software will be a requirement. We expect the candidate to develop the project focusing on the following areas of investigation: vegetation mapping, mammal diversity surveys, mammal species abundance estimation, mammal spatio-temporal distribution.

 

General:

The student will carry out the investigation while being registered -as a student of the University of South Africa. The study will be carried out on the Munywana Conservancy. While conducting fieldwork, on site accommodation will be provided. An initial stipend will also be provided (a portion of which can be allocated to registration fees) for the first year of the study and may be extended depending on the project development. Onsite transport will be provided by the reserve. While some core equipment will be made available (camera traps and small mammal traps) , the candidate should be prepared to seek funding through bursaries and from other sources for additional equipment. The candidate must be in possession of a driver’s license that is valid in South Africa. 

 

Interested candidates should send the following:

1.      Letter of motivation

2.     CV – including three contactable references, and

3.     Academic record (any students applying from outside South Africa should ensure that they apply for accreditation of their masters degree through the South African Qualifications Authority). This will be required for registration.

 

Applications should be sent to Dr Pandraud (anne@zuka.co.za) and cc’d to Dr Melville (melviha@unisa.ac.za. Please include the phrase ‘The Burning Issue’ as the subject. 

We will accept applications until the 31st of August 2026. Thereafter we will evaluate candiate applications and decide on a shortlist. We will contant applicants to set up interviews during","PhD (Getty Asterism Zuka Private Game Reserve)
Getty Asterism Zuka Private Game Reserve (Private)
Details
Application Deadline:
08/31/2026
Published:
06/26/2026
Starting Date:
after 1/1/2027
Ending Date:
after 1/1/2029
Hours per Week:
40
Salary:
Commensurate / Negotiable
Education Required:
Masters
Experience Required:
at least 3 years
Location:
South Africa
remote work allowed
Tags:
Graduate Opportunities
Description
Seeking a PhD candidate to investigate:
 Mammal diversity change and recovery following prescribed fire management on the Munywana Conservancy
 Institutions: 
 Getty Asterism, Zuka Private Game Reserve
University of South Africa, Applied Behavioural Ecology and Ecosystem Research Unit (ABEERU) Department of Environmental Sciences, 
 Supervisors:
 Dr Haemish Melville (ABEERU)
Dr Anne Pandraud (Getty Asterism, Zuka Private Game Reserve)
 Brief project background:
 Bush encroachment is a widespread challenge affecting savanna ecosystems throughout southern Africa, altering habitat structure and potentially reducing the suitability of habitats for many wildlife species. This research is a collaborative initiative between Getty Asterism, through the Munywana Conservancy, and the Applied Behavioural Ecology and Ecosystems research Unit",,"08/31/2026
Published:
06/26/2026
Starting Date:
after 1/1/2027
Ending Date:
after 1/1/2029
Hours per Week:
40
Salary:
Commensurate / Negotiable
Education Required:
Masters
Experience Required:
at least 3 years
Location:
South Africa
remote work allowed
Tags:
Graduate Opportunities
Description
Seeking a PhD candidate to investigate:
 Mammal diversity change and recovery following prescribed fire management on the Munywana Conservancy
 Institutions: 
 Getty Asterism, Zuka Private Game Reserve
University of South Africa, Applied Behavioural Ecology and Ecosystem Research Unit (ABEERU) Department of Environmental Sciences, 
 Supervisors:
 Dr Haemish Melville (ABEERU)
Dr Anne Pandraud (Getty Asterism, Zuka Private Game Reserve)
 Brief project background:
 Bush encroachment is a widespread challenge affecting savanna ecosystems throughout southern Africa, altering habitat structure and potentially reducing the suitability of habitats for many wildlife species",True,0.75,PhD Position,Forestry and Habitat,0.278,"[""wildlife"", ""animal ecology"", ""wildlife habitat"", ""mammal"", ""habitat""]",False,,2026-06-28T07:43:16.271802+00:00,scrape_20260628_074252_ffe470bd,2.0,2026-06-28T07:43:16.271802+00:00,2026-06-28T07:43:16.271802+00:00,Forestry and Habitat,Human Dimensions,rule,,,,,False,,,,,,,,,,,,,,,
M.S. Position – Using drones to study urban parrots in Southern California (Cal Poly Pomona),Cal Poly Pomona (State),"3801 W. Temple Ave (Pomona, California)",,after 1/1/2026,06/26/2025,"[""Graduate Opportunities""]",https://jobs.rwfm.tamu.edu/view/107434/,"M.S. Position – Using drones to study urban parrots in Southern California (Cal Poly Pomona)
Cal Poly Pomona (State)
Application Deadline:
08/01/2025
Published:
06/26/2025
Starting Date:
after 1/1/2026
Hours per Week:
at most 20
Salary:
starting at $20 per hour
Education Required:
Bachelors
Experience Required:
none
Location:
3801 W. Temple Ave (Pomona, California)
Tags:
Graduate Opportunities
2 weeks ago
Open in New Window",,,,08/01/2025,True,0.85,Graduate Position,Other,,,,,2025-07-13T14:45:52.076921+00:00,,4.0-targeted,2025-07-13T14:47:11.244822+00:00,,Other,,rule,,,,,True,California,US,,,107434,starting at $20 per hour,at most 20,Bachelors,none,,,2026-02-19T18:06:18.298934+00:00,GraduatePositionDetector,,
PhD Graduate Assistantship: Restoration of Dune Habitat for Dunes Sagebrush Lizard,Texas Tech University (State),"Texas Tech University (Lubbock, Texas)",,between 8/13/2025 and 8/31/2025,06/26/2025,"[""Graduate Opportunities""]",https://jobs.rwfm.tamu.edu/view/105352/,"PhD Graduate Assistantship: Restoration of Dune Habitat for Dunes Sagebrush Lizard
Texas Tech University (State)
Application Deadline:
07/31/2025
Published:
06/26/2025
Starting Date:
between 8/13/2025 and 8/31/2025
Hours per Week:
40
Salary:
Commensurate / Negotiable
Education Required:
Masters
Experience Required:
none
Location:
Texas Tech University (Lubbock, Texas)
Tags:
Graduate Opportunities
2 weeks ago
Open in New Window",,,,07/31/2025,True,0.85,Graduate Assistantship,Forestry and Habitat,,,,,2025-07-13T14:45:52.082664+00:00,,4.0-targeted,2025-07-13T14:47:11.244822+00:00,,Forestry and Habitat,,rule,,,,,True,Texas,US,,,105352,Commensurate / Negotiable,40,Masters,none,,,2026-02-19T18:06:18.298934+00:00,GraduatePositionDetector,,
Honey bee graduate research assistant,North Dakota State University (State),"Fargo, North Dakota",,between 8/26/2025 and 1/12/2026,06/26/2025,"[""Graduate Opportunities""]",https://jobs.rwfm.tamu.edu/view/107385/,"Honey bee graduate research assistant
North Dakota State University (State)
Application Deadline:
12/31/2025
Published:
06/26/2025
Starting Date:
between 8/26/2025 and 1/12/2026
Hours per Week:
at least 40
Salary:
$22,000 to $25,000 per year
Education Required:
Bachelors
Experience Required:
none
Location:
Fargo, North Dakota
Tags:
Graduate Opportunities
Undergraduate Opportunities
2 weeks ago
Open in New Window",,,,12/31/2025,True,0.85,Graduate Assistantship,Entomology,,,,,2025-07-13T14:45:52.128882+00:00,,4.0-targeted,2025-07-13T14:47:11.244829+00:00,,Entomology,,rule,,,,,True,North Dakota,US,,,107385,"$22,000 to $25,000 per year",at least 40,Bachelors,none,,,2026-02-19T18:06:18.298934+00:00,GraduatePositionDetector,,
PhD Student in Landscape Ecology at The University of Texas at El Paso,UTEP (State),"El Paso, Texas",,8/24/2026,06/26/2025,"[""Graduate Opportunities""]",https://jobs.rwfm.tamu.edu/view/107401/,"PhD Student in Landscape Ecology at The University of Texas at El Paso
UTEP (State)
Application Deadline:
01/31/2026
Published:
06/26/2025
Starting Date:
8/24/2026
Ending Date:
between 5/17/2030 and 8/9/2030
Hours per Week:
40
Salary:
Commensurate / Negotiable
Education Required:
Bachelors
Experience Required:
at least 1 year
Location:
El Paso, Texas
Tags:
Graduate Opportunities
2 weeks ago
Open in New Window",,,,01/31/2026,True,0.85,PhD Position,Other,,,,,2025-07-13T14:45:52.134521+00:00,,4.0-targeted,2025-07-13T14:47:11.244830+00:00,,Other,,rule,,,,,True,Texas,US,,,107401,Commensurate / Negotiable,40,Bachelors,at least 1 year,,,2026-02-19T18:06:18.298934+00:00,GraduatePositionDetector,,
PhD Assistantship — Wetland & Aquatic Biogeochemistry Lab,Louisiana State University (State),"Baton Rouge, Louisiana","starting at $31,000 per year",after 1/1/2027,06/24/2026,"Graduate Opportunities, Undergraduate Opportunities",https://jobs.rwfm.tamu.edu/view-job/?id=117223,"PhD Assistantship — Wetland & Aquatic Biogeochemistry Lab
Louisiana State University (State)
Details
Application Deadline:
09/30/2026
Published:
06/24/2026
Starting Date:
after 1/1/2027
Hours per Week:
at least 20
Salary:
starting at $31,000 per year
Education Required:
Masters
Experience Required:
none
Location:
Baton Rouge, Louisiana
Tags:
Graduate Opportunities
Undergraduate Opportunities
Description
The Wetland and Aquatic Biogeochemistry Lab at Louisiana State University is seeking a motivated PhD student to study phosphorus dynamics and harmful algal blooms (HABs) in coastal river and estuary systems in southeastern Louisiana. The funded project investigates how land-use change, internal sediment loading, and seasonal hydrology drive phosphorus availability and water-quality impairment in the Lake Pontchartrain Estuary and its tributaries.

The student will lead field-based research, including river transect sampling, high-resolution water-quality monitoring, intact sediment core incubation studies, and phosphorus fractionation analysis. The work combines aquatic biogeochemistry, nutrient cycling, soil chemistry, and environmental management, with direct relevance to watershed and HAB mitigation efforts.

We're looking for someone who:
Holds (or will soon complete) an MS in environmental science, biogeochemistry, oceanography, ecology, or a related field
Is comfortable with fieldwork in aquatic and estuarine environments
Has interest or experience in nutrient analysis, sediment chemistry, or water-quality monitoring
Is self-motivated and able to work both independently and collaboratively
Preferred qualifications:
Previous publication record
experience in analytical chemistry techniques

Support: $31,000/year stipend, with 75% of health insurance premiums covered.

To apply: Send a CV, a brief statement of research interests, and contact information for three references to Dr. John White (lsuwabl@outlook.com). *Any contact outside of this email will not be considered

Contact
John White
lsuwabl@outlook.com (preferred contact method)","Hours per Week:
at least 20
Salary:
starting at $31,000 per year
Education Required:
Masters
Experience Required:
none","The student will lead field-based research, including river transect sampling, high-resolution water-quality monitoring, intact sediment core incubation studies, and phosphorus fractionation analysis. To apply: Send a CV, a brief statement of research interests, and contact information for three references to Dr",,"09/30/2026
Published:
06/24/2026
Starting Date:
after 1/1/2027
Hours per Week:
at least 20
Salary:
starting at $31,000 per year
Education Required:
Masters
Experience Required:
none
Location:
Baton Rouge, Louisiana
Tags:
Graduate Opportunities
Undergraduate Opportunities
Description
The Wetland and Aquatic Biogeochemistry Lab at Louisiana State University is seeking a motivated PhD student to study phosphorus dynamics and harmful algal blooms (HABs) in coastal river and estuary systems in southeastern Louisiana",True,0.85,PhD Position,Environmental Sciences,0.18,"[""aquatic"", ""river"", ""lake"", ""estuary"", ""coastal""]",False,,2026-06-28T07:43:16.728664+00:00,scrape_20260628_074252_ffe470bd,2.0,2026-06-28T07:43:16.728664+00:00,2026-06-28T07:43:16.728664+00:00,Environmental Sciences,Fisheries and Aquatic,rule,31000.0,0.8,38750.0,analytics_backfill,True,Louisiana,US,,,,,,,,,,,,,
MS student,Utah State University (State),"6405 Old Main Hill, Logan, UT 84321, USA (Logan, Utah)",,after 8/25/2025,06/24/2025,"[""Graduate Opportunities""]",https://jobs.rwfm.tamu.edu/view/107341/,"MS student - avian mortality study
Utah State University (State)
Application Deadline:
07/31/2025
Published:
06/24/2025
Starting Date:
after 8/25/2025
Ending Date:
before 5/30/2027
Hours per Week:
40
Salary:
$22,000 per year
Education Required:
Bachelors
Experience Required:
none
Location:
6405 Old Main Hill, Logan, UT 84321, USA (Logan, Utah)
Tags:
Graduate Opportunities
2 weeks ago
Open in New Window",,,,07/31/2025,True,0.85,Graduate Position,Wildlife,,,,,2025-07-13T14:45:52.145881+00:00,,4.0-targeted,2025-07-13T14:47:11.244831+00:00,,Wildlife,,rule,,,,,True,Utah,US,,,107341,"$22,000 per year",40,Bachelors,none,,,2026-02-19T18:06:18.298934+00:00,GraduatePositionDetector,,
M.S. Graduate Research Assistantship – Bat Acoustic Ecology,University of West Georgia (State),multiple,"up to $18,000 per year",after 8/1/2026,06/23/2026,Graduate Opportunities,https://jobs.rwfm.tamu.edu/view-job/?id=117171,"M.S. Graduate Research Assistantship – Bat Acoustic Ecology
University of West Georgia (State) | https://westga.edu
Details
Posting:
https://careers.hprod.onehcm.usg.edu/psp/careers/CAREERS/HRMS/c/HRS_HRAM_FL.HRS_CG_SEARCH_FL.GBL?Page=HRS_APP_JBPST_FL&Action=U&FOCUS=Applicant&SiteId=54000&JobOpeningId=299851&PostingSeq=1
Application Deadline:
07/04/2026
Published:
06/23/2026
Starting Date:
after 8/1/2026
Ending Date:
after 7/31/2028
Hours per Week:
20 - 40
Salary:
up to $18,000 per year
Education Required:
Bachelors
Experience Required:
at least 1 year
Locations:
Carrollton, Georgia
Alabama
Tags:
Graduate Opportunities
Description
The Edelman research lab at the University of West Georgia is seeking a highly qualified and motivated M.S. student to join their team this fall. The focus of the thesis research is to study the distribution, habitat use, and seasonal activity of the bats, particularly the endangered northern long-eared bat (Myotis septentrionalis), in coastal Alabama. This project will use acoustic monitoring and habitat assessments to quantify bat activity across seasons and habitats in the Gulf Coastal Plain. 
 Responsibilities include: 
- Deploy and maintain acoustic detectors across remote field sites 
- Conduct extensive fieldwork in forested and coastal environments 
- Process and analyze bat acoustic data using software 
- Manually vet call identifications and manage large datasets 
- Conduct vegetation and habitat measurements 
- Assist with GIS-based habitat analyses 
- Contribute to reports, presentations, and peer-reviewed manuscripts 
 A 10-month research assistantship for working on the thesis project, including a stipend based on 20 hours/week and a tuition waiver, is provided by UWG for the fall 2026 and spring 2027 semesters. Summer pay is available for two years at $8,000 per year, pending final grant contract approval expected within the next few weeks. The second-year salary will be contingent on the student applying for available graduate teaching assistantships ($10,000 with a tuition waiver). A 4x4 truck and dorm housing at Weeks Bay Research Reserve will be provided for field research. The selected individual will enroll in the graduate program of the Biology Program at the University of West Georgia beginning August 2026. 
 Please email a PDF application containing a short letter of interest, Resume/CV, unofficial transcript, and contact information for two professional references to Dr. Andrew Edelman, aedelman@westga.edu. Review of applications will begin immediately and continue until the position is filled. 
 Salary & Benefits 
$1,000 per month from August 2026 through May 2027 ($10,000 total) 
Tuition waiver for Fall/spring semesters (student fees not covered) 
$8,000 per summer for 2027 and 2028 (pending final grant approval) 
Requires medical insurance coverage. If private coverage is not carried, then coverage is available through United Healthcare at the student’s cost. 
 Minimum Qualifications 
B.S. in biology, wildlife ecology, or related field with at least a 3.0 GPA on a 4.0 scale 
Must meet all eligibility requirements for employment in U.S. 
Strong experience in ecological/wildlife research at the undergraduate or post-baccalaureate level 
Excellent quantitative, writing, and oral communication skills 
Ability to work independently and as part of a team 
Willingness to spend time at remote locations 
Ability to hike across rough terrain under a variety of weather conditions while hauling heavy equipment 
Orienteering skills including use of maps, compass, and GPS. 
Valid driver’s license and ability to drive 4WD vehicle 
 Preferred Qualifications 
Basic training in GIS, R, and statistics
Experience with acoustic monitoring, bats, or bioacoustics
Contact
Andrew Edelman
aedelman@westga.edu (preferred contact method)","B.S. in biology, wildlife ecology, or related field with at least a 3.0 GPA on a 4.0 scale 
Must meet all eligibility requirements for employment in U.S. 
Strong experience in ecological/wildlife research at the undergraduate or post-baccalaureate level 
Excellent quantitative, writing, and oral communication skills 
Ability to work independently and as part of a team 
Willingness to spend time at remote locations 
Ability to hike across rough terrain under a variety of weather conditions while hauling heavy equipment 
Orienteering skills including use of maps, compass, and GPS. 
Valid driver’s license and ability to drive 4WD vehicle","Graduate Research Assistantship – Bat Acoustic Ecology
University of West Georgia (State) | https://westga. Page=HRS_APP_JBPST_FL&Action=U&FOCUS=Applicant&SiteId=54000&JobOpeningId=299851&PostingSeq=1
Application Deadline:
07/04/2026
Published:
06/23/2026
Starting Date:
after 8/1/2026
Ending Date:
after 7/31/2028
Hours per Week:
20 - 40
Salary:
up to $18,000 per year
Education Required:
Bachelors
Experience Required:
at least 1 year
Locations:
Carrollton, Georgia
Alabama
Tags:
Graduate Opportunities
Description
The Edelman research lab at the University of West Georgia is seeking a highly qualified and motivated M. The focus of the thesis research is to study the distribution, habitat use, and seasonal activity of the bats, particularly the endangered northern long-eared bat (Myotis septentrionalis), in coastal Alabama",,"07/04/2026
Published:
06/23/2026
Starting Date:
after 8/1/2026
Ending Date:
after 7/31/2028
Hours per Week:
20 - 40
Salary:
up to $18,000 per year
Education Required:
Bachelors
Experience Required:
at least 1 year
Locations:
Carrollton, Georgia
Alabama
Tags:
Graduate Opportunities
Description
The Edelman research lab at the University of West Georgia is seeking a highly qualified and motivated M",True,0.85,Graduate Assistantship,Wildlife,0.0,[],False,,2026-06-28T07:43:16.841861+00:00,scrape_20260628_074252_ffe470bd,2.0,2026-06-28T07:43:16.841861+00:00,2026-06-28T07:43:16.841861+00:00,Wildlife,Forestry and Habitat,rule,18000.0,1.0,18000.0,analytics_backfill,False,,,,,,,,,,,,,,,
PhD Student Positions in Water Digital Twins,"WESA Lab, Texas A&M University - Corpus Christi (State)","6300 Ocean Dr (Corpus Christi, Texas)",Commensurate / Negotiable,after 1/1/2027,06/23/2026,Graduate Opportunities,https://jobs.rwfm.tamu.edu/view-job/?id=117194,"PhD Student Positions in Water Digital Twins
WESA Lab, Texas A&M University - Corpus Christi (State) | https://wesa.tamucc.edu
Details
Application Deadline:
09/15/2026
Published:
06/23/2026
Starting Date:
after 1/1/2027
Hours per Week:
20
Salary:
Commensurate / Negotiable
Education Required:
Masters
Experience Required:
none
Location:
6300 Ocean Dr (Corpus Christi, Texas)
Tags:
Graduate Opportunities
Description
Two PhD student positions focusing on the development and applications of water digital twins are available in the Water and Environmental Systems Analysis Lab (WESA) at Texas A&M University-Corpus Christi. Both positions are expected to start in Spring 2027 and are fully funded for up to four years. 
 Position #1 will focus on the digital twins of regional water resources systems, addressing interbasin water transfer, ensemble-based hydrologic modeling, forecast-informed reservoir operations, and environmental flow management.
 Required Qualifications:
(1) A master’s degree in civil engineering, environmental engineering, or a related field;
(2) Experience with the configuration and calibration of HEC-HMS or similar models.
 Preferred Qualifications:
(1) Experience with ensemble-based precipitation or streamflow modeling; 
(2) Experience with remote sensing for surface water, evapotranspiration, or soil moisture;
(3) Experience with the development of WebGIS portals using ArcGIS Online or Mapbox;
 Position #2 will focus on the integrated digital twins of multiple urban water infrastructures in coastal regions, including stormwater drainage, rainwater harvesting, and wastewater reclamation systems. 
 Required Qualifications:
(1) A master’s degree in civil engineering, environmental engineering, or a related field;
(2) Experience with the configuration and calibration of SWMM or similar models.
 Preferred Qualifications:
(1) Experience in environmental or hydrologic fieldwork; 
(2) Experience with the analysis and modeling of socio-environmental systems;
(3) Experience with the development of WebGIS portals using ArcGIS Online or Mapbox.
 Interested applicants should provide the following materials:
(1) CV or resume;
(2) Statement of research experience and interest;
(3) Examples of relevant research products (papers, manuscripts, presentations, thesis chapters, technical reports, etc.); 
(4) Three references.
 Please submit all materials as a single PDF document by September 15th through this link: https://forms.gle/2LnG6Kc8zpuHtgCi8. 
 For more information on the research group, please visit wesa.tamucc.edu. 
Contact
Hua Zhang
hua.zhang@tamucc.edu (preferred contact method)","Two PhD student positions focusing on the development and applications of water digital twins are available in the Water and Environmental Systems Analysis Lab (WESA) at Texas A&M University-Corpus Christi. Both positions are expected to start in Spring 2027 and are fully funded for up to four years. 
 Position #1 will focus on the digital twins of regional water resources systems, addressing interbasin water transfer, ensemble-based hydrologic modeling, forecast-informed reservoir operations, and environmental flow management.
 Required Qualifications:
(1) A master’s degree in civil engineering, environmental engineering, or a related field;
(2) Experience with the configuration and calibration of HEC-HMS or similar models.
 Preferred Qualifications:
(1) Experience with ensemble-based precipitation or streamflow modeling; 
(2) Experience with remote sensing for surface water, evapotranspiration, or soil moisture;
(3) Experience with the development of WebGIS portals using ArcGIS Online or Mapbox;
 Position #2 will focus on the integrated digital twins of multiple urban water infrastructures in coastal regions, including stormwater drainage, rainwater harvesting, and wastewater reclamation systems. 
 Required Qualifications:
(1) A master’s degree in civil engineering, environmental engineering, or a related field;
(2) Experience with the configuration and calibration of SWMM or similar models.
 Preferred Qualifications:
(1) Experience in environmental or hydrologic fieldwork; 
(2) Experience with the analysis and modeling of socio-environmental systems;
(3) Experience with the development of WebGIS portals using ArcGIS Online or Mapbox.
 Interested applicants should provide the following materials:
(1) CV or resume;
(2) Statement of research experience and interest;
(3) Examples of relevant research products (papers, manuscripts, presentations, thesis chapters, technical reports, etc.); 
(4) Three references.
 Please submit all materials as a single PDF document by September 15th through this link: https://forms.gle/2LnG6Kc8zpuHtgCi8. 
 For more information on the research group, please visit wesa.tamucc.edu.","Interested applicants should provide the following materials:
(1) CV or resume;
(2) Statement of research experience and interest;
(3) Examples of relevant research products (papers, manuscripts, presentations, thesis chapters, technical reports, etc. For more information on the research group, please visit wesa",,"09/15/2026
Published:
06/23/2026
Starting Date:
after 1/1/2027
Hours per Week:
20
Salary:
Commensurate / Negotiable
Education Required:
Masters
Experience Required:
none
Location:
6300 Ocean Dr (Corpus Christi, Texas)
Tags:
Graduate Opportunities
Description
Two PhD student positions focusing on the development and applications of water digital twins are available in the Water and Environmental Systems Analysis Lab (WESA) at Texas A&M University-Corpus Christi",True,0.85,PhD Position,Environmental Sciences,0.0,[],False,,2026-06-28T07:43:16.955126+00:00,scrape_20260628_074252_ffe470bd,2.0,2026-06-28T07:43:16.955126+00:00,2026-06-28T07:43:16.955126+00:00,Environmental Sciences,,rule,,,,,True,Texas,US,,,,,,,,,,,,,
PhD Opportunity in Spatial and Disease Ecology of Bison,USGS (Federal),multiple,Commensurate / Negotiable,between 12/31/2026 and 1/19/2027,06/16/2026,Graduate Opportunities,https://jobs.rwfm.tamu.edu/view-job/?id=116955,"PhD Opportunity in Spatial and Disease Ecology of Bison
USGS (Federal) | https://www.usgs.gov/staff-profiles/paul-cross
Details
Application Deadline:
08/03/2026
Published:
06/16/2026
Starting Date:
between 12/31/2026 and 1/19/2027
Hours per Week:
30 - 50
Salary:
Commensurate / Negotiable
Education Required:
Bachelors
Experience Required:
at least 2 years
Locations:
Fort Collins, CO, Texas
Jackson, WY, Texas
Tags:
Graduate Opportunities
Description
PhD Opportunity in Spatial and Disease Ecology of Bison

Department of Fish, Wildlife, and Conservation Biology, Colorado State University
In collaboration with the National Park Service

Primary Advisor: Dr. Georgia Titcomb
Committee: Dr. Danielle Buttke, Dr. Paul Cross, Sarah Dewey, Eric Cole

Start date: Spring semester 2027 (January 19, 2027)

We seek an outstanding PhD student to lead a research project at the intersection of spatial ecology, disease ecology, and wildlife management, focused on American bison in the Greater Yellowstone Ecosystem.

This project will investigate how landscape heterogeneity, movement, and contact rates influence pathogen transmission, primarily Mycoplasmopsis bovis, in bison. The student will combine GPS data, disease surveillance data, and spatial modeling to understand how resources in the environment shape habitat use and corresponding disease risk across space and time. The project will provide information to support management of bison under evolving conservation and management frameworks in the Greater Yellowstone Ecosystem, including implementation of the forthcoming Bison and Elk Management Plan (BEMP).

The PhD student will:

Analyze high-resolution GPS movement data from American bison to quantify spatial contact patterns and aggregation dynamics.
Use resource selection and movement models to evaluate drivers of habitat use and forecast distribution under changing environmental and management conditions.
Integrate movement ecology with pathogen transmission models.
Develop spatially explicit models of bison distribution, habitat use, and disease risk to support adaptive management and human–bison conflict mitigation.
Collaborate with agency partners and interdisciplinary researchers.
Publish findings in leading journals in ecology and disease ecology.
 Qualifications

Required:

MS in ecology, wildlife biology, quantitative biology, or related field (exceptional BS applicants considered)
Strong quantitative and analytical skills
Demonstrated experience in R
Experience with spatial analysis and GPS radio collar data
 

Preferred:

Experience in disease ecology or epidemiological modeling
Comfort working with large datasets
Prior experience working on applied management questions
 Training

The student will receive training in:

Disease modeling and transmission dynamics
Spatial statistics, movement ecology, and landscape ecology
Reproducible research and computational workflows
Collaborative science with governmental agencies
Scientific writing and communication
 Logistics

Academic start date: Spring 2027 (January)
Funding: Fully funded PhD (stipend, tuition, health insurance) for 4 years, contingent on satisfactory progress.
Location: Based at Colorado State University, with fieldwork and collaboration in the Greater Yellowstone Ecosystem.
 How to Apply

Interested applicants should send an email with the subject line: “bison_phd_opportunity_last name” to georgia.titcomb@colostate.edu with the following documents compiled into a single pdf file:

A CV
A list of relevant coursework and training in statistics, quantitative methods, GIS, and spatial analysis
A brief statement of research interests (1 page maximum)
Contact information for three references
 In your statement, please briefly describe:

Your quantitative background
Your experience with spatial or disease ecology
Why you are interested in bison and applied wildlife disease research
Contact
Dr. Georgia Titcomb
Georgia.Titcomb@colostate.edu (preferred contact method)","Hours per Week:
30 - 50
Salary:
Commensurate / Negotiable
Education Required:
Bachelors
Experience Required:
at least 2 years","Paul Cross, Sarah Dewey, Eric Cole

Start date: Spring semester 2027 (January 19, 2027)

We seek an outstanding PhD student to lead a research project at the intersection of spatial ecology, disease ecology, and wildlife management, focused on American bison in the Greater Yellowstone Ecosystem. Collaborate with agency partners and interdisciplinary researchers. Qualifications

Required:

MS in ecology, wildlife biology, quantitative biology, or related field (exceptional BS applicants considered)
Strong quantitative and analytical skills
Demonstrated experience in R
Experience with spatial analysis and GPS radio collar data
 

Preferred:

Experience in disease ecology or epidemiological modeling
Comfort working with large datasets
Prior experience working on applied management questions
 Training

The student will receive training in:

Disease modeling and transmission dynamics
Spatial statistics, movement ecology, and landscape ecology
Reproducible research and computational workflows
Collaborative science with governmental agencies
Scientific writing and communication
 Logistics

Academic start date: Spring 2027 (January)
Funding: Fully funded PhD (stipend, tuition, health insurance) for 4 years, contingent on satisfactory progress",,"08/03/2026
Published:
06/16/2026
Starting Date:
between 12/31/2026 and 1/19/2027
Hours per Week:
30 - 50
Salary:
Commensurate / Negotiable
Education Required:
Bachelors
Experience Required:
at least 2 years
Locations:
Fort Collins, CO, Texas
Jackson, WY, Texas
Tags:
Graduate Opportunities
Description
PhD Opportunity in Spatial and Disease Ecology of Bison

Department of Fish, Wildlife, and Conservation Biology, Colorado State University
In collaboration with the National Park Service

Primary Advisor: Dr",True,0.75,PhD Position,Wildlife,0.333,"[""wildlife"", ""wildlife management"", ""elk"", ""wildlife disease"", ""habitat""]",False,,2026-06-21T08:20:45.228163+00:00,scrape_20260621_082023_3c9cb58c,2.0,2026-06-21T08:20:45.228163+00:00,2026-06-21T08:20:45.228163+00:00,Wildlife,Fisheries and Aquatic,rule,,,,,False,,,,,,,,,,,,,,,
PhD opportunity – Behavioural ecology and population dynamics of snowshoe hares in a changing boreal landscape,Trent University (State),"Trent University (Peterborough, Canada)",Commensurate / Negotiable,after 9/1/2026,06/16/2026,Graduate Opportunities,https://jobs.rwfm.tamu.edu/view-job/?id=117053,"PhD opportunity – Behavioural ecology and population dynamics of snowshoe hares in a changing boreal landscape
Trent University (State) | http://dennismurray.ca
Details
Posting:
http://www.dennismurray.ca
Application Deadline:
01/01/2027
Published:
06/16/2026
Starting Date:
after 9/1/2026
Ending Date:
after 12/31/2030
Hours per Week:
at least 40
Salary:
Commensurate / Negotiable
Education Required:
Masters
Experience Required:
at least 2 years
Location:
Trent University (Peterborough, Canada)
Tags:
Graduate Opportunities
Description
PhD opportunity – Behavioural ecology and population dynamics of snowshoe hares in a changing boreal landscape 

Nearly five decades of ecological researchin southwest Yukon have produced one of the world's most influential long-term studies of boreal ecosystems.The Integrative Wildlife Conservation Lab at Trent University is recruiting a PhD student to join this research program by examining snowshoe hare responses to dynamic boreal landscapes.The project will take place at Kluane Lake, Yukon, Canada, where snowshoe hare population cycles and boreal forest ecosystem dynamics have been studied for nearly 50 years. Leveraging the most extensive long-term dataset available on snowshoe hare populations, this research will address longstanding questions about how behavioural responses to food availability, habitat structure, and predation risk scale up to influence hare population dynamics and their iconic 10-year cycles. 

Through hare GPS telemetry and accelerometry, combined with remotely sensed measurements of vegetative structural cover and forage availability and quality, the project will investigate: 

1)    How do hares adjust movement, habitat use, predator avoidance, and foraging behaviour in response to seasonal variation in forage and cover? 

2)    How do behavioural dynamics vary across phases of the hare population cycle and with local population density? 

3)    How do nutritional and structural landscapes vary through space and time, and do these dynamics influence hare survival, reproduction, and population growth? 

4)     Can hare–vegetation dynamics help explain the relative importance of food limitation versus food–predation interactions in driving population cycles? 

5)    How might climate-driven changes in boreal vegetation and seasonal variation alter hare behaviour and future population dynamics? 

The project offers exceptional opportunities to integrate behavioural ecology, movement ecology, population dynamics, remote sensing, and ecological forecasting. Students will have access to extensive historical telemetry and accelerometry datasets, long-term ecological monitoring records, and opportunities to develop novel analytical approaches for quantifying forage quality and animal–environment interactions.Beyond addressing longstanding questions in population ecology, this research will contribute to predicting wildlife responses to environmental variability and climate change in northern ecosystems. The successful candidate will be encouraged to develop their own research direction within the broader framework of the project. 

 
Applicants must have: 

·      An MSc in Ecology, Conservation Biology, or a related field 

·      Evidence of peer-reviewed publications or other demonstrated research productivity 

·      Strong field and quantitative skills 

·      Interest in working collaboratively within a large research team 
 Additional desirable experience includes animal handling, remote sensing, drone operation, data post-processing, GPS telemetry, animal movement modelling, spatial analysis, and working in field environments. 
 For additional details, see www.dennismurray.ca. 
 To apply, send a cover letter, curriculum vitae, unofficial academic transcript, and contact information for 3 references to: Dennis Murray (dennismurray@trentu.ca). 
 The position will be filled as soon as a suitable candidate is found. 
    Contact
Dennis Murray
705-748-1011
dennismurray@trentu.ca (preferred contact method)","Hours per Week:
at least 40
Salary:
Commensurate / Negotiable
Education Required:
Masters
Experience Required:
at least 2 years","ca
Application Deadline:
01/01/2027
Published:
06/16/2026
Starting Date:
after 9/1/2026
Ending Date:
after 12/31/2030
Hours per Week:
at least 40
Salary:
Commensurate / Negotiable
Education Required:
Masters
Experience Required:
at least 2 years
Location:
Trent University (Peterborough, Canada)
Tags:
Graduate Opportunities
Description
PhD opportunity – Behavioural ecology and population dynamics of snowshoe hares in a changing boreal landscape 

Nearly five decades of ecological researchin southwest Yukon have produced one of the world's most influential long-term studies of boreal ecosystems. The Integrative Wildlife Conservation Lab at Trent University is recruiting a PhD student to join this research program by examining snowshoe hare responses to dynamic boreal landscapes. Leveraging the most extensive long-term dataset available on snowshoe hare populations, this research will address longstanding questions about how behavioural responses to food availability, habitat structure, and predation risk scale up to influence hare population dynamics and their iconic 10-year cycles",,"01/01/2027
Published:
06/16/2026
Starting Date:
after 9/1/2026
Ending Date:
after 12/31/2030
Hours per Week:
at least 40
Salary:
Commensurate / Negotiable
Education Required:
Masters
Experience Required:
at least 2 years
Location:
Trent University (Peterborough, Canada)
Tags:
Graduate Opportunities
Description
PhD opportunity – Behavioural ecology and population dynamics of snowshoe hares in a changing boreal landscape 

Nearly five decades of ecological researchin southwest Yukon have produced one of the world's most influential long-term studies of boreal ecosystems",True,0.75,PhD Position,Environmental Sciences,0.306,"[""wildlife"", ""wildlife conservation"", ""predator"", ""population dynamics"", ""telemetry""]",False,,2026-06-21T08:20:45.326931+00:00,scrape_20260621_082023_3c9cb58c,2.0,2026-06-21T08:20:45.326931+00:00,2026-06-21T08:20:45.326931+00:00,Environmental Sciences,Wildlife,rule,,,,,False,,,,,,,,,,,,,,,
PhD opportunity – Boreal forest dynamics under climate change,Trent University (State),"Trent University (Peterborough, Canada)",Commensurate / Negotiable,after 9/1/2026,06/16/2026,Graduate Opportunities,https://jobs.rwfm.tamu.edu/view-job/?id=117052,"PhD opportunity – Boreal forest dynamics under climate change
Trent University (State) | http://dennismurray.ca
Details
Posting:
http://www.dennismurray.ca
Application Deadline:
12/31/2026
Published:
06/16/2026
Starting Date:
after 9/1/2026
Ending Date:
after 12/31/2030
Hours per Week:
at least 40
Salary:
Commensurate / Negotiable
Education Required:
Masters
Experience Required:
at least 2 years
Location:
Trent University (Peterborough, Canada)
Tags:
Graduate Opportunities
Description
Nearly five decades of ecological research in southwest Yukon have produced one of the world's most influential long-term studies of boreal ecosystems. The Integrative Wildlife Conservation Lab at Trent University is recruiting a PhD student to join this research program by examining climate-driven changes in boreal forest structure and vegetation dynamics in northern ecosystems. The project will take place at Kluane Lake, Yukon, Canada, where boreal forest ecosystem dynamics, wildlife populations, and environmental change have been studied for nearly 50 years. Building on this unique long-term research program, the project will address fundamental questions about how the boreal forest is being reshaped by ongoing and predicted future climate change, and how these changes may influence future ecosystem structure and function.

Using unmanned aerial vehicles equipped with LiDAR, multispectral, and RGB sensors, together with archived satellite imagery and ground-based environmental measurements, the project will investigate:

1) How do forest productivity, regeneration, and phenology vary through space and time across the Kluane landscape?

2) What factors drive variation in forest structural complexity and resilience to disturbance, including wildfire and insect outbreaks?

3) How are climate-driven changes in forest composition and deciduous vegetation (e.g., shrubification) altering boreal ecosystem structure?

4) How might future climate change alter vegetation dynamics, and what are the implications for boreal ecosystem processes and wildlife habitat?

5) How rapidly are boreal vegetation communities changing, and can historical remote sensing records reveal early indicators of ecosystem transition?

The project offers exceptional opportunities to integrate remote sensing, landscape ecology, forest ecology, and ecological forecasting. Students will have access to long-term ecological monitoring records, historical satellite imagery, advanced UAV-based remote sensing platforms, and opportunities to develop novel approaches for quantifying vegetation dynamics across seasonal landscape conditions. Beyond advancing our understanding of northern ecosystem dynamics, this research will contribute to predicting how vegetation landscapes are likely to change over coming decades, and the consequences of those changes for boreal biodiversity and ecosystem function.

The successful candidate will be encouraged to develop their own research direction within the broader framework of the project.

Applicants must have:

• An MSc in Ecology, Geography, Environmental Science, or a related field
• Evidence of peer-reviewed publications
• Strong field and quantitative skills
• Experience with GIS and related analyses
• Interest in working collaboratively within a large, interdisciplinary research group

Additional desirable experience includes UAV/drone operation, remote sensing data processing, and working in remote field conditions.

For additional details, see www.dennismurray.ca. 

To apply, send a cover letter, curriculum vitae, unofficial academic transcript, and contact information for 3 references to: Dennis Murray (dennismurray@trentu.ca). 

The position will be filled as soon as a suitable candidate is found.


Contact
Dennis Murray
705-748-1011
dennismurray@trentu.ca (preferred contact method)","Hours per Week:
at least 40
Salary:
Commensurate / Negotiable
Education Required:
Masters
Experience Required:
at least 2 years","ca
Application Deadline:
12/31/2026
Published:
06/16/2026
Starting Date:
after 9/1/2026
Ending Date:
after 12/31/2030
Hours per Week:
at least 40
Salary:
Commensurate / Negotiable
Education Required:
Masters
Experience Required:
at least 2 years
Location:
Trent University (Peterborough, Canada)
Tags:
Graduate Opportunities
Description
Nearly five decades of ecological research in southwest Yukon have produced one of the world's most influential long-term studies of boreal ecosystems. The Integrative Wildlife Conservation Lab at Trent University is recruiting a PhD student to join this research program by examining climate-driven changes in boreal forest structure and vegetation dynamics in northern ecosystems. Building on this unique long-term research program, the project will address fundamental questions about how the boreal forest is being reshaped by ongoing and predicted future climate change, and how these changes may influence future ecosystem structure and function",,"12/31/2026
Published:
06/16/2026
Starting Date:
after 9/1/2026
Ending Date:
after 12/31/2030
Hours per Week:
at least 40
Salary:
Commensurate / Negotiable
Education Required:
Masters
Experience Required:
at least 2 years
Location:
Trent University (Peterborough, Canada)
Tags:
Graduate Opportunities
Description
Nearly five decades of ecological research in southwest Yukon have produced one of the world's most influential long-term studies of boreal ecosystems",True,0.75,PhD Position,Environmental Sciences,0.333,"[""wildlife"", ""wildlife conservation"", ""wildlife habitat"", ""habitat"", ""ecosystem""]",False,,2026-06-21T08:20:45.428538+00:00,scrape_20260621_082023_3c9cb58c,2.0,2026-06-21T08:20:45.428538+00:00,2026-06-21T08:20:45.428538+00:00,Environmental Sciences,Forestry and Habitat,rule,,,,,False,,,,,,,,,,,,,,,
Two Graduate Research Assistantships – Land use effects on insect population dynamics,Kansas State University (State),"Manhattan, KS, Kansas","$34,000 per year",after 1/12/2027,06/16/2026,Graduate Opportunities,https://jobs.rwfm.tamu.edu/view-job/?id=117046,"Two Graduate Research Assistantships – Land use effects on insect population dynamics
Kansas State University (State)
Details
Posting:
https://kimecolab.com/opportunities/
Application Deadline:
07/31/2026
Published:
06/16/2026
Starting Date:
after 1/12/2027
Hours per Week:
at most 40
Salary:
$34,000 per year
Education Required:
Bachelors
Experience Required:
none
Location:
Manhattan, KS, Kansas
Tags:
Graduate Opportunities
Description

We are seeking two highly motivated Master’s or PhD students to join the Kim Eco Lab in the Department of Entomology at Kansas State University. Members of the Kim Lab study the ecology of plant-insect interactions and how these interactions vary with insect management and land-use change. For more information about our current work, please visit kimecolab.com.

Project 1: Land management and climate effects on insect pollinators in grasslands

The grad student (MSc level) will on projects examining how grassland management and climate affect insect pollinator population dynamics. The research will involve a combination of fieldwork in tallgrass prairie and lab/greenhouse work. Students interested in the fields of insect population ecology and insect taxonomy are encouraged to apply.
 Project 2: Regenerative agricultural management effects on insect pests and beneficial insects in soybean
 The graduate student (MSc level or PhD level) will work on projects examining how regenerative land management practices affect the spatial of insect pests and beneficial insects in soybean in Kansas agroecosystems. The research will involve a combination using modeling species occurrences using existing insect data and fieldwork to collect insects in soybean fields. The research sites will mostly be in east-central KS. Students interested in the fields of species occurrence modelling and GIS are encouraged to apply.
 Requirements: Competitive applicants will have backgrounds in biology, ecology or entomology with an interest in conservation and insect biology. Prior experience doing fieldwork and being part of a research project is desirable. For project 1 (MSc level), applicants with experience in insect taxonomy are preferred. For project 2 (MSc or PhD levels), applicants with strong quantitative skills (GIS, coding) are preferred. Applicants interested in a PhD should have an MSc degree. For both positions, communication skills (oral and writing) are important as is the ability to work on a team.
 Both positions will be competitively funded through research assistantships ( $34,000 / year to cover tuition and stipend). We prefer that the student starts at the beginning of the spring 2027 semester (January 2027), but will consider earlier (fall 2026) or later start dates (summer 2027).

To apply: For consideration, please email a cover letter stating your research interests and qualifications, your CV with names and contact information for 3 references, and unofficial transcripts to Dr. Tania Kim (tkim@ksu.edu) by July 31, 2027. Please indicate which position you are applying for in your email. We strongly encourage individuals who identify with groups currently under-represented in STEM fields to apply.


Information about the Department:

 The Department of Entomology maintains excellent research facilities with state-of-the-art equipment and a research insect collection. It was recently ranked the 4th best Department of Entomology in the world by the Center for World University Rankings; these rankings are based on the number and quality of professional publications produced by the department and quality of faculty research. The college of Agriculture was ranked 8th by Niche.com in its annual ranking of the Best Colleges for Agricultural Sciences. 
 Our mission is to: 1) provide entomological knowledge for a safe, sustainable, and competitive food, feed, and fiber system through integrated research and education; 2) maintain a stakeholder/clientele-driven focus to research, extension, and teaching activities; 3) generate fundamental information for the advancement of science and for applied uses; 4) train students for professions in education, government, business and industry; and 5) disseminate useful, unbiased information.
  Contact
Tania Kim
tkim@ksu.edu (preferred contact method)","Requirements: Competitive applicants will have backgrounds in biology, ecology or entomology with an interest in conservation and insect biology. Prior experience doing fieldwork and being part of a research project is desirable. For project 1 (MSc level), applicants with experience in insect taxonomy are preferred. For project 2 (MSc or PhD levels), applicants with strong quantitative skills (GIS, coding) are preferred. Applicants interested in a PhD should have an MSc degree. For both positions, communication skills (oral and writing) are important as is the ability to work on a team.","Two Graduate Research Assistantships – Land use effects on insect population dynamics
Kansas State University (State)
Details
Posting:
https://kimecolab. The research will involve a combination of fieldwork in tallgrass prairie and lab/greenhouse work. The research will involve a combination using modeling species occurrences using existing insect data and fieldwork to collect insects in soybean fields",,"07/31/2026
Published:
06/16/2026
Starting Date:
after 1/12/2027
Hours per Week:
at most 40
Salary:
$34,000 per year
Education Required:
Bachelors
Experience Required:
none
Location:
Manhattan, KS, Kansas
Tags:
Graduate Opportunities
Description

We are seeking two highly motivated Master’s or PhD students to join the Kim Eco Lab in the Department of Entomology at Kansas State University",True,0.85,Graduate Assistantship,Entomology,0.0,[],False,,2026-06-21T08:20:45.528626+00:00,scrape_20260621_082023_3c9cb58c,2.0,2026-06-21T08:20:45.528626+00:00,2026-06-21T08:20:45.528626+00:00,Entomology,Forestry and Habitat,rule,34000.0,0.85,40000.0,analytics_backfill,True,Kansas,US,,,,,,,,,,,,,
"M.S. (Biology) Graduate Research Assistantship Positions in Herpetology, Spatial Ecology, and Behavioral Ecology",West Texas A&M University (State),"West Texas A&M University (Canyon, Texas)","$26,159 to $27,794 per year",after 1/1/2026,06/12/2025,"[""Graduate Opportunities""]",https://jobs.rwfm.tamu.edu/view/107115/,"M.S. (Biology) Graduate Research Assistantship Positions in Herpetology, Spatial Ecology, and Behavioral Ecology
West Texas A&M University (State)
Application Deadline:
08/25/2025
Published:
06/12/2025
Starting Date:
after 1/1/2026
Ending Date:
before 12/31/2028
Hours per Week:
20 - 40
Salary:
$26,159 to $27,794 per year
Education Required:
Bachelors
Experience Required:
none
Location:
West Texas A&M University (Canyon, Texas)
Tags:
Graduate Opportunities
4 weeks ago
Open in New Window",,,,08/25/2025,True,0.85,Graduate Assistantship,Wildlife,,,,,2025-07-13T14:45:56.752904+00:00,,4.0-targeted,2025-07-11T10:29:13.350435,2025-07-11T10:29:13.350435,Wildlife,,rule,26159.0,0.95,27535.789473684214,source_data,True,Texas,US,Southwest,-5507019668234841368,107115,"$26,159 to $27,794 per year",20 - 40,Bachelors,none,True,2025-07-13T14:47:11.244891+00:00,,,,
PhD in Integrative and Comparative Biology,UNCW (State),"4978 Cahill Drive (Wilmington, North Carolina)","up to $25,000 per year",after 1/4/2027,06/11/2026,Graduate Opportunities,https://jobs.rwfm.tamu.edu/view-job/?id=116981,"PhD in Integrative and Comparative Biology
UNCW (State)
Details
Posting:
https://seanmahoneyresearch.weebly.com/research.html
Application Deadline:
09/04/2026
Published:
06/11/2026
Starting Date:
after 1/4/2027
Hours per Week:
at most 40
Salary:
up to $25,000 per year
Education Required:
Bachelors
Experience Required:
none
Location:
4978 Cahill Drive (Wilmington, North Carolina)
Tags:
Graduate Opportunities
Description
The UNC Wilmington Animal eVolution & Ecology Lab (WAVE Lab) in the Department of Biology & Marine Biology is seeking an applicant for admittance into the Integrative and Comparative Biology PhD program at UNC Wilmington, in Wilmington, North Carolina beginning January 2027 (somewhat flexible). The program is in-person with no remote options. 

The successful applicant will have an interest in animal color ecology & evolution, camouflage ecology, animal ecology, quantitative and technical skills in hyperspectral equipment, and molecular skills as demonstrated by previous research experience. The successful candidate will explore hypotheses of camouflage ecology in mammals and birds. 

The successful applicant will be supported by a combination of Research and Teaching Assistantships, an annual stipend of $25,000, and a tuition waiver. 

Desired qualifications include (seeking some, but not all): 

1.     Training in mammal or bird ecology & evolution; 
2.     Quantitative skills in color science, including receptor-noise limited models as implemented in R or python to test hypotheses regarding camouflage ecology; 
3.     Quantitative skills in comparative analyses including ancestral state reconstructions, phylogenetic path analyses, Phylogenetic Generalized Least Squares, and/or Bayesian Phylogenetic Mixed Models; 
4.     Experience working with Resonon hyperspectral cameras; 
5.     Experience with Ocean Optics spectrophotometry equipment; 
6.     Remote field work experience in extreme environments (such as southwestern US deserts and high altitude environments); 
7.     Experience conducting research in museum collections; 
8.     Molecular skills including sample collection on wild animals, DNA extraction, and amplification of MC1R and ASIP genes, and subsequent analyses; 
9.     A publication record reflecting the applicant’s career stage; 
10.   Completed BS and MS programs. 

Interested individuals should email the following documents as a single PDF to mahoneys@uncw.edu: 1) a CV that includes details of their previous scientific training, 2) a cover letter that outlines their interest in the program, articulates how their previous experiences are aligned with the desired qualifications, and describes their career goals (2 pages max), and 3) contact information for 3 references by 4 September 2026. 

Initial screening interviews are anticipated to commence in mid-September, with the potential to visit campus during the fall semester. The successful applicant will be expected to apply for the graduate program, with the understanding that the final decision regarding admittance into the program is determined by the UNCW Department of Biology & Marine Biology Graduate Advisory Committee and the Graduate College. 

Additional resources can be found on the WAVE Lab website and UNCW’s BMB website. 

Questions can be directed to Sean Mahoney at mahoneys@uncw.edu. 

Contact
Sean Mahoney
mahoneys@uncw.edu (preferred contact method)","The UNC Wilmington Animal eVolution & Ecology Lab (WAVE Lab) in the Department of Biology & Marine Biology is seeking an applicant for admittance into the Integrative and Comparative Biology PhD program at UNC Wilmington, in Wilmington, North Carolina beginning January 2027 (somewhat flexible). The program is in-person with no remote options. 

The successful applicant will have an interest in animal color ecology & evolution, camouflage ecology, animal ecology, quantitative and technical skills in hyperspectral equipment, and molecular skills as demonstrated by previous research experience. The successful candidate will explore hypotheses of camouflage ecology in mammals and birds. 

The successful applicant will be supported by a combination of Research and Teaching Assistantships, an annual stipend of $25,000, and a tuition waiver. 

Desired qualifications include (seeking some, but not all): 

1.     Training in mammal or bird ecology & evolution; 
2.     Quantitative skills in color science, including receptor-noise limited models as implemented in R or python to test hypotheses regarding camouflage ecology; 
3.     Quantitative skills in comparative analyses including ancestral state reconstructions, phylogenetic path analyses, Phylogenetic Generalized Least Squares, and/or Bayesian Phylogenetic Mixed Models; 
4.     Experience working with Resonon hyperspectral cameras; 
5.     Experience with Ocean Optics spectrophotometry equipment; 
6.     Remote field work experience in extreme environments (such as southwestern US deserts and high altitude environments); 
7.     Experience conducting research in museum collections; 
8.     Molecular skills including sample collection on wild animals, DNA extraction, and amplification of MC1R and ASIP genes, and subsequent analyses; 
9.     A publication record reflecting the applicant’s career stage; 
10.   Completed BS and MS programs. 

Interested individuals should email the following documents as a single PDF to mahoneys@uncw.edu: 1) a CV that includes details of their previous scientific training, 2) a cover letter that outlines their interest in the program, articulates how their previous experiences are aligned with the desired qualifications, and describes their career goals (2 pages max), and 3) contact information for 3 references by 4 September 2026. 

Initial screening interviews are anticipated to commence in mid-September, with the potential to visit campus during the fall semester. The successful applicant will be expected to apply for the graduate program, with the understanding that the final decision regarding admittance into the program is determined by the UNCW Department of Biology & Marine Biology Graduate Advisory Committee and the Graduate College. 

Additional resources can be found on the WAVE Lab website and UNCW’s BMB website. 

Questions can be directed to Sean Mahoney at mahoneys@uncw.edu.","PhD in Integrative and Comparative Biology
UNCW (State)
Details
Posting:
https://seanmahoneyresearch. com/research. The successful applicant will have an interest in animal color ecology & evolution, camouflage ecology, animal ecology, quantitative and technical skills in hyperspectral equipment, and molecular skills as demonstrated by previous research experience",,"09/04/2026
Published:
06/11/2026
Starting Date:
after 1/4/2027
Hours per Week:
at most 40
Salary:
up to $25,000 per year
Education Required:
Bachelors
Experience Required:
none
Location:
4978 Cahill Drive (Wilmington, North Carolina)
Tags:
Graduate Opportunities
Description
The UNC Wilmington Animal eVolution & Ecology Lab (WAVE Lab) in the Department of Biology & Marine Biology is seeking an applicant for admittance into the Integrative and Comparative Biology PhD program at UNC Wilmington, in Wilmington, North Carolina beginning January 2027 (somewhat flexible)",True,1.0,Graduate Assistantship,Wildlife,0.167,"[""wild animals"", ""animal ecology"", ""bird"", ""mammal""]",False,,2026-06-14T08:07:07.493524+00:00,scrape_20260614_080641_4625b2bd,2.0,2026-06-14T08:07:07.493524+00:00,2026-06-14T08:07:07.493524+00:00,Wildlife,Human Dimensions,rule,25000.0,0.9,27777.78,analytics_backfill,True,North Carolina,US,,,,,,,,,,,,,
M.S. Graduate Teaching Assistantship in Biology University of Louisiana at Monroe,University of Louisiana at Monroe (State),"3413 LA-148, Eros, LA 71238, USA (Eros, Louisiana)",Commensurate / Negotiable,between 1/1/2027 and 1/11/2027,06/10/2026,Graduate Opportunities,https://jobs.rwfm.tamu.edu/view-job/?id=116971,"M.S. Graduate Teaching Assistantship in Biology University of Louisiana at Monroe
University of Louisiana at Monroe (State)
Details
Posting:
https://sites.google.com/view/acouvillon-lab/home?authuser=0
Application Deadline:
09/30/2026
Published:
06/10/2026
Starting Date:
between 1/1/2027 and 1/11/2027
Ending Date:
after 1/1/2029
Hours per Week:
at least 40
Salary:
Commensurate / Negotiable
Education Required:
Bachelors
Experience Required:
none
Location:
3413 LA-148, Eros, LA 71238, USA (Eros, Louisiana)
Tags:
Graduate Opportunities
Description
The Biology Program at the University of Louisiana at Monroe (ULM) is seeking a highly motivated M.S. student to serve as a Graduate Teaching Assistant (GTA) while conducting thesis research on the ecology and conservation of the Gray Fox (Urocyon cinereoargenteus) in Louisiana.
 The student will work under the supervision of Dr. Anastasia Couvillon on research project examining how small-mammal abundance and diversity influence gray fox occupancy across Louisiana's major habitat types, including longleaf pine forests, bottomland hardwood forests, and agricultural-forest edge ecosystems. The project combines camera trapping, small mammal live trapping, GIS, occupancy modeling, and wildlife habitat analysis to better understand predator-prey relationships in managed landscapes.
 Research Responsibilities
The selected student will:
Lead field data collection throughout Louisiana.
Deploy and maintain camera trap arrays.
Conduct Sherman and Tomahawk live-trapping surveys for small mammals.
Collect habitat and environmental covariate data.
Manage and analyze ecological datasets using R and GIS software.
Develop occupancy models and spatial analyses.
Prepare a master's thesis and manuscripts for peer-reviewed publication.
Present research findings at regional and national scientific conferences.
 Teaching Assistant Responsibilities
In addition to research duties, the student will serve as a Graduate Teaching Assistant within the Biology Program. Responsibilities may include:
Assisting with undergraduate laboratory courses.
Leading laboratory sections and review sessions.
Grading assignments and laboratory reports.
Assisting faculty with course preparation and student mentoring.
 Qualifications
Preferred applicants will have:
A B.S. degree in Biology, Wildlife Ecology, Conservation Biology, Environmental Science, Natural Resource Management, or a related field.
Interest in wildlife ecology, mammalogy, conservation biology, or quantitative ecology.
Experience with field research, wildlife surveys, GIS, R, or statistical analysis is desirable but not required.
Strong organizational, communication, and teamwork skills.
Ability to work independently in field conditions, including extended outdoor work.
  Funding
The assistantship includes:
Competitive graduate assistant stipend.
Tuition waiver (subject to university policies).
Opportunities for travel to professional conferences.
Hands-on training in wildlife research methods, GIS, occupancy modeling, and scientific writing.
 Research Opportunities
This project provides extensive opportunities for professional development, including:
Publication of research findings in peer-reviewed journals.
Collaboration with state and federal wildlife agencies.
Development of skills highly valued in wildlife management, conservation research, and doctoral programs.
Participation in applied conservation research addressing wildlife management challenges in Louisiana.
 Application Instructions
Interested applicants should submit:
A cover letter describing research interests and career goals.
Curriculum vitae or résumé.
Unofficial transcripts.
Contact information for three references.
 
All application material should be submitted as single PDF file to couvillon@ulm.edu
Review of applications will begin immediately and continue until the position is filled.
For additional information, contact:
 Dr. Anastasia Couvillon
Assistant Professor of Biology
University of Louisiana at Monroe
Email: couvillon@ulm.edu
Contact
Anastasia Couvillon
couvillon@ulm.edu (preferred contact method)","Hours per Week:
at least 40
Salary:
Commensurate / Negotiable
Education Required:
Bachelors
Experience Required:
none","student to serve as a Graduate Teaching Assistant (GTA) while conducting thesis research on the ecology and conservation of the Gray Fox (Urocyon cinereoargenteus) in Louisiana. Anastasia Couvillon on research project examining how small-mammal abundance and diversity influence gray fox occupancy across Louisiana's major habitat types, including longleaf pine forests, bottomland hardwood forests, and agricultural-forest edge ecosystems. Research Responsibilities
The selected student will:
Lead field data collection throughout Louisiana",,"09/30/2026
Published:
06/10/2026
Starting Date:
between 1/1/2027 and 1/11/2027
Ending Date:
after 1/1/2029
Hours per Week:
at least 40
Salary:
Commensurate / Negotiable
Education Required:
Bachelors
Experience Required:
none
Location:
3413 LA-148, Eros, LA 71238, USA (Eros, Louisiana)
Tags:
Graduate Opportunities
Description
The Biology Program at the University of Louisiana at Monroe (ULM) is seeking a highly motivated M",True,0.85,Graduate Assistantship,Wildlife,0.306,"[""wildlife"", ""wildlife management"", ""wildlife habitat"", ""mammal"", ""predator""]",False,,2026-06-14T08:07:07.585467+00:00,scrape_20260614_080641_4625b2bd,2.0,2026-06-14T08:07:07.585467+00:00,2026-06-14T08:07:07.585467+00:00,Wildlife,Forestry and Habitat,rule,,,,,True,Louisiana,US,,,,,,,,,,,,,
M.S. Graduate Research Assistantship in Spatial Ecology and Conservation,University of Louisiana at Monroe (State),"8JCP+37 Chatham, LA, USA (Chatham, Louisiana)",Commensurate / Negotiable,between 1/1/2027 and 1/11/2027,06/10/2026,Graduate Opportunities,https://jobs.rwfm.tamu.edu/view-job/?id=116975,"M.S. Graduate Research Assistantship in Spatial Ecology and Conservation
University of Louisiana at Monroe (State)
Details
Posting:
https://sites.google.com/view/acouvillon-lab/home?authuser=0
Application Deadline:
10/31/2026
Published:
06/10/2026
Starting Date:
between 1/1/2027 and 1/11/2027
Ending Date:
after 1/1/2029
Hours per Week:
at least 40
Salary:
Commensurate / Negotiable
Education Required:
Bachelors
Experience Required:
none
Location:
8JCP+37 Chatham, LA, USA (Chatham, Louisiana)
Tags:
Graduate Opportunities
Description
 M.S. Graduate Research Assistantship in Spatial Ecology and Conservation University of Louisiana at Monroe 
 
The Biology Program at the University of Louisiana at Monroe (ULM) is seeking a highly motivated student for a Master of Science (M.S.) Graduate Research Assistantship beginning in January 2027. The student will work under the supervision of Dr. Anastasia Couvillon on a collaborative project with the Oklahoma Department of Wildlife Conservation (ODWC) focused on quantifying habitat loss and landscape change across Oklahoma.

Research Project

Over the past two decades, Oklahoma has experienced substantial landscape change due to agricultural intensification, woody encroachment, urban development, and infrastructure expansion. This project will quantify changes in land cover and native habitat from 2005–2025 and develop spatially explicit maps of habitat conversion and fragmentation throughout the state.

The selected student will complete the first phase of a larger conservation planning initiative designed to support wildlife management and habitat conservation decisions in Oklahoma.

Research objectives include:
 Quantifying transitions among major land cover classes from 2005–2025.
Estimating rates and spatial patterns of habitat loss.
Developing statewide maps of habitat conversion and fragmentation.
Conducting geospatial analyses using satellite imagery, aerial photography, and existing land-cover datasets.
Producing products that directly support conservation planning and decision-making.

Student Responsibilities
The graduate student will:
 Conduct literature reviews related to habitat loss, land-use change, and conservation planning.
Acquire, organize, and manage large spatial datasets.
Perform land-cover classification and change-detection analyses.
Utilize GIS, remote sensing, and spatial modeling techniques.
Conduct statistical analyses and accuracy assessments.
Present research findings at professional conferences.
Prepare and defend an M.S. thesis.
Contribute to peer-reviewed publications and technical reports.

Qualifications

Minimum qualifications:
B.S. degree in Biology, Wildlife Ecology, Conservation Biology, Environmental Science, Geography, Geospatial Science, Natural Resources, or a related field.
Strong academic record.
Interest in landscape ecology, GIS, conservation planning, or wildlife management.

Preferred qualifications:
Experience with GIS software (ArcGIS Pro or QGIS).
Experience working with spatial data and remote sensing products.
Familiarity with R, Python, or other analytical software.
Experience with scientific writing and data management.
Ability to work independently and manage large datasets.

Assistantship Support
The position includes:
 Graduate Research Assistant stipend of approximately $29,000 over the duration of the project.
Tuition waiver (subject to university policies and graduate school requirements).
Funding for professional development and conference participation.
Opportunities for publication and collaboration with state wildlife agencies.

Professional Development Opportunities
The student will receive extensive training in:
 GIS and spatial analysis
Remote sensing and land-cover classification
Conservation planning
Decision-support modeling
Scientific writing and publication
Presentation of research at regional and national conferences

This project provides excellent preparation for careers in conservation science, wildlife management, GIS analysis, environmental consulting, federal and state natural resource agencies, or doctoral study.
 
To Apply
 
Please submit:
Cover letter describing research interests and career goals.
Curriculum vitae or résumé.
Unofficial transcripts.
Contact information for three professional or academic references.

Review of applications will begin immediately and continue until the position is filled.
For additional information, contact:
 
Dr. Anastasia Couvillon
Assistant Professor of Biology
University of Louisiana at Monroe
couvillon@ulm.edu

Contact
Anastasia Couvillon
ana.couvillon@gmail.com (preferred contact method)","Graduate Research Assistant stipend of approximately $29,000 over the duration of the project.
Tuition waiver (subject to university policies and graduate school requirements).
Funding for professional development and conference participation.
Opportunities for publication and collaboration with state wildlife agencies.","Graduate Research Assistantship in Spatial Ecology and Conservation
University of Louisiana at Monroe (State)
Details
Posting:
https://sites. Graduate Research Assistantship in Spatial Ecology and Conservation University of Louisiana at Monroe 
 
The Biology Program at the University of Louisiana at Monroe (ULM) is seeking a highly motivated student for a Master of Science (M. ) Graduate Research Assistantship beginning in January 2027",,"10/31/2026
Published:
06/10/2026
Starting Date:
between 1/1/2027 and 1/11/2027
Ending Date:
after 1/1/2029
Hours per Week:
at least 40
Salary:
Commensurate / Negotiable
Education Required:
Bachelors
Experience Required:
none
Location:
8JCP+37 Chatham, LA, USA (Chatham, Louisiana)
Tags:
Graduate Opportunities
Description
 M",True,0.85,Graduate Assistantship,Wildlife,0.278,"[""wildlife"", ""wildlife management"", ""wildlife conservation"", ""habitat"", ""conservation biology""]",False,,2026-06-14T08:07:07.677910+00:00,scrape_20260614_080641_4625b2bd,2.0,2026-06-14T08:07:07.677910+00:00,2026-06-14T08:07:07.677910+00:00,Wildlife,Forestry and Habitat,rule,,,,,True,Louisiana,US,,,,,,,,,,,,,
PhD research assistantship – Spatial Ecology and Mortality of White-Tailed Deer in Nebraska,University of Nebraska-Lincoln (State),"University of Nebraska (Lincoln, Nebraska)","$30,000 to $31,000 per year",after 8/1/2026,06/10/2026,Graduate Opportunities,https://jobs.rwfm.tamu.edu/view-job/?id=116968,"PhD research assistantship – Spatial Ecology and Mortality of White-Tailed Deer in Nebraska
University of Nebraska-Lincoln (State)
Details
Posting:
https://bensonlab.org/
Application Deadline:
07/31/2026
Published:
06/10/2026
Starting Date:
after 8/1/2026
Hours per Week:
at least 40
Salary:
$30,000 to $31,000 per year
Education Required:
Masters
Experience Required:
at least 2 years
Location:
University of Nebraska (Lincoln, Nebraska)
Tags:
Graduate Opportunities
Description
I am seeking a highly motivated ecologist interested in pursuing a PhD in Applied Ecology in the School of Natural Resources at the University of Nebraska (Lincoln) as a graduate research assistant. The student will play a central role in developing and conducting comprehensive research on white-tailed spatial ecology and mortality dynamics across multiple sites in the eastern half of Nebraska. The research will involve deploying a large number of GPS collars on female and male white-tailed deer, investigating factors influencing seasonal home range size and movements, estimating survival and cause-specific mortality, quantifying resource selection and movement decisions, and other questions. In addition to meeting existing project objectives, there is considerable intellectual freedom to develop basic and applied questions of interest to the student in collaboration with the PI and our agency partners. The successful applicant will join a dynamic lab of students, postdocs, and faculty pursuing research on ungulates and top predators including elk, mule deer, mountain lions, wolves, tigers, leopards, dholes, and sharks. As such, the student will also have opportunities to contribute to additional, exciting research being conducted by the lab across Nebraska, North America, and beyond. This position will provide great opportunities for exciting fieldwork, authoring high-impact publications, and professional development.

Details: Salary starts at $30,000/year, full tuition waiver, health benefits.

Qualifications: M.S. degree in Wildlife Ecology or related field. A track record of academic excellence, publishing research findings in peer-reviewed journals, field skills, and strong quantitative, coding (R, Google Earth Engine, Bayesian platforms, etc.), and writing skills are expected. A passion for basic and applied wildlife ecology are required. Ability to conduct field work on ungulates, work effectively and professionally with agency and academic collaborators, and interact positively with private landowners are essential. 

Above all we seek an ecologist that will be a good fit for our lab group who is highly (self) motivated to learn new skills/ideas and do excellent science  

Please email the following as a single PDF attachment to John Benson at jbenson22@nebraska.edu:  1) cover letter, 2) current CV, 3) unofficial transcripts, 4) copy of GRE scores (with percentiles for all 3 sections, if available), and 5) contact info for 3-5 references. References should have direct knowledge of field, quantitative/coding, and writing abilities.

Please also include any PDFs of peer-reviewed articles published as first author.  
Contact
John Benson
jbenson22@nebraska.edu (preferred contact method)","Qualifications: M.S. degree in Wildlife Ecology or related field. A track record of academic excellence, publishing research findings in peer-reviewed journals, field skills, and strong quantitative, coding (R, Google Earth Engine, Bayesian platforms, etc.), and writing skills are expected. A passion for basic and applied wildlife ecology are required. Ability to conduct field work on ungulates, work effectively and professionally with agency and academic collaborators, and interact positively with private landowners are essential.","PhD research assistantship – Spatial Ecology and Mortality of White-Tailed Deer in Nebraska
University of Nebraska-Lincoln (State)
Details
Posting:
https://bensonlab. org/
Application Deadline:
07/31/2026
Published:
06/10/2026
Starting Date:
after 8/1/2026
Hours per Week:
at least 40
Salary:
$30,000 to $31,000 per year
Education Required:
Masters
Experience Required:
at least 2 years
Location:
University of Nebraska (Lincoln, Nebraska)
Tags:
Graduate Opportunities
Description
I am seeking a highly motivated ecologist interested in pursuing a PhD in Applied Ecology in the School of Natural Resources at the University of Nebraska (Lincoln) as a graduate research assistant. The student will play a central role in developing and conducting comprehensive research on white-tailed spatial ecology and mortality dynamics across multiple sites in the eastern half of Nebraska",,"07/31/2026
Published:
06/10/2026
Starting Date:
after 8/1/2026
Hours per Week:
at least 40
Salary:
$30,000 to $31,000 per year
Education Required:
Masters
Experience Required:
at least 2 years
Location:
University of Nebraska (Lincoln, Nebraska)
Tags:
Graduate Opportunities
Description
I am seeking a highly motivated ecologist interested in pursuing a PhD in Applied Ecology in the School of Natural Resources at the University of Nebraska (Lincoln) as a graduate research assistant",True,0.85,Graduate Assistantship,Wildlife,0.0,[],True,University of Nebraska,2026-06-14T08:07:07.863495+00:00,scrape_20260614_080641_4625b2bd,2.0,2026-06-14T08:07:07.863495+00:00,2026-06-14T08:07:07.863495+00:00,Wildlife,,rule,30000.0,1.0,30000.0,analytics_backfill,True,Nebraska,US,,,,,,,,,,,,,
M.S. Graduate Assistantship – Deer population demographics prior to elk reintroduction,Bemidji State University (State),"Bemidji, Minnesota","starting at $28,000 per year",after 8/20/2025,06/10/2025,Graduate Opportunities,,,,,,,True,0.85,Graduate Assistantship,Wildlife,,,,,,,,2025-07-11T10:29:13.350435,2025-07-11T10:29:13.350435,Wildlife,,rule,28000.0,1.0,28000.0,source_data,True,Minnesota,US,Midwest,5322818919240489818,,,,,,,,,,"{""min_salary"": null, ""max_salary"": null, ""salary_text"": """"}","{""full_location"": ""Bemidji, Minnesota"", ""city"": ""Bemidji"", ""state"": null, ""cleaned_location"": ""Bemidji, Minnesota""}"
MS - Assistantship - Migratory Game Bird Wintering Habitat Assessment - Graduate Research Assistant II,Sul Ross State University (State),"Alpine, Texas","$1,500 per month",after 8/15/2025,06/10/2025,Graduate Opportunities,,,,,,,True,0.85,Graduate Assistantship,Wildlife,,,,,,,,2025-07-11T10:29:13.350435,2025-07-11T10:29:13.350435,Wildlife,Forestry and Habitat,rule,18000.0,0.95,18947.368421052633,source_data,True,Texas,US,Southwest,-7093002252956113802,,,,,,,,,,"{""min_salary"": null, ""max_salary"": null, ""salary_text"": """"}","{""full_location"": ""Alpine, Texas"", ""city"": ""Alpine"", ""state"": null, ""cleaned_location"": ""Alpine, Texas""}"
"MS position - climate change and fire effects on coastal vegetation - Marshall U, Palmquist lab",Marshall University (State),"Marshall University, Department of Biological Sciences (Huntington, West Virginia)","$21,000 per year",after 8/17/2026,06/09/2026,Graduate Opportunities,https://jobs.rwfm.tamu.edu/view-job/?id=116947,"MS position - climate change and fire effects on coastal vegetation - Marshall U, Palmquist lab
Marshall University (State) | http://www.kylepalmquist.org
Details
Application Deadline:
12/07/2026
Published:
06/09/2026
Starting Date:
after 8/17/2026
Hours per Week:
40
Salary:
$21,000 per year
Education Required:
Bachelors
Experience Required:
at least 1 year
Location:
Marshall University, Department of Biological Sciences (Huntington, West Virginia)
Tags:
Graduate Opportunities
Description
The Palmquist Lab at Marshall University is recruiting for a funded MS position at Marshall University in climate change and fire effects on coastal vegetation. Our research focuses on quantifying vegetation dynamics over space and time and identifying how the relative importance of ecological processes structuring plant communities changes with spatial and temporal scale. In addition, a key goal of our research is to understand how pattern and process in plant communities will be altered in the face of global environmental change. An important motivation for our work is to address ecological questions at large spatial scales to inform landscape conservation. We collect field data, use existing large observational data sets, and implement simulation modeling to address these goals in temperate shrublands, wetlands, woodlands, and forests. Additional information about the lab can be found at http://www.kylepalmquist.org/.
 RESEARCH FOCUS: The successful candidate will explore the interacting effects of sea-level rise and increased storm surge on coastal vegetation and the effects of prescribed fire on pine-dominated vegetation on Marine Corps Recruit Depot Parris Island (MCRDPI), a sea-island in South Carolina. Coastal vegetation provides important ecosystem services, including storm protection, erosion control, and habitat for wildlife. These complex, highly zoned plant communities are structured by multiple environmental factors including salinity, elevation, soil texture, soil moisture, exposure, and light availability. Sea-level rise and intensification of the hydrologic cycle (i.e. more frequent and intense storms) is expected to affect the distribution and composition of coastal vegetation in the future, with important implications. Prescribed fire has been implemented in pine woodlands and forests on the island to enhance their resilience to climate change and to restore their structure from closed forests to open woodlands. The effects of prescribed fire have yet to be assessed. The project will integrate remote sensing, fire effects monitoring, and plant community sampling, to assess how prescribed fire is influencing pine-dominated vegetation on the island and the degree to which previous storm events and salvage logging have altered plant community responses to fire.   
 PREFERRED QUALIFICATIONS: A background, including relevant course work and/or research experience in plant ecology and fire ecology, strong communication skills, and strong quantitative skills. Experience with remote sensing and GIS, and knowledge of the flora of the southeastern US are highly desirable.
 EXPECTATIONS: The successful candidate will be expected to conduct high-quality research, serve as a teaching assistant within the Department of Biological Sciences, present their research to the scientific community at regional and national meetings, and publish in peer-reviewed scientific journals.
 TIMELINE: The position is available starting August 2026 or January 2026.
 FUNDING: Funding will consist of a combination of research and teaching assistantships for two years. A 12-month competitive stipend ($21,000), and full tuition waiver will be provided. The student is responsible for covering University fees.
 HOW TO APPLY: Interested students should apply by submitting the following to Dr. Kyle Palmquist (palmquist@marshall.edu): 1) short statement of research interests and career goals (no longer than 1 page), 2) CV, 3) unofficial transcripts, and 4) contact information for three professional references. Please include: “MS position – coastal vegetation” and your name in the email subject.
 Review of applications will begin immediately and continue until a candidate is selected. I will contact you to discuss your research interests and goals for graduate school if I determine you would be a good fit for the lab. If selected, a full application must be submitted to the Department of Biological Sciences at Marshall University, Huntington, WV. Faculty in the Department of Biological Sciences have expertise in a variety of biological fields, including but not limited to ecology, evolution, herpetology, and physiology. More information about the Department and its programs can be found here: https://www.marshall.edu/biology/. Application requirements for admission to the DBS graduate program can be found here: https://www.marshall.edu/biology/admission/.
 Marshall University is located in Huntington, an affordable college town located on the Ohio River in the beautiful state of West Virginia. The town is small enough to get around on foot and bike, but large enough to support a variety of restaurants and other cultural activities. Huntington and the surrounding area offer ample recreational opportunities (hiking, skiing, rafting), along with proximity to larger cities, including Louisville, KY, Cincinnati, OH, and Columbus, OH. In the Palmquist Lab, we highly value and encourage work-life balance. 
 I strongly encourage students from diverse backgrounds and experiences to apply. Feel free to contact me with questions at any time.
  Contact
Kyle Palmquist
palmquist@marshall.edu (preferred contact method)","PREFERRED QUALIFICATIONS: A background, including relevant course work and/or research experience in plant ecology and fire ecology, strong communication skills, and strong quantitative skills. Experience with remote sensing and GIS, and knowledge of the flora of the southeastern US are highly desirable.","Our research focuses on quantifying vegetation dynamics over space and time and identifying how the relative importance of ecological processes structuring plant communities changes with spatial and temporal scale. In addition, a key goal of our research is to understand how pattern and process in plant communities will be altered in the face of global environmental change. RESEARCH FOCUS: The successful candidate will explore the interacting effects of sea-level rise and increased storm surge on coastal vegetation and the effects of prescribed fire on pine-dominated vegetation on Marine Corps Recruit Depot Parris Island (MCRDPI), a sea-island in South Carolina",,"12/07/2026
Published:
06/09/2026
Starting Date:
after 8/17/2026
Hours per Week:
40
Salary:
$21,000 per year
Education Required:
Bachelors
Experience Required:
at least 1 year
Location:
Marshall University, Department of Biological Sciences (Huntington, West Virginia)
Tags:
Graduate Opportunities
Description
The Palmquist Lab at Marshall University is recruiting for a funded MS position at Marshall University in climate change and fire effects on coastal vegetation",True,0.85,Masters Position,Environmental Sciences,0.0,[],False,,2026-06-14T08:07:09.836480+00:00,scrape_20260614_080641_4625b2bd,2.0,2026-06-14T08:07:09.836480+00:00,2026-06-14T08:07:09.836480+00:00,Environmental Sciences,Forestry and Habitat,rule,21000.0,0.75,28000.0,analytics_backfill,True,West Virginia,US,,,,,,,,,,,,,
Ph.D. Research Assistantship in Fisheries Conflict and Food Security - Start date Fall 2025 or Spring 2026,University of Massachusetts Dartmouth (State),"New Bedford, Massachusetts","$26,700 to $41,694 per year",after 1/1/2026,06/09/2025,Graduate Opportunities,,,,,,,True,0.85,Graduate Assistantship,Fisheries and Aquatic,,,,,,,,2025-07-11T10:29:13.350435,2025-07-11T10:29:13.350435,Fisheries and Aquatic,,rule,26700.0,1.3,20538.46153846154,source_data,True,Massachusetts,US,Northeast,7236405552491208366,,,,,,,,,,"{""min_salary"": null, ""max_salary"": null, ""salary_text"": """"}","{""full_location"": ""New Bedford, Massachusetts"", ""city"": ""New Bedford"", ""state"": null, ""cleaned_location"": ""New Bedford, Massachusetts""}"
M.S. Research Assistantship in Manta Ray Conservation and Bycatch Mitigation,University of Massachusetts Dartmouth (State),"New Bedford, Massachusetts","$24,700 to $34,675 per year",after 9/1/2025,06/09/2025,Graduate Opportunities,,,,,,,True,0.85,Graduate Assistantship,Fisheries and Aquatic,,,,,,,,2025-07-11T10:29:13.350435,2025-07-11T10:29:13.350435,Fisheries and Aquatic,,rule,24700.0,1.3,19000.0,source_data,True,Massachusetts,US,Northeast,-7660726007523590074,,,,,,,,,,"{""min_salary"": null, ""max_salary"": null, ""salary_text"": """"}","{""full_location"": ""New Bedford, Massachusetts"", ""city"": ""New Bedford"", ""state"": null, ""cleaned_location"": ""New Bedford, Massachusetts""}"
Ph.D. Research Assistantship in Fisheries Conflict and Food Security,University of Massachusetts Dartmouth (State),"New Bedford, Massachusetts",,after 1/1/2026,06/09/2025,"[""Graduate Opportunities""]",https://jobs.rwfm.tamu.edu/view/107024/,"Ph.D. Research Assistantship in Fisheries Conflict and Food Security - Start date Fall 2025 or Spring 2026
University of Massachusetts Dartmouth (State)
Application Deadline:
07/31/2025
Published:
06/09/2025
Starting Date:
after 1/1/2026
Hours per Week:
at least 40
Salary:
$26,700 to $41,694 per year
Education Required:
Masters
Experience Required:
at least 3 years
Location:
New Bedford, Massachusetts
Tags:
Graduate Opportunities
4 weeks ago
Open in New Window",,,,07/31/2025,True,0.85,Graduate Assistantship,Fisheries and Aquatic,,,,,2025-07-13T14:45:56.839709+00:00,,4.0-targeted,2025-07-13T14:47:11.244907+00:00,,Fisheries and Aquatic,,rule,,,,,True,Massachusetts,US,,,107024,"$26,700 to $41,694 per year",at least 40,Masters,at least 3 years,,,2026-02-19T18:06:18.298934+00:00,GraduatePositionDetector,,
Graduate Assistantship,Louisiana State University (State),"Louisiana State University (Baton Rouge, Louisiana)","starting at $27,000 per year",after 8/15/2026,06/08/2026,Graduate Opportunities,https://jobs.rwfm.tamu.edu/view-job/?id=116912,"Graduate Assistantship
Louisiana State University (State)
Details
Application Deadline:
06/22/2026
Published:
06/08/2026
Starting Date:
after 8/15/2026
Hours per Week:
at least 40
Salary:
starting at $27,000 per year
Education Required:
Bachelors
Experience Required:
at least 1 year
Location:
Louisiana State University (Baton Rouge, Louisiana)
Tags:
Graduate Opportunities
Description
Graduate position in conservation genomics (start date Aug 2026): Inquiries are invited for a graduate assistantship to examine the effects mosquito spraying on mosquito borne disease prevalence (e.g. avian malaria), diet, and fitness in Carolina Wrens and Chickadees in Louisiana. Additional questions could be included depending on the candidate’s experience and interest. Qualifications: an excellent academic record, experience with genetic analyses (lab and statistical) including DNA metabarcoding, experience coordinating and collecting field data (including bird handling), excellent writing and organizational skills, and ability to work in a collaborative group. Research will be in collaboration with Drs. Erik Johnson and Calandra Stanley. Interested candidates are welcome to contact Dr. Sabrina Taylor, School of Renewable Natural Resources, Louisiana State University, staylor at lsu.edu, and should send a cover letter, CV, and a list of 3 references (with phone #s and/or email addresses). Equal Employment Opportunity applies to this position.
Contact
Sabrina Taylor
staylor@lsu.edu (preferred contact method)","Graduate position in conservation genomics (start date Aug 2026): Inquiries are invited for a graduate assistantship to examine the effects mosquito spraying on mosquito borne disease prevalence (e.g. avian malaria), diet, and fitness in Carolina Wrens and Chickadees in Louisiana. Additional questions could be included depending on the candidate’s experience and interest. Qualifications: an excellent academic record, experience with genetic analyses (lab and statistical) including DNA metabarcoding, experience coordinating and collecting field data (including bird handling), excellent writing and organizational skills, and ability to work in a collaborative group. Research will be in collaboration with Drs. Erik Johnson and Calandra Stanley. Interested candidates are welcome to contact Dr. Sabrina Taylor, School of Renewable Natural Resources, Louisiana State University, staylor at lsu.edu, and should send a cover letter, CV, and a list of 3 references (with phone #s and/or email addresses). Equal Employment Opportunity applies to this position.",Research will be in collaboration with Drs,,"06/22/2026
Published:
06/08/2026
Starting Date:
after 8/15/2026
Hours per Week:
at least 40
Salary:
starting at $27,000 per year
Education Required:
Bachelors
Experience Required:
at least 1 year
Location:
Louisiana State University (Baton Rouge, Louisiana)
Tags:
Graduate Opportunities
Description
Graduate position in conservation genomics (start date Aug 2026): Inquiries are invited for a graduate assistantship to examine the effects mosquito spraying on mosquito borne disease prevalence (e",True,0.85,Graduate Assistantship,Wildlife,0.0,[],False,,2026-06-14T08:07:08.052845+00:00,scrape_20260614_080641_4625b2bd,2.0,2026-06-14T08:07:08.052845+00:00,2026-06-14T08:07:08.052845+00:00,Wildlife,Entomology,rule,27000.0,0.8,33750.0,analytics_backfill,True,Louisiana,US,,,,,,,,,,,,,
"MS Graduate Assistantship in Aquatic Ecology, Fisheries",Clemson University (State),"Clemson, South Carolina","starting at $22,000 per year",after 8/20/2025,06/05/2025,Graduate Opportunities,,,,,,,True,0.85,Graduate Assistantship,Fisheries and Aquatic,,,,,,,,2025-06-20T14:04:11.745416,2025-06-20T14:04:11.745416,Fisheries and Aquatic,,rule,22000.0,0.85,25882.352941176472,source_data,True,South Carolina,US,Southeast,2499981891129200795,,,,,,,,,,"{""min_salary"": null, ""max_salary"": null, ""salary_text"": """"}","{""full_location"": ""Clemson, South Carolina"", ""city"": ""Clemson"", ""state"": null, ""cleaned_location"": ""Clemson, South Carolina""}"
MS graduate research assistantship - mountain goat adaptive management in Montana,"Montana Fish, Wildlife and Parks (State)","Missoula, Montana",Commensurate / Negotiable,after 8/18/2025,06/05/2025,Graduate Opportunities,,,,,,,True,0.85,Graduate Assistantship,Wildlife,,,,,,,,2025-06-20T14:04:11.745416,2025-06-20T14:04:11.745416,Wildlife,,rule,,0.9,0.0,,True,Montana,US,West,-859680156010435893,,,,,,,,,,"{""min_salary"": null, ""max_salary"": null, ""salary_text"": """"}","{""full_location"": ""Missoula, Montana"", ""city"": ""Missoula"", ""state"": null, ""cleaned_location"": ""Missoula, Montana""}"
Graduate Assistantship (M.S.) - Forestry/Forest Biometrics,"University of Tennessee, School of Natural Resources (State)","University of Tennessee (Knoxville, Tennessee)","$21,000 to $28,000 per year",after 8/18/2025,06/04/2025,Graduate Opportunities,,,,,,,True,0.85,Graduate Assistantship,Forestry and Habitat,,,,,,,,2025-07-11T10:29:13.350435,2025-07-11T10:29:13.350435,Forestry and Habitat,,rule,21000.0,0.85,24705.88235294118,source_data,True,Tennessee,US,Southeast,8760011704970770085,,,,,,,,,,"{""min_salary"": null, ""max_salary"": null, ""salary_text"": """"}","{""full_location"": ""University of Tennessee (Knoxville, Tennessee)"", ""city"": ""University of Tennessee"", ""state"": null, ""cleaned_location"": ""University of Tennessee""}"
Graduate Assistantship (M.S.),"University of Tennessee, School of Natural Resources (State)","University of Tennessee (Knoxville, Tennessee)",,after 8/18/2025,06/04/2025,"[""Graduate Opportunities""]",https://jobs.rwfm.tamu.edu/view/106949/,"Graduate Assistantship (M.S.) - Forestry/Forest Biometrics
University of Tennessee, School of Natural Resources (State)
Application Deadline:
08/01/2025
Published:
06/04/2025
Starting Date:
after 8/18/2025
Ending Date:
before 5/15/2027
Hours per Week:
at least 20
Salary:
$21,000 to $28,000 per year
Education Required:
Bachelors
Experience Required:
none
Location:
University of Tennessee (Knoxville, Tennessee)
Tags:
Graduate Opportunities
5 weeks ago
Open in New Window",,,,08/01/2025,True,0.85,Graduate Assistantship,Forestry and Habitat,,,,,2025-07-13T14:45:56.891288+00:00,,4.0-targeted,2025-07-13T14:47:11.244922+00:00,,Forestry and Habitat,,rule,,,,,True,Tennessee,US,,,106949,"$21,000 to $28,000 per year",at least 20,Bachelors,none,,,2026-02-19T18:06:18.298934+00:00,GraduatePositionDetector,,
PhD and MS Positions in Water Security and Sustainability,"WESA Lab, Texas A&M University - Corpus Christi (State)","6300 Ocean Drive (Corpus Christi, Texas)",Commensurate / Negotiable,after 8/25/2025,06/03/2025,"[""Graduate Opportunities""]",https://jobs.rwfm.tamu.edu/view/106906/,"PhD and MS Positions in Water Security and Sustainability
WESA Lab, Texas A&M University - Corpus Christi (State)
Application Deadline:
07/15/2025
Published:
06/03/2025
Starting Date:
after 8/25/2025
Hours per Week:
at least 40
Salary:
Commensurate / Negotiable
Education Required:
Bachelors
Experience Required:
at least 4 years
Location:
6300 Ocean Drive (Corpus Christi, Texas)
Tags:
Graduate Opportunities
5 weeks ago
Open in New Window",,,,07/15/2025,True,0.85,PhD Position,Environmental Sciences,,,,,2025-07-13T14:45:56.911109+00:00,,4.0-targeted,2025-07-11T10:29:13.350435,2025-07-11T10:29:13.350435,Environmental Sciences,,rule,,0.95,0.0,,True,Texas,US,Southwest,-6365375928459225128,106906,Commensurate / Negotiable,at least 40,Bachelors,at least 4 years,True,2025-07-13T14:47:11.244933+00:00,,,,
"Ph.D. or M.S. Graduate Research Assistantship – Physical, Ecological, and Social Dynamics of South Carolina Tidal Trunks",Clemson University (State),multiple,"$22,000 to $25,000 per year",8/18/2025,06/03/2025,"[""Graduate Opportunities""]",https://jobs.rwfm.tamu.edu/view/106914/,"Ph.D. or M.S. Graduate Research Assistantship – Physical, Ecological, and Social Dynamics of South Carolina Tidal Trunks
Clemson University (State)
Application Deadline:
08/18/2025
Published:
06/03/2025
Starting Date:
8/18/2025
Hours per Week:
37 - 38
Salary:
$22,000 to $25,000 per year
Education Required:
Bachelors
Experience Required:
none
Location:
multiple
Tags:
Graduate Opportunities
5 weeks ago
Open in New Window",,,,08/18/2025,True,0.85,Graduate Assistantship,Environmental Sciences,,,,,2025-07-13T14:45:56.905268+00:00,,4.0-targeted,2025-07-11T10:29:13.350435,2025-07-11T10:29:13.350435,Environmental Sciences,,rule,22000.0,1.0,22000.0,source_data,False,,,Remote/Multiple,8002615184603238390,106914,"$22,000 to $25,000 per year",37 - 38,Bachelors,none,True,2025-07-13T14:47:11.244929+00:00,,,,
"PhD Graduate Assistantship (Sea Lamprey Aquaculture, Metamorphosis, and Juvenile Ecology)",Michigan State University (Private),"East Lansing, , Michigan","starting at $34,000 per year",after 8/1/2026,06/02/2026,Graduate Opportunities,https://jobs.rwfm.tamu.edu/view-job/?id=116795,"PhD Graduate Assistantship (Sea Lamprey Aquaculture, Metamorphosis, and Juvenile Ecology)
Michigan State University (Private)
Details
Application Deadline:
07/15/2026
Published:
06/02/2026
Starting Date:
after 8/1/2026
Hours per Week:
at least 40
Salary:
starting at $34,000 per year
Education Required:
Bachelors
Experience Required:
at least 2 years
Location:
East Lansing, , Michigan
Tags:
Graduate Opportunities
Description
PhD Graduate Assistantship (Sea Lamprey Aquaculture, Metamorphosis, and Juvenile Ecology)

Position: PhD Graduate Research Assistantship

Start date: Fall 2026

Location: Michigan State University, East Lansing, Michigan, with research activities at Hammond Bay Biological Station, Millersburg, Michigan

Advisor: Dr John B. Hume, Department of Fisheries and Wildlife, Michigan State University

 

That Lamprey Lab (https://thatlampreylab.com) at Michigan State University is recruiting a PhD student to join a Great Lakes Fishery Commission-supported research program focused on sea lamprey aquaculture, metamorphosis, and juvenile feeding ecology.

The student will contribute to the Sea Lamprey Aquaculture and Procurement Initiative, a collaborative project designed to develop reliable methods for producing sea lamprey for research and management. The project addresses a major bottleneck in sea lamprey research: the limited availability of large larvae, transformers, and juveniles for experimental studies.

The PhD student will lead an integrative project examining the transition from large larvae to transformers and early-stage juveniles. The project will compare artificially propagated laboratory-reared sea lamprey and wild-origin / wild-caught lab-reared sea lamprey to determine whether they differ in the timing, rate, morphology, and probability of completing metamorphosis. The student will also help evaluate whether larval growth history, body condition, metamorphic progression, and juvenile phenotype predict subsequent feeding performance. Depending on juvenile availability and project progress, the student may also contribute to work evaluating artificial feeding approaches for juvenile sea lamprey, including feeder design, host-associated sensory cues, and short-term attachment or feeding responses.

The student will gain experience with aquatic animal husbandry, experimental aquaculture, experimental design, data management, and statistical analysis. The project will involve periodic travel to Hammond Bay Biological Station.

 

Required qualifications

Applicants should have:

·      A degree in biology, ecology, animal science, physiology, or a related field by the start date.
·      Interest in aquatic ecology, fisheries science, aquaculture, invasive species biology, animal behavior, developmental biology, or Great Lakes management.
·      Strong organizational skills and attention to detail.
·      Willingness to work with live animals.
·      Ability to work independently and collaboratively as part of a multi-investigator research program.
·      Strong written and oral communication skills.
·      Applicants with a Masters degree are encouraged to apply, although exceptional BS-level applicants will be considered.

 

Preferred qualifications

Preferred qualifications include experience with one or more of the following:

·      Fish husbandry or aquatic laboratory systems.
·      Live-animal experiments or behavioral trials.
·      Statistical analysis, data management, or reproducible workflows.
·      Great Lakes research, sea lamprey biology, host–parasite interactions, or applied fisheries management.

 

Funding

The assistantship includes an annual graduate stipend, tuition support, and health benefits. Final stipend level will follow Michigan State University and Department of Fisheries and Wildlife graduate assistantship rates. Support is contingent on satisfactory academic progress, and admission to Michigan State University.

 

Application materials

Interested applicants should send:

·      A cover letter describing research interests, a brief statement describing why this project is of interest, relevant experience, and career goals.
·      A CV.
·      Unofficial transcripts.
·      Contact information for 2–3 references.

Please send materials to:

Dr John B. Hume

Department of Fisheries and Wildlife

Michigan State University

Email: jhume@msu.edu

Review of applications will begin 15 July 2026 and continue until the position is filled.

Contact
John Hume
5173038693
jhume@msu.edu (preferred contact method)","Hours per Week:
at least 40
Salary:
starting at $34,000 per year
Education Required:
Bachelors
Experience Required:
at least 2 years","PhD Graduate Assistantship (Sea Lamprey Aquaculture, Metamorphosis, and Juvenile Ecology)
Michigan State University (Private)
Details
Application Deadline:
07/15/2026
Published:
06/02/2026
Starting Date:
after 8/1/2026
Hours per Week:
at least 40
Salary:
starting at $34,000 per year
Education Required:
Bachelors
Experience Required:
at least 2 years
Location:
East Lansing, , Michigan
Tags:
Graduate Opportunities
Description
PhD Graduate Assistantship (Sea Lamprey Aquaculture, Metamorphosis, and Juvenile Ecology)

Position: PhD Graduate Research Assistantship

Start date: Fall 2026

Location: Michigan State University, East Lansing, Michigan, with research activities at Hammond Bay Biological Station, Millersburg, Michigan

Advisor: Dr John B. com) at Michigan State University is recruiting a PhD student to join a Great Lakes Fishery Commission-supported research program focused on sea lamprey aquaculture, metamorphosis, and juvenile feeding ecology. The student will contribute to the Sea Lamprey Aquaculture and Procurement Initiative, a collaborative project designed to develop reliable methods for producing sea lamprey for research and management",,"07/15/2026
Published:
06/02/2026
Starting Date:
after 8/1/2026
Hours per Week:
at least 40
Salary:
starting at $34,000 per year
Education Required:
Bachelors
Experience Required:
at least 2 years
Location:
East Lansing, , Michigan
Tags:
Graduate Opportunities
Description
PhD Graduate Assistantship (Sea Lamprey Aquaculture, Metamorphosis, and Juvenile Ecology)

Position: PhD Graduate Research Assistantship

Start date: Fall 2026

Location: Michigan State University, East Lansing, Michigan, with research activities at Hammond Bay Biological Station, Millersburg, Michigan

Advisor: Dr John B",True,0.85,Graduate Assistantship,Fisheries and Aquatic,0.21,"[""fish"", ""fisheries"", ""aquatic"", ""lake"", ""aquaculture""]",True,Michigan State University,2026-06-07T07:46:41.902086+00:00,scrape_20260607_074616_b550409e,2.0,2026-06-07T07:46:41.902086+00:00,2026-06-07T07:46:41.902086+00:00,Fisheries and Aquatic,Agriculture,rule,34000.0,0.85,40000.0,analytics_backfill,True,Michigan,US,,,,,,,,,,,,,
MS Graduate Assistantship (Juvenile Sea Lamprey Feeding Behavior and Growth),Michigan State University (Private),"East Lansing, Michigan","starting at $32,000 per year",after 1/1/2027,06/02/2026,Graduate Opportunities,https://jobs.rwfm.tamu.edu/view-job/?id=116797,"MS Graduate Assistantship (Juvenile Sea Lamprey Feeding Behavior and Growth)
Michigan State University (Private)
Details
Application Deadline:
09/15/2026
Published:
06/02/2026
Starting Date:
after 1/1/2027
Hours per Week:
at least 40
Salary:
starting at $32,000 per year
Education Required:
Bachelors
Experience Required:
at least 2 years
Location:
East Lansing, Michigan
Tags:
Graduate Opportunities
Description
MS Graduate Assistantship (Juvenile Sea Lamprey Feeding Behavior and Growth)

Position: MS Graduate Research Assistantship
Start date: Spring 2027
Location: Michigan State University, East Lansing, Michigan, with research activities at Hammond Bay Biological Station, Millersburg, Michigan
Advisor: Dr John B. Hume, Department of Fisheries and Wildlife, Michigan State University

That Lamprey Lab (https://thatlampreylab.com) at Michigan State University is recruiting a Masters student to study juvenile sea lamprey feeding behavior and early parasitic growth. This position is part of the Sea Lamprey Aquaculture and Procurement Initiative, a Great Lakes Fishery Commission-supported research program focused on developing reliable methods for producing and maintaining later life stages of sea lamprey for research and management.

The student will lead a project examining whether laboratory-reared and wild-origin juvenile sea lamprey differ in host-seeking behavior, attachment success, feeding duration, wound characteristics, survival, and growth when offered live host fishes under controlled laboratory conditions. The project will address both fundamental questions about the transition to parasitism and applied questions about whether captive-reared juvenile sea lamprey are suitable for research and management use. Depending on juvenile availability and project progress, the student may also contribute to work evaluating artificial feeding approaches for juvenile sea lamprey, including feeder design, host-associated sensory cues, and short-term attachment or feeding responses.

The student will gain experience with aquatic animal husbandry, behavioral experiments, juvenile sea lamprey handling, host–parasite interactions, video or direct behavioral observation, experimental design, data management, and statistical analysis. The project will involve periodic travel to Hammond Bay Biological Station.

Required qualifications

Applicants should have:

A BS degree in fisheries, biology, ecology, natural resources, animal science, physiology, or a related field by the start date.
Interest in fisheries science, aquatic ecology, animal behavior, aquaculture, host–parasite interactions, invasive species biology, or Great Lakes management.
Strong organizational skills and attention to detail.
Willingness to work with live animals.
Ability to work independently and collaboratively.
Strong written and oral communication skills.
 Preferred qualifications

Preferred qualifications include experience with one or more of the following:

Fish husbandry or aquatic laboratory systems.
Behavioral experiments or video-based behavioral observation.
Fisheries field or laboratory research.
Statistical analysis, or data management.
Great Lakes research, sea lamprey biology, host–parasite interactions, or applied fisheries management.
 Funding

The assistantship includes an annual graduate stipend, tuition support, and health benefits. Final stipend level will follow Michigan State University and Department of Fisheries and Wildlife graduate assistantship rates. Support is contingent on final project funding, satisfactory academic progress, and admission to Michigan State University.

Application materials

Interested applicants should send:

A cover letter describing research interests, relevant experience, and career goals.
A CV.
Unofficial transcripts.
Contact information for 2–3 references.
A brief statement describing why this project is of interest.
Please send materials to:

Dr John B. Hume
Department of Fisheries and Wildlife
Michigan State University
Email: jhume@msu.edu

Review of applications will begin 15 September 2026 and continue until the position is filled.
Contact
John Hume
5173038693
jhume@msu.edu (preferred contact method)","Hours per Week:
at least 40
Salary:
starting at $32,000 per year
Education Required:
Bachelors
Experience Required:
at least 2 years","MS Graduate Assistantship (Juvenile Sea Lamprey Feeding Behavior and Growth)
Michigan State University (Private)
Details
Application Deadline:
09/15/2026
Published:
06/02/2026
Starting Date:
after 1/1/2027
Hours per Week:
at least 40
Salary:
starting at $32,000 per year
Education Required:
Bachelors
Experience Required:
at least 2 years
Location:
East Lansing, Michigan
Tags:
Graduate Opportunities
Description
MS Graduate Assistantship (Juvenile Sea Lamprey Feeding Behavior and Growth)

Position: MS Graduate Research Assistantship
Start date: Spring 2027
Location: Michigan State University, East Lansing, Michigan, with research activities at Hammond Bay Biological Station, Millersburg, Michigan
Advisor: Dr John B. This position is part of the Sea Lamprey Aquaculture and Procurement Initiative, a Great Lakes Fishery Commission-supported research program focused on developing reliable methods for producing and maintaining later life stages of sea lamprey for research and management. The project will address both fundamental questions about the transition to parasitism and applied questions about whether captive-reared juvenile sea lamprey are suitable for research and management use",,"09/15/2026
Published:
06/02/2026
Starting Date:
after 1/1/2027
Hours per Week:
at least 40
Salary:
starting at $32,000 per year
Education Required:
Bachelors
Experience Required:
at least 2 years
Location:
East Lansing, Michigan
Tags:
Graduate Opportunities
Description
MS Graduate Assistantship (Juvenile Sea Lamprey Feeding Behavior and Growth)

Position: MS Graduate Research Assistantship
Start date: Spring 2027
Location: Michigan State University, East Lansing, Michigan, with research activities at Hammond Bay Biological Station, Millersburg, Michigan
Advisor: Dr John B",True,0.85,Graduate Assistantship,Fisheries and Aquatic,0.21,"[""fish"", ""fisheries"", ""aquatic"", ""lake"", ""aquaculture""]",True,Michigan State University,2026-06-07T07:46:42.005160+00:00,scrape_20260607_074616_b550409e,2.0,2026-06-07T07:46:42.005160+00:00,2026-06-07T07:46:42.005160+00:00,Fisheries and Aquatic,Wildlife,rule,32000.0,0.85,37647.06,analytics_backfill,True,Michigan,US,,,,,,,,,,,,,
M.S. Graduate Research Assistantship Opportunity in Ecology - Utah State University,Utah State University (State),"Logan, Utah","starting at $27,000 per year",after 8/24/2026,06/02/2026,Graduate Opportunities,https://jobs.rwfm.tamu.edu/view-job/?id=116807,"M.S. Graduate Research Assistantship Opportunity in Ecology - Utah State University
Utah State University (State)
Details
Application Deadline:
07/10/2026
Published:
06/02/2026
Starting Date:
after 8/24/2026
Hours per Week:
at least 20
Salary:
starting at $27,000 per year
Education Required:
Bachelors
Experience Required:
none
Location:
Logan, Utah
Tags:
Graduate Opportunities
Description
Dr. Entwistle & Dr. Carter with USU are recruiting a MS student to start in Fall 2026. Successful applicants should be interested in conducting applied research and extension projects, with a focus on water quality monitoring and environmental data analysis. The project will include a mix of field work, lab work, data analysis, and community engagement activities. 

Project:
The successful applicant will lead an Extension-funded project that will include significant work with volunteers and project partners. The student should be interested in developing science communication skills as they will be involved in delivering workshops, meeting with community partners, and developing other outreach materials.

The project will work on developing low-tech, low-cost water quality monitoring protocols that can be performed by volunteers to help assess water quality changes after the implementation of Low-Tech Process-Based Restoration techniques (LTPBR). The student will conduct statistical analyses to evaluate the consistency of volunteer-collected data and synthesize patterns broadly across the monitoring program. The implementation of LTPBR projects has increased around the State, however; it is difficult to find funding to support long-term monitoring of these projects that could help support many practitioners refine and improve restoration approaches. The results of this project will help increase statewide capacity to evaluate restored stream sites and support the needs of practitioners around the State. 

Compensation:
MS students: $27,000 per year stipend for two years
Full tuition waiver
Subsidized health insurance
 Qualifications: Applicants must have a cumulative GPA of 3.2 or higher from an accredited institution. A strong background in mathematics, writing, and data management is required. Students must have the ability to maintain positive working relationships with members of both departments as well as outside stakeholder groups. The student will be required to conduct field work in variable conditions (heat, cold, wind, rain) and may need to lift equipment <25lbs. Prior research, water quality monitoring, and science communication experience is viewed favorably, but not required. 
 Location: The student will be housed in either the Department of Watershed Sciences or the Department of Mathematics & Statistics at Utah State University in Logan, Utah.
 Start date:  August 24, 2026
 Contact both Dr. Clare Entwistle & Dr. Alice Carter with questions or to apply at clare.entwistle@usu.edu & alice.carter@usu.edu with the subject line WATER QUALITY MS CANDIDATE. With your email, please attach (1) a letter of intent describing your background & previous research experience, current research interests & how they align with this project, and future career goals, (2) a pdf of your CV, (3) unofficial transcripts or a brief list of relevant coursework completed and (4) the contact information for two references.
 Applications will be reviewed on a rolling basis. After an initial screening, selected candidates will be invited to a Zoom interview prior to final selection. Potential applicants should submit materials as soon as possible to ensure consideration.  
  Additional information:
Department of Watershed Sciences Graduate Programs: https://qanr.usu.edu/wats/programs/graduate/ 
Department of Mathematics & Statistics Graduate Programs: https://www.usu.edu/degrees-majors/statistics_ms 
Contact
Clare Entwistle
clare.entwistle@usu.edu (preferred contact method)","Qualifications: Applicants must have a cumulative GPA of 3.2 or higher from an accredited institution. A strong background in mathematics, writing, and data management is required. Students must have the ability to maintain positive working relationships with members of both departments as well as outside stakeholder groups. The student will be required to conduct field work in variable conditions (heat, cold, wind, rain) and may need to lift equipment <25lbs. Prior research, water quality monitoring, and science communication experience is viewed favorably, but not required.","Graduate Research Assistantship Opportunity in Ecology - Utah State University
Utah State University (State)
Details
Application Deadline:
07/10/2026
Published:
06/02/2026
Starting Date:
after 8/24/2026
Hours per Week:
at least 20
Salary:
starting at $27,000 per year
Education Required:
Bachelors
Experience Required:
none
Location:
Logan, Utah
Tags:
Graduate Opportunities
Description
Dr. Successful applicants should be interested in conducting applied research and extension projects, with a focus on water quality monitoring and environmental data analysis. Prior research, water quality monitoring, and science communication experience is viewed favorably, but not required",,"07/10/2026
Published:
06/02/2026
Starting Date:
after 8/24/2026
Hours per Week:
at least 20
Salary:
starting at $27,000 per year
Education Required:
Bachelors
Experience Required:
none
Location:
Logan, Utah
Tags:
Graduate Opportunities
Description
Dr",True,0.85,Graduate Assistantship,Human Dimensions,0.0,[],False,,2026-06-07T07:46:42.107307+00:00,scrape_20260607_074616_b550409e,2.0,2026-06-07T07:46:42.107307+00:00,2026-06-07T07:46:42.107307+00:00,Human Dimensions,Environmental Sciences,rule,27000.0,0.95,28421.05,analytics_backfill,True,Utah,US,,,,,,,,,,,,,
PhD student in conservation ecology in Department of Entomology @ LSU to start in Spring 2027,Louisiana State University (State),"Life Sciences Building (Baton Rouge, Louisiana)","starting at $30,667 per year",after 1/1/2027,06/02/2026,Graduate Opportunities,https://jobs.rwfm.tamu.edu/view-job/?id=116809,"PhD student in conservation ecology in Department of Entomology @ LSU to start in Spring 2027
Louisiana State University (State) | https://www.lsu.edu/agriculture/entomology/index.php
Details
Posting:
http://www.forestentomology.com
Application Deadline:
10/15/2026
Published:
06/02/2026
Starting Date:
after 1/1/2027
Hours per Week:
at least 40
Salary:
starting at $30,667 per year
Education Required:
Masters
Experience Required:
none
Location:
Life Sciences Building (Baton Rouge, Louisiana)
Tags:
Graduate Opportunities
Description
The Forest Entomology Research Group in the Department of Entomology at Louisiana State University is currently seeking a PhD student in conservation ecology to start in Spring 2027. 
 Our research group asks fundamental questions about the role of abiotic and biotic factors on the population and community ecology of arthropods in southeastern forest ecosystems. We are especially interested in organisms that contribute ecosystem services such as pest suppression or decomposition, as well as those that threaten biodiversity and ecosystem function such as pestiferous and invasive species. Ultimately, we seek to use the knowledge we gain to further our fundamental understanding of forest ecosystems and their management. Ongoing projects in our group include: characterization of at-risk groups of arthropods in forest ecosystems, ecology of native and non-native Agrilus beetles and their natural enemies, and the sensory and reproductive ecology of woodboring beetles. We have a strong commitment to maintaining a diverse, equitable, and safe environment in our research group and Department. Learn more about us here: http://www.forestentomology.com
 PhD project: Global change is a human-mediated, ongoing process, that alters the abundance and distribution of organisms, as well as the ecosystem services they provide. Biological invasions are one aspect of global change that often negatively impacts species within introduced ranges. In the late 18th century, the Chinese tallow tree, Triadica sebifera, was introduced into the United States as a source of raw materials for specialty goods such as dyes, honey, and waxes. Since its introduction, the Chinese tallow tree has escaped cultivation and become a significant invader in forests in the southeastern United States. Our project leverages an ongoing effort to control the Chinese tallow tree within Bayou Sauvage National Wildlife Refuge, a 23,000-acre natural area that comprises multiple types of habitat including bottomland hardwood swamps and freshwater and brackish marshes. The doctoral student would join a collaborative team that includes researchers from the USDA Forest Service Southern and Northern Research Stations, USDA-APHIS, and US Fish and Wildlife to characterize the abundance and diversity of insects, birds, and plants in early stages of restoration. Specifically, the student would be tasked with describing communities of terrestrial ground arthropods and insect pollinators across portions of the site within recent and historic restoration plots. The student would have opportunities to further develop research questions related to insect ecology within the Chinese Tallow system, and would be encouraged to work with collaborators to synthesize results to better understand how changes in habitat or trophic structure may alter insect populations and communities.
 Located in Baton Rouge, Louisiana, the Department of Entomology at Louisiana State University has fifteen faculty members with strengths that include: insect behavior, chemical ecology, integrated pest management, public health, insect physiology and molecular biology. Further, the Department is home to the Louisiana State Collection of Arthropods, which contains over one million research specimens. Opportunities exist to collaborate and interact with individuals from nearby Departments which include Biological Sciences, Plant Pathology and Crop Physiology, and Renewable and Natural Resources. Lastly, LSU is home to 15 research centers and institutes, including an instrumentation facility which offers access to sophisticated analytical and microscopic equipment. 
 Expected Qualifications: This project is field-intensive and requires an individual that is willing to work in the hot, humid, and wet conditions that characterize subtropical, southeastern Louisiana. Further, the ability to work in habitats that contain snakes, mosquitos, and other wild animals is expected. The candidate must have, or have the ability to obtain a driver’s license within the state of Louisiana. Research sites are approximately 1.5-2 hrs from Louisiana State University, and some overnight travel is expected. The ability to lead and work as a member of a team is critical. All interested candidates interested in pursuing a doctoral education in our research group are expected to have completed a masters degree in entomology, ecology/evolution, or natural resources.
 Preferred Qualifications: An ideal candidate would be an individual who meets the aforementioned qualifications, and is also creative, curious about the natural world, and seeks to challenge themselves with interesting problems in field and laboratory settings. Preference will be given to candidates with well-defined career goals, experience and interest in the collection and identification of terrestrial arthropods (with an emphasis on Coleoptera and Hymenoptera), proven success as a fieldworker, strong writing ability demonstrated by the publication of peer-reviewed articles, extension articles, and/or the production of technical reports, and lastly, evidence of the receipt of grants or awards. Candidates should not be discouraged from reaching out if they do not meet all of the preferred qualifications, but if they do meet one or more, please make sure they are emphasized in the cover letter.
 Compensation: Admitted students will be provided with a competitive stipend, partial coverage of their health insurance, and tuition waiver. Four years of funding are guaranteed.
 Interested students should send Dr. Todd D. Johnson (ToddJohnson@agcenter.lsu.edu; http://www.forestentomology.com): a CV, unofficial transcripts, contact information for 3 references, a statement of research interests, experience, and future goals (1-2 pg), and 1 additional writing sample (e.g., publication). Applicants that submit an application without first reaching out to Dr. Johnson will not be considered. Successful applicants will be required to submit an application to LSU Graduate School. Please visit the LSU Department of Entomology website for more information: https://www.lsu.edu/agriculture/entomology/programs/how_to_apply.php.
  Contact
Dr. Todd D. Johnson
ToddJohnson@agcenter.lsu.edu (preferred contact method)","Expected Qualifications: This project is field-intensive and requires an individual that is willing to work in the hot, humid, and wet conditions that characterize subtropical, southeastern Louisiana. Further, the ability to work in habitats that contain snakes, mosquitos, and other wild animals is expected. The candidate must have, or have the ability to obtain a driver’s license within the state of Louisiana. Research sites are approximately 1.5-2 hrs from Louisiana State University, and some overnight travel is expected. The ability to lead and work as a member of a team is critical. All interested candidates interested in pursuing a doctoral education in our research group are expected to have completed a masters degree in entomology, ecology/evolution, or natural resources.","com
Application Deadline:
10/15/2026
Published:
06/02/2026
Starting Date:
after 1/1/2027
Hours per Week:
at least 40
Salary:
starting at $30,667 per year
Education Required:
Masters
Experience Required:
none
Location:
Life Sciences Building (Baton Rouge, Louisiana)
Tags:
Graduate Opportunities
Description
The Forest Entomology Research Group in the Department of Entomology at Louisiana State University is currently seeking a PhD student in conservation ecology to start in Spring 2027. Our research group asks fundamental questions about the role of abiotic and biotic factors on the population and community ecology of arthropods in southeastern forest ecosystems. We have a strong commitment to maintaining a diverse, equitable, and safe environment in our research group and Department",,"10/15/2026
Published:
06/02/2026
Starting Date:
after 1/1/2027
Hours per Week:
at least 40
Salary:
starting at $30,667 per year
Education Required:
Masters
Experience Required:
none
Location:
Life Sciences Building (Baton Rouge, Louisiana)
Tags:
Graduate Opportunities
Description
The Forest Entomology Research Group in the Department of Entomology at Louisiana State University is currently seeking a PhD student in conservation ecology to start in Spring 2027",True,0.85,PhD Position,Entomology,0.178,"[""wildlife"", ""wild animals"", ""bird"", ""behavior"", ""habitat""]",False,,2026-06-07T07:46:42.210787+00:00,scrape_20260607_074616_b550409e,2.0,2026-06-07T07:46:42.210787+00:00,2026-06-07T07:46:42.210787+00:00,Entomology,Wildlife,rule,30667.0,0.8,38333.75,analytics_backfill,True,Louisiana,US,,,,,,,,,,,,,
M.S. Graduate Research Assistantship Opportunity in Watershed Sciences - Utah State University,Utah State University (State),"Logan, Utah","up to $27,000 per year",after 8/24/2026,06/02/2026,Graduate Opportunities,https://jobs.rwfm.tamu.edu/view-job/?id=116783,"M.S. Graduate Research Assistantship Opportunity in Watershed Sciences - Utah State University
Utah State University (State)
Details
Application Deadline:
07/03/2026
Published:
06/02/2026
Starting Date:
after 8/24/2026
Hours per Week:
at least 20
Salary:
up to $27,000 per year
Education Required:
Bachelors
Experience Required:
none
Location:
Logan, Utah
Tags:
Graduate Opportunities
Description
I am recruiting a highly motivated MS student to start in Fall 2026. Successful applicants should be interested in conducting applied research and extension projects, with a focus on water quality monitoring and environmental data analysis. The project will include a mix of field work, lab work, and community engagement activities. 

Project:

The successful applicant will lead an Extension-funded project that will help identify nutrient management solutions that can be implemented at dairy farms. The student should be interested in developing science communication skills as they will be involved in delivering workshops, meeting with community partners, and developing other outreach materials.

The project will work to improve on-farm water management and irrigation efficiency in dairy operations. The student will work with a participating dairy farm to evaluate the efficiency of liquid manure application in flood irrigated dairy cropping systems. In addition, the student will identify how biochar and woodchips could be implemented to improve the water quality of runoff leaving the field. The results of this project will help inform dairy operators of nutrient management strategies that can reduce the need for commercial fertilizer and protect surrounding water quality.

Compensation:
$27,000 per year stipend
Full tuition waiver
Subsidized health insurance
 Qualifications: Applicants must have a cumulative GPA of 3.2 or higher from an accredited institution. A strong background in writing, analytical methods, and data management is required. The student must have the ability to maintain positive working relationships with members of the lab and department, as well as outside stakeholder groups. The student will be required to conduct field work in variable conditions (heat, cold, wind, rain) and may need to lift equipment <25lbs. Prior research, water quality monitoring, and science communication experience is viewed favorably, but not required. 
 Location: The student will be housed in the Department of Watershed Sciences at Utah State University in Logan, Utah.
 Start date:  preferred start date August 24, 2026, however a start date in January 2027 may be considered.
 Contact Dr. Clare Entwistle with questions or to apply at clare.entwistle@usu.edu with the subject line NUTRIENT MANAGEMENT MS CANDIDATE. With your email, please attach (1) a letter of intent outlining your qualifications, research interests, future career goals, & how they align with this project; (2) a pdf of your CV; (3) a writing sample; and (4) the contact information for three references.

Applications will be reviewed on a rolling basis. After an initial screening, selected candidates will be invited to a Zoom interview prior to final selection. Potential applicants should submit materials as soon as possible to ensure full consideration.  
 Additional information:
Department of Watershed Sciences Graduate Programs: https://qanr.usu.edu/wats/programs/graduate/ 
Contact
Clare Entwistle
clare.entwistle@usu.edu (preferred contact method)","Qualifications: Applicants must have a cumulative GPA of 3.2 or higher from an accredited institution. A strong background in writing, analytical methods, and data management is required. The student must have the ability to maintain positive working relationships with members of the lab and department, as well as outside stakeholder groups. The student will be required to conduct field work in variable conditions (heat, cold, wind, rain) and may need to lift equipment <25lbs. Prior research, water quality monitoring, and science communication experience is viewed favorably, but not required.","Graduate Research Assistantship Opportunity in Watershed Sciences - Utah State University
Utah State University (State)
Details
Application Deadline:
07/03/2026
Published:
06/02/2026
Starting Date:
after 8/24/2026
Hours per Week:
at least 20
Salary:
up to $27,000 per year
Education Required:
Bachelors
Experience Required:
none
Location:
Logan, Utah
Tags:
Graduate Opportunities
Description
I am recruiting a highly motivated MS student to start in Fall 2026. Successful applicants should be interested in conducting applied research and extension projects, with a focus on water quality monitoring and environmental data analysis. Prior research, water quality monitoring, and science communication experience is viewed favorably, but not required",,"07/03/2026
Published:
06/02/2026
Starting Date:
after 8/24/2026
Hours per Week:
at least 20
Salary:
up to $27,000 per year
Education Required:
Bachelors
Experience Required:
none
Location:
Logan, Utah
Tags:
Graduate Opportunities
Description
I am recruiting a highly motivated MS student to start in Fall 2026",True,0.85,Graduate Assistantship,Human Dimensions,0.0,[],False,,2026-06-07T07:46:42.314586+00:00,scrape_20260607_074616_b550409e,2.0,2026-06-07T07:46:42.314586+00:00,2026-06-07T07:46:42.314586+00:00,Human Dimensions,Environmental Sciences,rule,27000.0,0.95,28421.05,analytics_backfill,True,Utah,US,,,,,,,,,,,,,
Graduate position - Personality and cognition in wild birds,Auburn University (State),"Auburn University (Auburn, Alabama)","$23,000 to $28,000 per year",after 1/6/2027,06/02/2026,Graduate Opportunities,https://jobs.rwfm.tamu.edu/view-job/?id=116755,"Graduate position - Personality and cognition in wild birds
Auburn University (State)
Details
Application Deadline:
08/31/2026
Published:
06/02/2026
Starting Date:
after 1/6/2027
Hours per Week:
20 - 40
Salary:
$23,000 to $28,000 per year
Education Required:
Bachelors
Experience Required:
at least 2 years
Location:
Auburn University (Auburn, Alabama)
Tags:
Graduate Opportunities
Description
The McCune lab (kelseymccune.com) at Auburn University College of Forestry, Wildlife and Environment is hiring a MS or PhD student to research personality and cognition in wild birds. The successful applicant will develop automated technology to support field-based methods for measuring behavioral traits in common native birds in the southeastern US. Specifically, the student will be responsible for designing hardware and programming software for feeder apparatuses. These “smart feeders” will be deployed in backyards and natural areas across Auburn and surrounding sites to assess variation in behavioral traits related to human environmental change and avian disease prevalence.

Basic Responsibilities:
·      Conduct literature reviews
·      Develop research questions, experimental design and methods
·      Design smart feeders, code behavioral programs, manage feeders in the field
·      Collaborate with professionals from other institutions and interdisciplinary backgrounds 
·      Supervise undergraduates, field assistants and interns as necessary 
·      Write and publish findings in peer reviewed scientific journals
·      Present findings at conferences and for public outreach
·      Meet Auburn University graduate program requirements and deadlines
·      Contribute to fostering a supportive, inclusive, and welcoming atmosphere

Minimum qualifications:
·      Candidate must have completed a bachelor’s degree with a GPA > 3.0 prior to starting
·      Experience conducting research related to avian behavior, cognition, comparative psychology or ecology
·      Strong communication skills in oral and written English
·      Ability to work independently and as part of an interdisciplinary team
·      Self-motivation, a positive attitude, and strong critical thinking skills
·      Candidates applying for the PhD position should have completed a MS degree before beginning this role
 Desired qualifications:
·      Demonstrated experience using passive integrated transponder (PIT) tags, radio frequency identification (RFID) technology, microcontroller circuit boards, the program Arduino or related software 
·      Experience working with the programming language R  
·      Experiencing analyzing PIT tag or RFID tag data
·      Record of publication in peer-reviewed journals or professional presentations

Compensation: Stipend of $23,000 - 28,000 per year depending on experience and degree (MS or PhD), plus benefits and a tuition waiver. 

How to apply: Fill out this Google Form with your general contact information and upload the following in the application portal as a single PDF document with the file name “LastName_FirstName.pdf”.

1)    Statement of interest - maximum of 2 pages (single-spaced, 12-point font) describing your relevant qualifications, your research interests
2)    CV
3)    Unofficial transcripts from all colleges attended
4)    Contact information for 3 professional references

Application deadline is August 31st, but I encourage you to apply early as applications will be evaluated on a rolling basis until a suitable candidate is found. More information about our graduate program can be found here: https://cfwe.auburn.edu/graduate-study/graduate-degrees/.
Competitive candidates will be invited to participate in a virtual interview. The successful applicant will then be asked to apply to Auburn University’s College of Forestry, Wildlife and Environment for admission in Spring 2027, and will be expected to arrive prior to the first day of classes (January 6th). Note that GRE scores are not required for admission but may create opportunities for additional funding support (e.g., Auburn Presidential Graduate Opportunity Program). Email Dr. Kelsey McCune (kbm0054@auburn.edu) with questions or issues.

Contact
Kelsey McCune
kbm0054@auburn.edu (preferred contact method)","The McCune lab (kelseymccune.com) at Auburn University College of Forestry, Wildlife and Environment is hiring a MS or PhD student to research personality and cognition in wild birds. The successful applicant will develop automated technology to support field-based methods for measuring behavioral traits in common native birds in the southeastern US. Specifically, the student will be responsible for designing hardware and programming software for feeder apparatuses. These “smart feeders” will be deployed in backyards and natural areas across Auburn and surrounding sites to assess variation in behavioral traits related to human environmental change and avian disease prevalence.

Basic Responsibilities:
·      Conduct literature reviews
·      Develop research questions, experimental design and methods
·      Design smart feeders, code behavioral programs, manage feeders in the field
·      Collaborate with professionals from other institutions and interdisciplinary backgrounds 
·      Supervise undergraduates, field assistants and interns as necessary 
·      Write and publish findings in peer reviewed scientific journals
·      Present findings at conferences and for public outreach
·      Meet Auburn University graduate program requirements and deadlines
·      Contribute to fostering a supportive, inclusive, and welcoming atmosphere

Minimum qualifications:
·      Candidate must have completed a bachelor’s degree with a GPA > 3.0 prior to starting
·      Experience conducting research related to avian behavior, cognition, comparative psychology or ecology
·      Strong communication skills in oral and written English
·      Ability to work independently and as part of an interdisciplinary team
·      Self-motivation, a positive attitude, and strong critical thinking skills
·      Candidates applying for the PhD position should have completed a MS degree before beginning this role
 Desired qualifications:
·      Demonstrated experience using passive integrated transponder (PIT) tags, radio frequency identification (RFID) technology, microcontroller circuit boards, the program Arduino or related software 
·      Experience working with the programming language R  
·      Experiencing analyzing PIT tag or RFID tag data
·      Record of publication in peer-reviewed journals or professional presentations

Compensation: Stipend of $23,000 - 28,000 per year depending on experience and degree (MS or PhD), plus benefits and a tuition waiver. 

How to apply: Fill out this Google Form with your general contact information and upload the following in the application portal as a single PDF document with the file name “LastName_FirstName.pdf”.

1)    Statement of interest - maximum of 2 pages (single-spaced, 12-point font) describing your relevant qualifications, your research interests
2)    CV
3)    Unofficial transcripts from all colleges attended
4)    Contact information for 3 professional references

Application deadline is August 31st, but I encourage you to apply early as applications will be evaluated on a rolling basis until a suitable candidate is found. More information about our graduate program can be found here: https://cfwe.auburn.edu/graduate-study/graduate-degrees/.
Competitive candidates will be invited to participate in a virtual interview. The successful applicant will then be asked to apply to Auburn University’s College of Forestry, Wildlife and Environment for admission in Spring 2027, and will be expected to arrive prior to the first day of classes (January 6th). Note that GRE scores are not required for admission but may create opportunities for additional funding support (e.g., Auburn Presidential Graduate Opportunity Program). Email Dr. Kelsey McCune (kbm0054@auburn.edu) with questions or issues.","com) at Auburn University College of Forestry, Wildlife and Environment is hiring a MS or PhD student to research personality and cognition in wild birds. Basic Responsibilities:
·      Conduct literature reviews
·      Develop research questions, experimental design and methods
·      Design smart feeders, code behavioral programs, manage feeders in the field
·      Collaborate with professionals from other institutions and interdisciplinary backgrounds 
·      Supervise undergraduates, field assistants and interns as necessary 
·      Write and publish findings in peer reviewed scientific journals
·      Present findings at conferences and for public outreach
·      Meet Auburn University graduate program requirements and deadlines
·      Contribute to fostering a supportive, inclusive, and welcoming atmosphere

Minimum qualifications:
·      Candidate must have completed a bachelor’s degree with a GPA > 3. 0 prior to starting
·      Experience conducting research related to avian behavior, cognition, comparative psychology or ecology
·      Strong communication skills in oral and written English
·      Ability to work independently and as part of an interdisciplinary team
·      Self-motivation, a positive attitude, and strong critical thinking skills
·      Candidates applying for the PhD position should have completed a MS degree before beginning this role
 Desired qualifications:
·      Demonstrated experience using passive integrated transponder (PIT) tags, radio frequency identification (RFID) technology, microcontroller circuit boards, the program Arduino or related software 
·      Experience working with the programming language R  
·      Experiencing analyzing PIT tag or RFID tag data
·      Record of publication in peer-reviewed journals or professional presentations

Compensation: Stipend of $23,000 - 28,000 per year depending on experience and degree (MS or PhD), plus benefits and a tuition waiver",,"08/31/2026
Published:
06/02/2026
Starting Date:
after 1/6/2027
Hours per Week:
20 - 40
Salary:
$23,000 to $28,000 per year
Education Required:
Bachelors
Experience Required:
at least 2 years
Location:
Auburn University (Auburn, Alabama)
Tags:
Graduate Opportunities
Description
The McCune lab (kelseymccune",True,1.0,Graduate Position,Wildlife,0.0,[],False,,2026-06-07T07:46:42.632301+00:00,scrape_20260607_074616_b550409e,2.0,2026-06-07T07:46:42.632301+00:00,2026-06-07T07:46:42.632301+00:00,Wildlife,Human Dimensions,rule,23000.0,0.8,28750.0,analytics_backfill,True,Alabama,US,,,,,,,,,,,,,
Ph.D. Assistantship – Assessing Fire Effects on Gulf High Marsh Microtopography Using Drone-Based LiDAR with Implications for the Threatened Eastern Black Rail,Kristine Evans (State),"Starkville, Mississippi","starting at $28,000 per year",after 1/1/2027,06/02/2026,Graduate Opportunities,https://jobs.rwfm.tamu.edu/view-job/?id=116778,"Ph.D. Assistantship – Assessing Fire Effects on Gulf High Marsh Microtopography Using Drone-Based LiDAR with Implications for the Threatened Eastern Black Rail
Kristine Evans (State) | https://www.cfr.msstate.edu/
Details
Application Deadline:
09/01/2026
Published:
06/02/2026
Starting Date:
after 1/1/2027
Hours per Week:
at least 20
Salary:
starting at $28,000 per year
Education Required:
Masters
Experience Required:
at least 2 years
Location:
Starkville, Mississippi
Tags:
Graduate Opportunities
Description
Description:
We are seeking a Ph.D. student with an interest in the intersections of drone-based LiDAR technology and bird habitat conservation to lead an assessment of microtopography in Gulf high marsh systems in association with prescribed fire. The study is part of the second phase of the multi-institutional Firebird project, sponsored by the NOAA RESTORE Science Program and will be co-led out of the Department of Wildlife, Fisheries and Aquaculture and Geosystems Research Institute at Mississippi State University. The study will include field data collection of very fine spatial resolution LiDAR and ground-based vegetation surveys in estuarine high marsh areas occupied and unoccupied by the federally threatened Eastern Black Rail on sites in Florida and Texas. The aim of this study is to: 1) assess species-habitat associations with fine-scale differences in marsh microtopography; 2) understand effects of prescribed fire on microtopographical structure in these systems; and 3) optimize methods of drone-based LiDAR data collection across different sensors and flight parameters. Field data collection will take place during winter and summer of 2027–2030. The student will learn advanced fundamentals of small uncrewed aerial systems (sUAS), LiDAR sensor calibration and data post-processing, vegetation data collection, and statistical modeling of species-habitat associations. The student will interact closely with partners in the Firebird project, which represents an active collaboration among multiple federal and state agencies, non-profit organizations and universities and will have the opportunity to present at regional and national meetings and conferences. Although the research will primarily be focused on advanced remote sensing analyses, the ideal candidate will have an interest in applying remote sensing to questions to assessing characteristics of Eastern Black Rail habitat. Data will be used to help inform recovery efforts for Eastern Black Rail and high marsh restoration efforts in Gulf ecosystems.

The student will also be part of the Quantitative Ecology and Spatial Technologies Lab in the Department of Wildlife, Fisheries and Aquaculture at Mississippi State University, which is a is a research consortium of spatial and quantitative ecologists dedicated to the management and conservation of wildlife from individuals to communities and their associated landscapes. The student will also collaborate extensively with the Geosystems Research Institute at Mississippi State University. The position requires strong remote sensing, field, and quantitative skills, along with the ability to work and think independently. The position also requires strong writing skills for proposal and dissertation/publication development.

Qualifications:
M.S. or equivalent degree in geosciences, remote sensing, geomatics, wildlife and fisheries sciences, biological sciences, natural resource science, conservation biology, or other related fields with GPA >3.0. Applicants must be self-motivated, safety-oriented, able to work independently in both cold and hot/humid weather conditions. The student must have extensive experience with remote sensing data, quantitative analysis, and scientific writing. Experience with sUAS (drone)-based field operations, LiDAR data post-processing, and research in coastal marsh environments is preferred but not required. Please indicate if you currently hold a FAA sUAS Part 107 remote pilot certification in your application. To apply please email the
following materials to Kristine Evans (kristine.evans@msstate.edu) with a subject line as follows  (YOURNAME_HighMarshMicrotopographyAssistantship), and attachments including: 1) a cover letter describing interest and professional goals; 2) a resume/CV; 3) contact information for three references; 4) copies of academic transcripts (unofficial are acceptable), and GRE scores (if applicable). A writing sample will be requested following interviews. Application review will begin in June 2026 and will continue until a suitable candidate is identified.

Mississippi State University is an equal opportunity institution. Discrimination is prohibited in university employment, programs or activities based on race, color, ethnicity, sex, pregnancy, religion, national origin, disability, age, sexual orientation, genetic information, status as a U.S. veteran, or any other status to the extent protected by applicable law. Questions about equal opportunity programs or compliance should be directed to the Office of Civil Rights Compliance, 231 Famous Maroon Band Street, P.O. 6044, Mississippi State, MS 39762, (662) 325-5839.
Contact
Dr. Kristine Evans (Department of Wildlife, Fisheries and Aquaculture)
662-325-3167
kristine.evans@msstate.edu (preferred contact method)","Description:
We are seeking a Ph.D. student with an interest in the intersections of drone-based LiDAR technology and bird habitat conservation to lead an assessment of microtopography in Gulf high marsh systems in association with prescribed fire. The study is part of the second phase of the multi-institutional Firebird project, sponsored by the NOAA RESTORE Science Program and will be co-led out of the Department of Wildlife, Fisheries and Aquaculture and Geosystems Research Institute at Mississippi State University. The study will include field data collection of very fine spatial resolution LiDAR and ground-based vegetation surveys in estuarine high marsh areas occupied and unoccupied by the federally threatened Eastern Black Rail on sites in Florida and Texas. The aim of this study is to: 1) assess species-habitat associations with fine-scale differences in marsh microtopography; 2) understand effects of prescribed fire on microtopographical structure in these systems; and 3) optimize methods of drone-based LiDAR data collection across different sensors and flight parameters. Field data collection will take place during winter and summer of 2027–2030. The student will learn advanced fundamentals of small uncrewed aerial systems (sUAS), LiDAR sensor calibration and data post-processing, vegetation data collection, and statistical modeling of species-habitat associations. The student will interact closely with partners in the Firebird project, which represents an active collaboration among multiple federal and state agencies, non-profit organizations and universities and will have the opportunity to present at regional and national meetings and conferences. Although the research will primarily be focused on advanced remote sensing analyses, the ideal candidate will have an interest in applying remote sensing to questions to assessing characteristics of Eastern Black Rail habitat. Data will be used to help inform recovery efforts for Eastern Black Rail and high marsh restoration efforts in Gulf ecosystems.

The student will also be part of the Quantitative Ecology and Spatial Technologies Lab in the Department of Wildlife, Fisheries and Aquaculture at Mississippi State University, which is a is a research consortium of spatial and quantitative ecologists dedicated to the management and conservation of wildlife from individuals to communities and their associated landscapes. The student will also collaborate extensively with the Geosystems Research Institute at Mississippi State University. The position requires strong remote sensing, field, and quantitative skills, along with the ability to work and think independently. The position also requires strong writing skills for proposal and dissertation/publication development.

Qualifications:
M.S. or equivalent degree in geosciences, remote sensing, geomatics, wildlife and fisheries sciences, biological sciences, natural resource science, conservation biology, or other related fields with GPA >3.0. Applicants must be self-motivated, safety-oriented, able to work independently in both cold and hot/humid weather conditions. The student must have extensive experience with remote sensing data, quantitative analysis, and scientific writing. Experience with sUAS (drone)-based field operations, LiDAR data post-processing, and research in coastal marsh environments is preferred but not required. Please indicate if you currently hold a FAA sUAS Part 107 remote pilot certification in your application. To apply please email the
following materials to Kristine Evans (kristine.evans@msstate.edu) with a subject line as follows  (YOURNAME_HighMarshMicrotopographyAssistantship), and attachments including: 1) a cover letter describing interest and professional goals; 2) a resume/CV; 3) contact information for three references; 4) copies of academic transcripts (unofficial are acceptable), and GRE scores (if applicable). A writing sample will be requested following interviews. Application review will begin in June 2026 and will continue until a suitable candidate is identified.

Mississippi State University is an equal opportunity institution. Discrimination is prohibited in university employment, programs or activities based on race, color, ethnicity, sex, pregnancy, religion, national origin, disability, age, sexual orientation, genetic information, status as a U.S. veteran, or any other status to the extent protected by applicable law. Questions about equal opportunity programs or compliance should be directed to the Office of Civil Rights Compliance, 231 Famous Maroon Band Street, P.O. 6044, Mississippi State, MS 39762, (662) 325-5839.","The study is part of the second phase of the multi-institutional Firebird project, sponsored by the NOAA RESTORE Science Program and will be co-led out of the Department of Wildlife, Fisheries and Aquaculture and Geosystems Research Institute at Mississippi State University. Although the research will primarily be focused on advanced remote sensing analyses, the ideal candidate will have an interest in applying remote sensing to questions to assessing characteristics of Eastern Black Rail habitat. The student will also be part of the Quantitative Ecology and Spatial Technologies Lab in the Department of Wildlife, Fisheries and Aquaculture at Mississippi State University, which is a is a research consortium of spatial and quantitative ecologists dedicated to the management and conservation of wildlife from individuals to communities and their associated landscapes",,"09/01/2026
Published:
06/02/2026
Starting Date:
after 1/1/2027
Hours per Week:
at least 20
Salary:
starting at $28,000 per year
Education Required:
Masters
Experience Required:
at least 2 years
Location:
Starkville, Mississippi
Tags:
Graduate Opportunities
Description
Description:
We are seeking a Ph",True,0.85,Graduate Assistantship,Wildlife,0.167,"[""wildlife"", ""bird"", ""habitat"", ""ecosystem"", ""conservation biology""]",False,,2026-06-07T07:46:43.209324+00:00,scrape_20260607_074616_b550409e,2.0,2026-06-07T07:46:43.209324+00:00,2026-06-07T07:46:43.209324+00:00,Wildlife,Human Dimensions,rule,28000.0,0.75,37333.33,analytics_backfill,True,Mississippi,US,,,,,,,,,,,,,
MS Research Assistant - Natural Resource Sciences,North Dakota State University (State),"North Dakota State University (Fargo, North Dakota)","up to $22,000 per year",after 8/1/2025,06/02/2025,Graduate Opportunities,,,,,,,True,0.85,Graduate Position,Wildlife,,,,,,,,2025-07-11T10:29:13.350435,2025-07-11T10:29:13.350435,Wildlife,,rule,22000.0,0.85,25882.352941176472,source_data,True,North Dakota,US,Midwest,-8102599783680659484,,,,,,,,,,"{""min_salary"": null, ""max_salary"": null, ""salary_text"": """"}","{""full_location"": ""North Dakota State University (Fargo, North Dakota)"", ""city"": ""North Dakota State University"", ""state"": null, ""cleaned_location"": ""North Dakota State University""}"
PhD Research Assistantship - Feral Swine Ecology and Management,Texas Tech University (State),"Lubbock, Texas","starting at $22,000 per year",after 9/1/2025,05/30/2025,Graduate Opportunities,,,,,,,True,0.85,Graduate Assistantship,Wildlife,,,,,,,,2025-07-11T10:29:13.350435,2025-07-11T10:29:13.350435,Wildlife,,rule,22000.0,0.95,23157.894736842107,source_data,True,Texas,US,Southwest,4194456373567228250,,,,,,,,,,"{""min_salary"": null, ""max_salary"": null, ""salary_text"": """"}","{""full_location"": ""Lubbock, Texas"", ""city"": ""Lubbock"", ""state"": null, ""cleaned_location"": ""Lubbock, Texas""}"
Ph.D. or M.Sc.- Graduate Assistantship in American Black Duck Movement Ecology,University of Rhode Island (State),"University of Rhode Island (Kingston, Rhode Island)","up to $43,000 per year",after 1/1/2026,05/30/2025,Graduate Opportunities,,,,,,,True,0.85,Graduate Assistantship,Wildlife,,,,,,,,2025-07-11T10:29:13.350435,2025-07-11T10:29:13.350435,Wildlife,,rule,43000.0,1.1,39090.90909090909,source_data,True,Rhode Island,US,Northeast,4769832294842010285,,,,,,,,,,"{""min_salary"": null, ""max_salary"": null, ""salary_text"": """"}","{""full_location"": ""University of Rhode Island (Kingston, Rhode Island)"", ""city"": ""University of Rhode Island"", ""state"": null, ""cleaned_location"": ""University of Rhode Island""}"
PhD Research Assistantship,Texas Tech University (State),"Lubbock, Texas",,after 9/1/2025,05/30/2025,"[""Graduate Opportunities""]",https://jobs.rwfm.tamu.edu/view/106867/,"PhD Research Assistantship - Feral Swine Ecology and Management
Texas Tech University (State)
Application Deadline:
08/15/2025
Published:
05/30/2025
Starting Date:
after 9/1/2025
Hours per Week:
at least 40
Salary:
starting at $22,000 per year
Education Required:
Masters
Experience Required:
none
Location:
Lubbock, Texas
Tags:
Graduate Opportunities
6 weeks ago
Open in New Window",,,,08/15/2025,True,0.85,Graduate Assistantship,Wildlife,,,,,2025-07-13T14:46:01.530547+00:00,,4.0-targeted,2025-07-13T14:47:11.244941+00:00,,Wildlife,,rule,,,,,True,Texas,US,,,106867,"starting at $22,000 per year",at least 40,Masters,none,,,2026-02-19T18:06:18.298934+00:00,GraduatePositionDetector,,
MS - Assistantship - Wetland Habitat Dynamics in the Chihuahuan Desert - Graduate Research Assistant II,Sul Ross State University (State),"Alpine, Texas","$1,500 per month",after 8/15/2025,05/29/2025,Graduate Opportunities,,,,,,,True,0.85,Graduate Assistantship,Forestry and Habitat,,,,,,,,2025-07-11T10:29:13.350435,2025-07-11T10:29:13.350435,Forestry and Habitat,,rule,18000.0,0.95,18947.368421052633,source_data,True,Texas,US,Southwest,5813349693834302374,,,,,,,,,,"{""min_salary"": null, ""max_salary"": null, ""salary_text"": """"}","{""full_location"": ""Alpine, Texas"", ""city"": ""Alpine"", ""state"": null, ""cleaned_location"": ""Alpine, Texas""}"
MS,Sul Ross State University (State),"Alpine, Texas",,after 8/15/2025,05/29/2025,"[""Graduate Opportunities""]",https://jobs.rwfm.tamu.edu/view/106855/,"MS - Assistantship - Wetland Habitat Dynamics in the Chihuahuan Desert - Graduate Research Assistant II
Sul Ross State University (State)
Application Deadline:
08/01/2025
Published:
05/29/2025
Starting Date:
after 8/15/2025
Ending Date:
after 5/1/2028
Hours per Week:
20
Salary:
$1,500 per month
Education Required:
Bachelors
Experience Required:
none
Location:
Alpine, Texas
Tags:
Graduate Opportunities
6 weeks ago
Open in New Window",,,,08/01/2025,True,0.75,Graduate Assistantship,Forestry and Habitat,,,,,2025-07-13T14:46:01.536892+00:00,,4.0-targeted,2025-07-13T14:47:11.244898+00:00,,Forestry and Habitat,,rule,,,,,True,Texas,US,,,106855,"$1,500 per month",20,Bachelors,none,,,2026-02-19T18:06:18.298934+00:00,GraduatePositionDetector,,
MS opportunity Terminal Wetland Research,Bemidji State University and Nevada Waterfowl Association (Private),"Bemidji State University (Bemidji, Minnesota)","starting at $15,000 per year",after 8/24/2026,05/27/2026,Graduate Opportunities,https://jobs.rwfm.tamu.edu/view-job/?id=116642,"MS opportunity Terminal Wetland Research
Bemidji State University and Nevada Waterfowl Association (Private) | https://nevadawaterfowl.org/
Details
Application Deadline:
06/01/2026
Published:
05/27/2026
Starting Date:
after 8/24/2026
Hours per Week:
at most 40
Salary:
starting at $15,000 per year
Education Required:
Bachelors
Experience Required:
none
Location:
Bemidji State University (Bemidji, Minnesota)
Tags:
Graduate Opportunities
Description
BSU – Graduate Assistantship (MS Student Opportunity)
 MS Graduate Assistantship – Wetland Ecology and Water Management
Bemidji State University – Bemidji, Minnesota
In collaboration with Nevada Waterfowl Association
 A fully funded M.S. graduate assistantship is available for a motivated student interested in wetland ecology, water management, and applied habitat science. The student will be based at Bemidji State University (BSU) and will conduct field-based research in managed wetland systems in the Fallon, Nevada area in collaboration with the Nevada Waterfowl Association. The student will be co-advised by Drs. Brian Hiller (Bemidji State University) and Chris Nicolai (Nevada Waterfowl Association). Anticipated start date is late summer field opportunities 2026, with coursework beginning Fall 2026.
This position is ideal for students with strong field skills who want to expand their analytical and coding skills while working with a unique long-term wood duck dataset.
 Project Overview
This project will focus on understanding how water delivery and management influence wetland habitat conditions in semi-arid, terminal basin systems of western Nevada. Managed wetlands in the Fallon area depend on limited and variable water supplies, and management plans are often developed months in advance of actual water delivery.
The primary objective is to evaluate how variation in water delivery and timing affects wetland hydrology, habitat structure, and resulting conditions for waterfowl and other wetland-dependent species. These analyses will integrate field observations with available management and environmental data, providing an opportunity to evaluate how management actions translate into habitat outcomes under real-world conditions. A second chapter will be developed with the selected student.
This project is intended to contribute to ongoing efforts to improve wetland management and habitat delivery in water-limited systems.
 Data Resources
The student will work with a combination of field-collected and existing datasets including:
·       Field measurements of water levels, vegetation, and habitat conditions within managed wetlands
·       Historical and ongoing datasets associated with wetland management in the Fallon, Nevada area
·       Observational and management-related data provided through collaboration with project partners
 Data availability and structure will vary across sites, providing opportunities to work with applied, management-oriented datasets.
 Student Training and Field Opportunities
Although the primary focus of this project is applied research and data analysis, the selected student will have the opportunity to participate in field work associated with ongoing wetland research and management activities in the western United States.
 Field experiences may include:
·       Duck banding
·       Wetland research development
·       Habitat management activities such as heavy equipment operation
 Because hunting is a central component of North American waterfowl conservation and management, the student will also be expected to actively participate in or observe waterfowl hunting activities during their graduate program. Students who already hunt are encouraged to participate in hunting opportunities, while students without hunting experience will be expected to engage in mentored hunting or assist during hunting activities in order to gain a deeper understanding of:
·       Hunter culture and traditions
·       Hunting methods and equipment
·       Hunter decision-making and behavior
·       The role of hunters in wildlife conservation and management
 The goal is for the student to develop firsthand experience with the hunting community that supports and funds waterfowl conservation.
 Funding
This is a 2-year appointment for academic years 2026/2027 and 2027/2028.  Includes $9500 USD per academic year stipend ($19,000 for the two years) and a tuition waiver for 15 graduate credits per academic year (30 credits for 2 years = $14,848.50 tuition waiver value).  The total GA award is equal to $33,848.50 USD for the 2-year appointment.
 Ideal Candidate
We are seeking a student who:
·       Is interested in wildlife biology and waterfowl ecology
·       Enjoys working in field environments and gaining hands-on research experience
·       Is excited to initiate a new field project
·       Prior experience with R is not required. Applicants with strong field experience, curiosity about ecological questions, and a willingness to learn about habitat management are strongly encouraged to apply.
 Application Information
Interested applicants should submit a single PDF containing to both Drs. Hiller and Nicolai by May 31, 2026:
·       One-page cover letter
·       Curriculum vitae (CV)
·       Contact information for three references
 Applicants are encouraged to contact either advisor with questions or to apply.
 Dr. Brian Hiller - brian.hiller@bemidjistate.edu
Bemidji State University
 Dr. Chris Nicolai – cnicolai@nevadawaterfowl.org
Nevada Waterfowl Association
Contact
Chris Nicolai
7019894888
cnicolai@nevadawaterfowl.org (preferred contact method)","Hours per Week:
at most 40
Salary:
starting at $15,000 per year
Education Required:
Bachelors
Experience Required:
none","MS opportunity Terminal Wetland Research
Bemidji State University and Nevada Waterfowl Association (Private) | https://nevadawaterfowl. The student will be based at Bemidji State University (BSU) and will conduct field-based research in managed wetland systems in the Fallon, Nevada area in collaboration with the Nevada Waterfowl Association. Student Training and Field Opportunities
Although the primary focus of this project is applied research and data analysis, the selected student will have the opportunity to participate in field work associated with ongoing wetland research and management activities in the western United States",,"06/01/2026
Published:
05/27/2026
Starting Date:
after 8/24/2026
Hours per Week:
at most 40
Salary:
starting at $15,000 per year
Education Required:
Bachelors
Experience Required:
none
Location:
Bemidji State University (Bemidji, Minnesota)
Tags:
Graduate Opportunities
Description
BSU – Graduate Assistantship (MS Student Opportunity)
 MS Graduate Assistantship – Wetland Ecology and Water Management
Bemidji State University – Bemidji, Minnesota
In collaboration with Nevada Waterfowl Association
 A fully funded M",True,1.0,Graduate Assistantship,Wildlife,0.222,"[""wildlife"", ""wildlife conservation"", ""hunting"", ""waterfowl"", ""behavior""]",False,,2026-05-31T07:38:30.362300+00:00,scrape_20260531_073757_f71aa8e4,2.0,2026-05-31T07:38:30.362300+00:00,2026-05-31T07:38:30.362300+00:00,Wildlife,Forestry and Habitat,rule,15000.0,1.0,15000.0,analytics_backfill,True,Minnesota,US,,,,,,,,,,,,,
MS Opportunity Wood Duck Demographics,Bemidji State University and Nevada Waterfowl Association (Private),"Bemidji State University (Bemidji, Minnesota)","starting at $15,000 per year",after 8/24/2026,05/27/2026,Graduate Opportunities,https://jobs.rwfm.tamu.edu/view-job/?id=116641,"MS Opportunity Wood Duck Demographics
Bemidji State University and Nevada Waterfowl Association (Private) | https://nevadawaterfowl.org/
Details
Application Deadline:
06/01/2026
Published:
05/27/2026
Starting Date:
after 8/24/2026
Hours per Week:
at most 40
Salary:
starting at $15,000 per year
Education Required:
Bachelors
Experience Required:
none
Location:
Bemidji State University (Bemidji, Minnesota)
Tags:
Graduate Opportunities
Description
BSU – Graduate Assistantship (MS Student Opportunity)
 MS Graduate Assistantship – Wood Duck Demography and Movement Ecology
Bemidji State University – Bemidji, Minnesota
In collaboration with Nevada Waterfowl Association
 A fully funded M.S. graduate assistantship is available for a motivated student interested in wildlife biology, quantitative ecology, and waterfowl research. The student will be based at Bemidji State University (BSU) and will analyze an exceptional long-term dataset on wood ducks (WODU) collected in collaboration with the Nevada Waterfowl Association.  The student will be co-advised by Drs. Brian Hiller (Bemidji State University) and Chris Nicolai (Nevada Waterfowl Association).  Anticipated start date is late summer field opportunities 2026, with coursework beginning Fall 2026.
 This position is ideal for students with strong field skills who want to expand their analytical and coding skills while working with a unique long-term wood duck dataset.
 Project Overview
This project will analyze 19 years of demographic data derived from year-round encounters of marked wood ducks. The study population includes >10,000 individually marked birds that were both banded and fitted with uniquely marked tarsal bands, allowing both traditional band recoveries and high-quality re-encounter histories.
The primary objective is to assess temporary and permanent emigration associated with breeding habitat loss during a severe 3-year drought period. These analyses will integrate multiple encounter types across seasons and life stages, providing an exceptional opportunity to evaluate demographic responses to environmental change.  These results could help inform restoration ecology and decisions on how to maintain breeding habitat across years.  A second chapter will be developed with the selected student.
This long-term dataset has already contributed to other theses, a dissertation, and publications focused on waterfowl demography, movement ecology, and population responses to environmental stressors.
 Data Resources
The student will work with several unique long-term datasets including:
·       19 years of data based on >10,000 individually marked wood ducks with banding, nest capture, resight, recapture, and recovery encounter histories
·       Intensive annual monitoring of ~420 nesting boxes, generating detailed marked hen nesting histories
·       Year-round encounter data from non-nest-box banding, resighting, and recapture efforts
·       Repeated morphological measurements of individuals throughout their lifetimes, with some birds measured 30+ times
 Student Training and Field Opportunities
Although the primary focus of this project is quantitative analysis, the selected student will have the opportunity to participate in field work associated with ongoing research projects in the western United States.
 Field experiences may include:
·       Duck banding
·       Wetland research development
·       Habitat management activities such as heavy equipment operation
 Because hunting is a central component of North American waterfowl conservation and management, the student will also be expected to actively participate in or observe waterfowl hunting activities during their graduate program. Students who already hunt are encouraged to participate in hunting opportunities, while students without hunting experience will be expected to engage in mentored hunting or assist during hunting activities in order to gain a deeper understanding of:
·       Hunter culture and traditions
·       Hunting methods and equipment
·       Hunter decision-making and behavior
·       The role of hunters in wildlife conservation and management
 The goal is for the student to develop firsthand experience with the hunting community that supports and funds waterfowl conservation.
 Funding
            This is a 2-year appointment for academic years 2026/2027 and 2027/2028.  Includes $9500 USD per academic year stipend ($19,000 for the two years) and a tuition waiver for 15 graduate credits per academic year (30 credits for 2 years = $14,848.50 tuition waiver value).  The total GA award is equal to $33,848.50 USD for the 2-year appointment.
 Ideal Candidate
We are seeking a student who:
·       Is interested in wildlife biology and waterfowl ecology
·       Enjoys working in field environments and gaining hands-on research experience
·       Is motivated to work with large long-term datasets
·       Is excited to develop quantitative and coding skills during graduate training
·       Prior experience with R or capture–recapture modeling is not required. Applicants with strong field experience, curiosity about ecological questions, and a willingness to learn quantitative tools are strongly encouraged to apply.
 Application Information
Interested applicants should submit a single PDF containing to both Drs. Hiller and Nicolai by May 31, 2026:
·       One-page cover letter
·       Curriculum vitae (CV)
·       Contact information for three references
 Applicants are encouraged to contact either advisor with questions or to apply.
 Dr. Brian Hiller - brian.hiller@bemidjistate.edu
Bemidji State University
 Dr. Chris Nicolai – cnicolai@nevadawaterfowl.org
Nevada Waterfowl Association
Contact
Chris Nicolai
cnicolai@nevadawaterfowl.org (preferred contact method)","Hours per Week:
at most 40
Salary:
starting at $15,000 per year
Education Required:
Bachelors
Experience Required:
none","graduate assistantship is available for a motivated student interested in wildlife biology, quantitative ecology, and waterfowl research. Data Resources
The student will work with several unique long-term datasets including:
·       19 years of data based on >10,000 individually marked wood ducks with banding, nest capture, resight, recapture, and recovery encounter histories
·       Intensive annual monitoring of ~420 nesting boxes, generating detailed marked hen nesting histories
·       Year-round encounter data from non-nest-box banding, resighting, and recapture efforts
·       Repeated morphological measurements of individuals throughout their lifetimes, with some birds measured 30+ times
 Student Training and Field Opportunities
Although the primary focus of this project is quantitative analysis, the selected student will have the opportunity to participate in field work associated with ongoing research projects in the western United States. Field experiences may include:
·       Duck banding
·       Wetland research development
·       Habitat management activities such as heavy equipment operation
 Because hunting is a central component of North American waterfowl conservation and management, the student will also be expected to actively participate in or observe waterfowl hunting activities during their graduate program",,"06/01/2026
Published:
05/27/2026
Starting Date:
after 8/24/2026
Hours per Week:
at most 40
Salary:
starting at $15,000 per year
Education Required:
Bachelors
Experience Required:
none
Location:
Bemidji State University (Bemidji, Minnesota)
Tags:
Graduate Opportunities
Description
BSU – Graduate Assistantship (MS Student Opportunity)
 MS Graduate Assistantship – Wood Duck Demography and Movement Ecology
Bemidji State University – Bemidji, Minnesota
In collaboration with Nevada Waterfowl Association
 A fully funded M",True,1.0,Graduate Assistantship,Wildlife,0.306,"[""wildlife"", ""wildlife conservation"", ""hunting"", ""waterfowl"", ""bird""]",False,,2026-05-31T07:38:30.469454+00:00,scrape_20260531_073757_f71aa8e4,2.0,2026-05-31T07:38:30.469454+00:00,2026-05-31T07:38:30.469454+00:00,Wildlife,Forestry and Habitat,rule,15000.0,1.0,15000.0,analytics_backfill,True,Minnesota,US,,,,,,,,,,,,,
M.S. or Ph.D. Graduate Research Assistantship – Range Management / Grazing Ecology,Kansas State University (State),"MANHATTAN, Kansas",Commensurate / Negotiable,after 8/17/2026,05/15/2026,Graduate Opportunities,https://jobs.rwfm.tamu.edu/view-job/?id=116409,"M.S. or Ph.D. Graduate Research Assistantship – Range Management / Grazing Ecology
Kansas State University (State) | https://www.agronomy.k-state.edu/about/people/faculty/tobin-colin/
Details
Application Deadline:
12/31/2026
Published:
05/15/2026
Starting Date:
after 8/17/2026
Hours per Week:
at least 20
Salary:
Commensurate / Negotiable
Education Required:
Bachelors
Experience Required:
at least 2 years
Location:
MANHATTAN, Kansas
Tags:
Graduate Opportunities
Description
We are seeking a highly motivated M.S. or Ph.D. student to begin Fall 2026 Spring 2027. The position will be housed within the Department of Agronomy under the direction of Dr. Colin Tobin. 
 Research in the program focuses on applied rangeland ecology and livestock grazing systems across the Great Plains. Current and developing projects include:
Livestock foraging behavior and grazing distribution
Targeted grazing for invasive species management
Precision livestock technologies (GPS collars, virtual fencing, remote sensing)
Fire–grazing interactions in grassland ecosystems
Integrated livestock and wildlife interactions on working landscapes
The successful candidate will be expected to develop an independent research project while contributing to collaborative field research. Opportunities exist for interdisciplinary collaboration in range science, animal science, soil science, ecology, precision agriculture, and data analytics. 

Qualifications:
Preferred applicants should possess: 1) B.S. (for M.S. applicants) or M.S. (for Ph.D. applicants) in range science, animal science, natural resources, ecology, agronomy, wildlife biology, or a related discipline, 2) written and oral communication skills, 3) interest in field-based research and quantitative data analysis, 4) experience with livestock systems, GIS, drone technology, or statistical software is beneficial but not required, 5) ability to work independently and as part of a research team, and 6) work in adverse field conditions and traverse rugged terrain.
  Assistantship Details:
The assistantship includes a competitive stipend. Start date is negotiable but prefer June 2026, August 2026, or Jan 2027.

Kansas State University is located in Manhattan, Kansas, within the Flint Hills region, home to the largest remaining tallgrass prairie ecosystem in North America and extensive opportunities for applied rangeland research.

To Apply:
Application packet must consist of 1) cover letter stating interests and career goals, 2) a CV, 3) copy of unofficial academic transcripts, and 4) names and contact information for three professional references.
Send the application as 1 PDF file via e-mail with a subject line of ‘Tallgrass prairie GRA opportunity at KSU’ to:

Dr. Colin Tobin
Assistant Professor, Range Management
Department of Agronomy
Kansas State University
Email: cttobin@ksu.edu

  Contact
Colin Tobin
cttobin@ksu.edu (preferred contact method)","Qualifications:
Preferred applicants should possess: 1) B.S. (for M.S. applicants) or M.S. (for Ph.D. applicants) in range science, animal science, natural resources, ecology, agronomy, wildlife biology, or a related discipline, 2) written and oral communication skills, 3) interest in field-based research and quantitative data analysis, 4) experience with livestock systems, GIS, drone technology, or statistical software is beneficial but not required, 5) ability to work independently and as part of a research team, and 6) work in adverse field conditions and traverse rugged terrain.","Graduate Research Assistantship – Range Management / Grazing Ecology
Kansas State University (State) | https://www. Research in the program focuses on applied rangeland ecology and livestock grazing systems across the Great Plains. Current and developing projects include:
Livestock foraging behavior and grazing distribution
Targeted grazing for invasive species management
Precision livestock technologies (GPS collars, virtual fencing, remote sensing)
Fire–grazing interactions in grassland ecosystems
Integrated livestock and wildlife interactions on working landscapes
The successful candidate will be expected to develop an independent research project while contributing to collaborative field research",,"12/31/2026
Published:
05/15/2026
Starting Date:
after 8/17/2026
Hours per Week:
at least 20
Salary:
Commensurate / Negotiable
Education Required:
Bachelors
Experience Required:
at least 2 years
Location:
MANHATTAN, Kansas
Tags:
Graduate Opportunities
Description
We are seeking a highly motivated M",True,0.85,Graduate Assistantship,Environmental Sciences,0.0,[],False,,2026-05-17T06:39:15.996250+00:00,scrape_20260517_063850_12af6dc0,2.0,2026-05-17T06:39:15.996250+00:00,2026-05-17T06:39:15.996250+00:00,Environmental Sciences,Agriculture,rule,,,,,True,Kansas,US,,,,,,,,,,,,,
MS Research Assistantship,University of Montana (State),"University of Montana (Missoula, Montana)","$2,400 to $2,600 per month",after 1/1/2027,05/15/2026,Graduate Opportunities,https://jobs.rwfm.tamu.edu/view-job/?id=116454,"MS Research Assistantship
University of Montana (State)
Details
Posting:
https://www.umt.edu/people/Kanno9467
Application Deadline:
06/15/2026
Published:
05/15/2026
Starting Date:
after 1/1/2027
Hours per Week:
35 - 40
Salary:
$2,400 to $2,600 per month
Education Required:
Bachelors
Experience Required:
at least 2 years
Location:
University of Montana (Missoula, Montana)
Tags:
Graduate Opportunities
Description
Graduate Research Assistantship (MS Student) - Aquatic resources monitoring in National Forests in the southeastern USA

Overview: The MS student will investigate how at-risk aquatic populations and communities (brook trout and non-game fishes) respond to local habitat and connectivity restoration actions in several National Forests in the southeastern USA (Georgia, North Carolina, Tennessee). The MS student will join a US Forest Service team in conducting fieldwork and lead statistical analysis and synthesis of fish population and genetic data to inform monitoring and adaptive management strategies in the southeastern National Forests. The MS student may contribute to public outreach effort in partnership with Freshwaters Illustrated. The position is supported mainly by research assistantships, supplemented by teaching assistantships. Pending additional funding and satisfactory progress, the MS student will have an opportunity to transition to a PhD program at the University of Montana.  
 Location: The graduate student will be enrolled in the Wildlife Biology Program at the University of Montana and will be expected to live in Missoula, MT. Fieldwork will occur in the southeastern USA.
 Salary: $2,400-2,600 monthly, plus tuition, fee, health insurance.
 Qualifications: (1) Quantitative skills and familiarity with software such as R, JAGS, STAN, (2) Experience with analysis of genetic/genomic data, (3) Strong communication skills both in writing and orally, (4) Proficiency with GIS, and (5) Experience with conducting fieldwork in the southern Appalachian Mountains streams preferred.
 Start Semester: Spring 2027 (preferred)
 Application Deadline: 06/15/2026

How to Apply: Please email (1) cover letter summarizing your background, alignment with the project and career goals (1-2 pages), (2) CV including contact information for three references, and (3) unofficial transcripts to yoichiro.kanno@umontana.edu. 
 Contact: Dr. Yoichiro Kanno
                Associate Professor, Siebel-Lewis Endowed Chair in Fisheries Science
                Wildlife Biology Program
                University of Montana, Missoula, MT 59812
Contact
Yoichiro Kanno
yoichiro.kanno@umontana.edu (preferred contact method)","Qualifications: (1) Quantitative skills and familiarity with software such as R, JAGS, STAN, (2) Experience with analysis of genetic/genomic data, (3) Strong communication skills both in writing and orally, (4) Proficiency with GIS, and (5) Experience with conducting fieldwork in the southern Appalachian Mountains streams preferred.","MS Research Assistantship
University of Montana (State)
Details
Posting:
https://www. edu/people/Kanno9467
Application Deadline:
06/15/2026
Published:
05/15/2026
Starting Date:
after 1/1/2027
Hours per Week:
35 - 40
Salary:
$2,400 to $2,600 per month
Education Required:
Bachelors
Experience Required:
at least 2 years
Location:
University of Montana (Missoula, Montana)
Tags:
Graduate Opportunities
Description
Graduate Research Assistantship (MS Student) - Aquatic resources monitoring in National Forests in the southeastern USA

Overview: The MS student will investigate how at-risk aquatic populations and communities (brook trout and non-game fishes) respond to local habitat and connectivity restoration actions in several National Forests in the southeastern USA (Georgia, North Carolina, Tennessee). The position is supported mainly by research assistantships, supplemented by teaching assistantships",,"06/15/2026
Published:
05/15/2026
Starting Date:
after 1/1/2027
Hours per Week:
35 - 40
Salary:
$2,400 to $2,600 per month
Education Required:
Bachelors
Experience Required:
at least 2 years
Location:
University of Montana (Missoula, Montana)
Tags:
Graduate Opportunities
Description
Graduate Research Assistantship (MS Student) - Aquatic resources monitoring in National Forests in the southeastern USA

Overview: The MS student will investigate how at-risk aquatic populations and communities (brook trout and non-game fishes) respond to local habitat and connectivity restoration actions in several National Forests in the southeastern USA (Georgia, North Carolina, Tennessee)",True,0.85,Graduate Assistantship,Fisheries and Aquatic,0.27,"[""fish"", ""fisheries"", ""aquatic"", ""freshwater"", ""stream""]",False,,2026-05-17T06:39:16.075361+00:00,scrape_20260517_063850_12af6dc0,2.0,2026-05-17T06:39:16.075361+00:00,2026-05-17T06:39:16.075361+00:00,Fisheries and Aquatic,Forestry and Habitat,rule,28800.0,0.9,32000.0,analytics_backfill,True,Montana,US,,,,,,,,,,,,,
Funded MS Assistantship - Population Status and Habitat Assessment of Southwestern Willow Flycatcher and Western Yellow-billed Cuckoo in the Trans-Pecos Region of Texas,Borderlands Research Institute – Sul Ross State University (State),"Alpine, Texas","$18,000 per year",between 8/1/2026 and 9/1/2026,05/15/2026,Graduate Opportunities,https://jobs.rwfm.tamu.edu/view-job/?id=116404,"Funded MS Assistantship - Population Status and Habitat Assessment of Southwestern Willow Flycatcher and Western Yellow-billed Cuckoo in the Trans-Pecos Region of Texas
Borderlands Research Institute – Sul Ross State University (State) | https://bri.sulross.edu/
Details
Posting:
https://sulross.peopleadmin.com/postings/9028
Application Deadline:
06/19/2026
Published:
05/15/2026
Starting Date:
between 8/1/2026 and 9/1/2026
Hours per Week:
20
Salary:
$18,000 per year
Education Required:
Bachelors
Experience Required:
none
Location:
Alpine, Texas
Tags:
Graduate Opportunities
Description
Borderlands Research Institute – Sul Ross State University

Location: Alpine, Texas
Start Date: Fall semester 2026
Application Deadline: Open until two candidates have been identified
Stipend: $18,000 plus fringe annually

Borderlands Research Institute at Sul Ross State University is seeking two motivated master’s students (thesis) to conduct a region-wide survey of the Southwestern Willow Flycatcher and wester Yellow-billed Cuckoo in the Trans-Pecos Region of Texas (TPRT) using Autonomous Recording Units (ARU). The positions include participating in the sampling design, conducting all fieldwork, performing statistical analysis, and writing a thesis within 2.5 years of starting. Fieldwork includes driving to remote, public and private properties in the TPRT during Spring and Summer, setting ARU units, performing point-count surveys, and vegetation assessments.

Research Objectives
1. Document the current breeding distribution and presence of both species.
2. Estimate occupancy probability and relative abundance of each species.
3. Evaluate spatial patterns of species occurrence across the TPRT
4. Identify habitat characteristics and land attributes

Qualifications
• B.S. in Wildlife Science, Natural Resources, Environmental Science, Ecology, or related field
• Demonstrated experience and/or interest in Avian Ecology
• Field experience performing point-count bird surveys preferred
• Demonstrated experience and/or interest in quantitative analysis preferred
• Strong written and verbal communication skills
• Ability to work independently and collaboratively with team members and landowners
• Valid driver’s license
• Good physical and mental endurance to work under harsh conditions in the outdoors
• Positive attitude

Additional Information
Sul Ross State provides students with the education they need to translate their passions into a fulfilling career. This life-changing experience has a multi-generational impact, transforming the lives of our students, their families and positively impacting the communities in which they reside. We value learning and strive to provide high quality education in a welcoming, supportive environment. We take pride in serving many first-generation college students as well as non-traditional students, international students, student-athletes and graduate students.
From teaching, coaching and law enforcement, to science, ranch management and the Fine Arts, SRSU offers more than 60 undergraduate and graduate degree programs. Known as the Frontier University of Texas, Sul Ross encourages each student to explore their own frontiers and to exceed their educational, personal and professional goals.
For more information about the university, visit www.sulross.edu. Information about Borderlands Research Institute can be found at: https://bri.sulross.edu/.

To Apply
Submit the following to: https://sulross.peopleadmin.com/postings/9028 and please make sure to indicate ‘Conservation Biology’ program for the area of focus.

Required Documents
1. Resume
2. Letter of Intent
3. Transcripts
4. Letter of Recommendation (1)
5. Letter of Recommendation (2)
6. Graduate Record Examination (GRE) Scores

For questions, contact Dr. Alejandro Chávez Treviño at alejandro.chaveztrevino@sulross.edu

Contact
Alejandro Chávez Treviño
alejandro.chaveztrevino@sulross.edu (preferred contact method)","Borderlands Research Institute – Sul Ross State University

Location: Alpine, Texas
Start Date: Fall semester 2026
Application Deadline: Open until two candidates have been identified
Stipend: $18,000 plus fringe annually

Borderlands Research Institute at Sul Ross State University is seeking two motivated master’s students (thesis) to conduct a region-wide survey of the Southwestern Willow Flycatcher and wester Yellow-billed Cuckoo in the Trans-Pecos Region of Texas (TPRT) using Autonomous Recording Units (ARU). The positions include participating in the sampling design, conducting all fieldwork, performing statistical analysis, and writing a thesis within 2.5 years of starting. Fieldwork includes driving to remote, public and private properties in the TPRT during Spring and Summer, setting ARU units, performing point-count surveys, and vegetation assessments.

Research Objectives
1. Document the current breeding distribution and presence of both species.
2. Estimate occupancy probability and relative abundance of each species.
3. Evaluate spatial patterns of species occurrence across the TPRT
4. Identify habitat characteristics and land attributes

Qualifications
• B.S. in Wildlife Science, Natural Resources, Environmental Science, Ecology, or related field
• Demonstrated experience and/or interest in Avian Ecology
• Field experience performing point-count bird surveys preferred
• Demonstrated experience and/or interest in quantitative analysis preferred
• Strong written and verbal communication skills
• Ability to work independently and collaboratively with team members and landowners
• Valid driver’s license
• Good physical and mental endurance to work under harsh conditions in the outdoors
• Positive attitude

Additional Information
Sul Ross State provides students with the education they need to translate their passions into a fulfilling career. This life-changing experience has a multi-generational impact, transforming the lives of our students, their families and positively impacting the communities in which they reside. We value learning and strive to provide high quality education in a welcoming, supportive environment. We take pride in serving many first-generation college students as well as non-traditional students, international students, student-athletes and graduate students.
From teaching, coaching and law enforcement, to science, ranch management and the Fine Arts, SRSU offers more than 60 undergraduate and graduate degree programs. Known as the Frontier University of Texas, Sul Ross encourages each student to explore their own frontiers and to exceed their educational, personal and professional goals.
For more information about the university, visit www.sulross.edu. Information about Borderlands Research Institute can be found at: https://bri.sulross.edu/.

To Apply
Submit the following to: https://sulross.peopleadmin.com/postings/9028 and please make sure to indicate ‘Conservation Biology’ program for the area of focus.

Required Documents
1. Resume
2. Letter of Intent
3. Transcripts
4. Letter of Recommendation (1)
5. Letter of Recommendation (2)
6. Graduate Record Examination (GRE) Scores

For questions, contact Dr. Alejandro Chávez Treviño at alejandro.chaveztrevino@sulross.edu","Funded MS Assistantship - Population Status and Habitat Assessment of Southwestern Willow Flycatcher and Western Yellow-billed Cuckoo in the Trans-Pecos Region of Texas
Borderlands Research Institute – Sul Ross State University (State) | https://bri. com/postings/9028
Application Deadline:
06/19/2026
Published:
05/15/2026
Starting Date:
between 8/1/2026 and 9/1/2026
Hours per Week:
20
Salary:
$18,000 per year
Education Required:
Bachelors
Experience Required:
none
Location:
Alpine, Texas
Tags:
Graduate Opportunities
Description
Borderlands Research Institute – Sul Ross State University

Location: Alpine, Texas
Start Date: Fall semester 2026
Application Deadline: Open until two candidates have been identified
Stipend: $18,000 plus fringe annually

Borderlands Research Institute at Sul Ross State University is seeking two motivated master’s students (thesis) to conduct a region-wide survey of the Southwestern Willow Flycatcher and wester Yellow-billed Cuckoo in the Trans-Pecos Region of Texas (TPRT) using Autonomous Recording Units (ARU). Research Objectives
1",,"06/19/2026
Published:
05/15/2026
Starting Date:
between 8/1/2026 and 9/1/2026
Hours per Week:
20
Salary:
$18,000 per year
Education Required:
Bachelors
Experience Required:
none
Location:
Alpine, Texas
Tags:
Graduate Opportunities
Description
Borderlands Research Institute – Sul Ross State University

Location: Alpine, Texas
Start Date: Fall semester 2026
Application Deadline: Open until two candidates have been identified
Stipend: $18,000 plus fringe annually

Borderlands Research Institute at Sul Ross State University is seeking two motivated master’s students (thesis) to conduct a region-wide survey of the Southwestern Willow Flycatcher and wester Yellow-billed Cuckoo in the Trans-Pecos Region of Texas (TPRT) using Autonomous Recording Units (ARU)",True,0.85,Graduate Assistantship,Wildlife,0.167,"[""wildlife"", ""bird"", ""avian"", ""habitat"", ""conservation biology""]",False,,2026-05-17T06:39:16.941317+00:00,scrape_20260517_063850_12af6dc0,2.0,2026-05-17T06:39:16.941317+00:00,2026-05-17T06:39:16.941317+00:00,Wildlife,Forestry and Habitat,rule,18000.0,0.95,18947.37,analytics_backfill,True,Texas,US,,,,,,,,,,,,,
Graduate Research Assistant position - Forest Biomass Supply Chain Optimization,University of Maine (State),"Maine (Orono, Maine)","$28,000 to $31,333 per year",after 8/31/2026,05/14/2026,"Graduate Opportunities, Undergraduate Opportunities",https://jobs.rwfm.tamu.edu/view-job/?id=116336,"Graduate Research Assistant position - Forest Biomass Supply Chain Optimization
University of Maine (State) | https://forest.umaine.edu/
Details
Posting:
https://drive.google.com/file/d/1XlHsMGXJqWD7SVt3lIadqfGYfcIESM-4/view?usp=sharing
Application Deadline:
06/30/2026
Published:
05/14/2026
Starting Date:
after 8/31/2026
Hours per Week:
20 - 40
Salary:
$28,000 to $31,333 per year
Education Required:
Bachelors
Experience Required:
none
Location:
Maine (Orono, Maine)
Tags:
Graduate Opportunities
Undergraduate Opportunities
Description
The School of Forest Resources at University of Maine is searching for a funded graduate research assistantship (GRA) at the MSc or PhD level. This position focuses on the optimization of forest biomass supply chains, with an integrated emphasis on economic, ecological, and social sustainability. This position is supported by a USDA National Institute of Food and Agriculture grant aims to assess the opportunities and constraints associated with advanced forest products in the Northeastern United States. The GRA will help conduct economic analyses and ecological modelling efforts, with the goal of generating evidence-based policy recommendations to advance the adoption of innovative technologies and materials derived from woody biomass across the region. The preferred start date is Fall 2026.
Responsibilities: The GRA will be responsible for developing quantitative economic analyses and applying ecological models to assess forest responses to management practices, analyzing long-term inventory plot data and Forest Inventory and Analysis (FIA) data, and communicating research findings to stakeholders, industry partners, and state-level policymakers. The position also involves contributing to peer-reviewed publications and technical reports. The student will work closely with an interdisciplinary team at the University of Maine and various key partners in forestry sector in the Northeast US.
Qualifications: Applicants should hold a B.S. degree in Forestry, Economics, Statistics, or a quantitatively focused Environmental or Social Science discipline, with a background in natural resource management. A high GPA, strong GRE scores, and solid scientific writing and communication skills are essential. Experience with statistical analysis, GIS, and programming is preferred. The ideal candidate will demonstrate proficiency in quantitative analysis, an ability to work independently, a research interest, and a record of scholastic achievement. Women and minorities are strongly encouraged to apply.
Assistantship: This position provides 2 years of funding for MSc and 3 years for PhD candidates, comprising a 20-hour-per-week assistantship with an annual stipend of $28,000 (MS) or 31,333 (PhD). The University of Maine will cover 65% of health insurance costs and 50% dental insurance costs. Additional benefits include office space, operational support (including laptop access and travel funds), and an out-of-state tuition waiver.
About the University of Maine School of Forest Resources: With almost 90% of the state covered by forest, forest resources are central to Maine’s quality of life and economy. The UMaine School of Forest Resources provides essential forestry education and research and is a signature area of the University of Maine. More than 60 graduate students are enrolled in M.F., M.S., and Ph.D. programs within the SFR. The University has over 11,000 students and is the state’s flagship research institution.
To apply: Please submit a cover letter explaining your interest in the position, your qualifications, and how your interests and skills align with this research project, a CV that includes contact information for three references, university transcripts, and GRE scores (if available) via this google form.
For more details, please contact:
Dr. Libin T. Louis
Assistant Professor of Forestry, University of Maine at Fort Kent
Graduate Faculty, University of Maine, Orono Email: Libin.louis@maine.edu 
Application review will begin immediately and continue until the position is filled.
The University of Maine does not discriminate on the grounds of race, color, religion, sex, sexual orientation, including transgender status and gender expression, national origin, citizenship status, age, disability, genetic information or veteran status in employment, education, and all other programs and activities. The following person has been designated to handle inquiries regarding nondiscrimination policies: Director, Office of Equal Opportunity, 101 North Stevens Hall, 207.581.1226.
Contact
Libin T. Louis
libin.louis@maine.edu (preferred contact method)","The School of Forest Resources at University of Maine is searching for a funded graduate research assistantship (GRA) at the MSc or PhD level. This position focuses on the optimization of forest biomass supply chains, with an integrated emphasis on economic, ecological, and social sustainability. This position is supported by a USDA National Institute of Food and Agriculture grant aims to assess the opportunities and constraints associated with advanced forest products in the Northeastern United States. The GRA will help conduct economic analyses and ecological modelling efforts, with the goal of generating evidence-based policy recommendations to advance the adoption of innovative technologies and materials derived from woody biomass across the region. The preferred start date is Fall 2026.
Responsibilities: The GRA will be responsible for developing quantitative economic analyses and applying ecological models to assess forest responses to management practices, analyzing long-term inventory plot data and Forest Inventory and Analysis (FIA) data, and communicating research findings to stakeholders, industry partners, and state-level policymakers. The position also involves contributing to peer-reviewed publications and technical reports. The student will work closely with an interdisciplinary team at the University of Maine and various key partners in forestry sector in the Northeast US.
Qualifications: Applicants should hold a B.S. degree in Forestry, Economics, Statistics, or a quantitatively focused Environmental or Social Science discipline, with a background in natural resource management. A high GPA, strong GRE scores, and solid scientific writing and communication skills are essential. Experience with statistical analysis, GIS, and programming is preferred. The ideal candidate will demonstrate proficiency in quantitative analysis, an ability to work independently, a research interest, and a record of scholastic achievement. Women and minorities are strongly encouraged to apply.
Assistantship: This position provides 2 years of funding for MSc and 3 years for PhD candidates, comprising a 20-hour-per-week assistantship with an annual stipend of $28,000 (MS) or 31,333 (PhD). The University of Maine will cover 65% of health insurance costs and 50% dental insurance costs. Additional benefits include office space, operational support (including laptop access and travel funds), and an out-of-state tuition waiver.
About the University of Maine School of Forest Resources: With almost 90% of the state covered by forest, forest resources are central to Maine’s quality of life and economy. The UMaine School of Forest Resources provides essential forestry education and research and is a signature area of the University of Maine. More than 60 graduate students are enrolled in M.F., M.S., and Ph.D. programs within the SFR. The University has over 11,000 students and is the state’s flagship research institution.
To apply: Please submit a cover letter explaining your interest in the position, your qualifications, and how your interests and skills align with this research project, a CV that includes contact information for three references, university transcripts, and GRE scores (if available) via this google form.
For more details, please contact:
Dr. Libin T. Louis
Assistant Professor of Forestry, University of Maine at Fort Kent
Graduate Faculty, University of Maine, Orono Email: Libin.louis@maine.edu 
Application review will begin immediately and continue until the position is filled.
The University of Maine does not discriminate on the grounds of race, color, religion, sex, sexual orientation, including transgender status and gender expression, national origin, citizenship status, age, disability, genetic information or veteran status in employment, education, and all other programs and activities. The following person has been designated to handle inquiries regarding nondiscrimination policies: Director, Office of Equal Opportunity, 101 North Stevens Hall, 207.581.1226.","Graduate Research Assistant position - Forest Biomass Supply Chain Optimization
University of Maine (State) | https://forest. usp=sharing
Application Deadline:
06/30/2026
Published:
05/14/2026
Starting Date:
after 8/31/2026
Hours per Week:
20 - 40
Salary:
$28,000 to $31,333 per year
Education Required:
Bachelors
Experience Required:
none
Location:
Maine (Orono, Maine)
Tags:
Graduate Opportunities
Undergraduate Opportunities
Description
The School of Forest Resources at University of Maine is searching for a funded graduate research assistantship (GRA) at the MSc or PhD level. Responsibilities: The GRA will be responsible for developing quantitative economic analyses and applying ecological models to assess forest responses to management practices, analyzing long-term inventory plot data and Forest Inventory and Analysis (FIA) data, and communicating research findings to stakeholders, industry partners, and state-level policymakers",,"06/30/2026
Published:
05/14/2026
Starting Date:
after 8/31/2026
Hours per Week:
20 - 40
Salary:
$28,000 to $31,333 per year
Education Required:
Bachelors
Experience Required:
none
Location:
Maine (Orono, Maine)
Tags:
Graduate Opportunities
Undergraduate Opportunities
Description
The School of Forest Resources at University of Maine is searching for a funded graduate research assistantship (GRA) at the MSc or PhD level",True,0.85,Graduate Assistantship,Human Dimensions,0.154,"[""resource management"", ""forestry"", ""agriculture"", ""stakeholder""]",False,,2026-05-17T06:39:16.231261+00:00,scrape_20260517_063850_12af6dc0,2.0,2026-05-17T06:39:16.231261+00:00,2026-05-17T06:39:16.231261+00:00,Human Dimensions,Forestry and Habitat,rule,28000.0,1.0,28000.0,analytics_backfill,True,Maine,US,,,,,,,,,,,,,
PhD position: Quantifying the environmental drivers of productivity and subpopulation demographic structure in Arctic-nesting geese,University of Saskatchewan (Federal),"Saskatoon, Canada","starting at $35,000 per year",after 9/1/2026,05/14/2026,Graduate Opportunities,https://jobs.rwfm.tamu.edu/view-job/?id=116334,"PhD position: Quantifying the environmental drivers of productivity and subpopulation demographic structure in Arctic-nesting geese
University of Saskatchewan (Federal)
Details
Application Deadline:
06/05/2026
Published:
05/14/2026
Starting Date:
after 9/1/2026
Hours per Week:
37 - 38
Salary:
starting at $35,000 per year
Education Required:
Bachelors
Experience Required:
none
Location:
Saskatoon, Canada
Tags:
Graduate Opportunities
Description
A PhD studentship is available with Dr. Mitch Weegman in the Department of Biology at the University of Saskatchewan (https://www.ducks.ca/our-work/science/saskatchewan-endowed-chair/). The student will lead a research project on the population ecology of Greenland white-fronted geese, using 40-year data sets to address long-standing questions about drivers of productivity on breeding areas and subpopulation structure. 
 The Greenland white-fronted goose population has continued to decline, from a peak of 35,000 individuals in 1999 to 13,000 individuals in 2025. Productivity is the proximate mechanism for population change and there is continued uncertainty about the degree to which breeding conditions explain variation in productivity. Further, there are ~45 wintering Greenland white-fronted goose flocks (subpopulations) with hypothesized differential demographic structure contributing to the decline and winter range contraction. This PhD studentship has been developed to encourage discovery with anticipated conservation application. Our project goals are to (1) estimate the environmental drivers on breeding areas of productivity in Greenland white-fronted geese, (2) identify structure in survival and reproductive success among 45 wintering Greenland white-fronted goose flocks, and (3) connect population and individual processes linking demography with individual movement and behaviour. The student will use data from thousands of neck-collared individuals and hundreds of GPS-tagged individuals spanning 40 years. This project is an international partnership among National Parks and Wildlife Service (Ireland), Aarhus University (Denmark) and University of Saskatchewan (Canada). There will be substantial additional opportunities for the student to collaborate on other projects in population and movement ecology.
 Prerequisites: Ideal candidates will have an MSc and undergraduate degree in ecology, statistics or a closely related field, and interpersonal skills to lead discussions among collaborators. Preference will be given to those with a strong quantitative background (e.g., experience with Program R, Bayesian methods) and knowledge of migratory bird ecology and management. Students must have a valid driver’s license. The successful applicant will be expected to publish manuscripts in peer-reviewed journals and present papers at scientific meetings.
 Salary and benefits: $35,000 Canadian per year plus compensation for tuition and fees
 Start date: 1 September 2026 or 1 January 2027
 Last date to apply: 5 June 2026 
 To be considered for this position, please send the following (preferably as a single PDF) to Dr. Mitch Weegman (mitch.weegman@usask.ca):
 (1) Letter of interest summarizing your experience, (2) Curriculum vitae or resume, (3) University transcripts (unofficial are OK), (4) Contact information for three references.
Contact
Mitch Weegman
mitch.weegman@usask.ca (preferred contact method)","A PhD studentship is available with Dr. Mitch Weegman in the Department of Biology at the University of Saskatchewan (https://www.ducks.ca/our-work/science/saskatchewan-endowed-chair/). The student will lead a research project on the population ecology of Greenland white-fronted geese, using 40-year data sets to address long-standing questions about drivers of productivity on breeding areas and subpopulation structure. 
 The Greenland white-fronted goose population has continued to decline, from a peak of 35,000 individuals in 1999 to 13,000 individuals in 2025. Productivity is the proximate mechanism for population change and there is continued uncertainty about the degree to which breeding conditions explain variation in productivity. Further, there are ~45 wintering Greenland white-fronted goose flocks (subpopulations) with hypothesized differential demographic structure contributing to the decline and winter range contraction. This PhD studentship has been developed to encourage discovery with anticipated conservation application. Our project goals are to (1) estimate the environmental drivers on breeding areas of productivity in Greenland white-fronted geese, (2) identify structure in survival and reproductive success among 45 wintering Greenland white-fronted goose flocks, and (3) connect population and individual processes linking demography with individual movement and behaviour. The student will use data from thousands of neck-collared individuals and hundreds of GPS-tagged individuals spanning 40 years. This project is an international partnership among National Parks and Wildlife Service (Ireland), Aarhus University (Denmark) and University of Saskatchewan (Canada). There will be substantial additional opportunities for the student to collaborate on other projects in population and movement ecology.
 Prerequisites: Ideal candidates will have an MSc and undergraduate degree in ecology, statistics or a closely related field, and interpersonal skills to lead discussions among collaborators. Preference will be given to those with a strong quantitative background (e.g., experience with Program R, Bayesian methods) and knowledge of migratory bird ecology and management. Students must have a valid driver’s license. The successful applicant will be expected to publish manuscripts in peer-reviewed journals and present papers at scientific meetings.
 Salary and benefits: $35,000 Canadian per year plus compensation for tuition and fees
 Start date: 1 September 2026 or 1 January 2027
 Last date to apply: 5 June 2026 
 To be considered for this position, please send the following (preferably as a single PDF) to Dr. Mitch Weegman (mitch.weegman@usask.ca):
 (1) Letter of interest summarizing your experience, (2) Curriculum vitae or resume, (3) University transcripts (unofficial are OK), (4) Contact information for three references.","The student will lead a research project on the population ecology of Greenland white-fronted geese, using 40-year data sets to address long-standing questions about drivers of productivity on breeding areas and subpopulation structure",,"06/05/2026
Published:
05/14/2026
Starting Date:
after 9/1/2026
Hours per Week:
37 - 38
Salary:
starting at $35,000 per year
Education Required:
Bachelors
Experience Required:
none
Location:
Saskatoon, Canada
Tags:
Graduate Opportunities
Description
A PhD studentship is available with Dr",True,0.85,PhD Position,Wildlife,0.0,[],False,,2026-05-17T06:39:16.306138+00:00,scrape_20260517_063850_12af6dc0,2.0,2026-05-17T06:39:16.306138+00:00,2026-05-17T06:39:16.306138+00:00,Wildlife,,rule,35000.0,1.1,31818.18,analytics_backfill,False,,,,,,,,,,,,,,,
Graduate Position in Movement of Freshwater Invasive Species - Louisiana State University,Louisiana State University (State),"Baton Rouge, Louisiana",Commensurate / Negotiable,before 1/15/2027,05/12/2026,Graduate Opportunities,https://jobs.rwfm.tamu.edu/view-job/?id=116287,"Graduate Position in Movement of Freshwater Invasive Species - Louisiana State University
Louisiana State University (State)
Details
Application Deadline:
06/01/2026
Published:
05/12/2026
Starting Date:
before 1/15/2027
Hours per Week:
at least 40
Salary:
Commensurate / Negotiable
Education Required:
Bachelors
Experience Required:
at least 1 year
Location:
Baton Rouge, Louisiana
Tags:
Graduate Opportunities
Description
Graduate student in the Fisheries and Movement Ecology Lab and Department of Oceanography and Coastal Sciences at Louisiana State University. We are looking for a highly motivated and independent graduate (M.S. and/or PhD) student to begin in Fall 2026 or Spring 2027, working on projects focused on movement of invasive species in the lower Mississippi and Red River basins.

Qualifications

 A B.S. or M.S. (preferred for PhD positions) in biology, wildlife and fisheries, ecology, oceanography, conservation, or related field
 Strong interest in fisheries, aquatic ecology
 Strong preference will be given to individuals with experience with vessel operation, trailering a vessel, fishing, and freshwater sampling techniques such as electrofishing
 Experience with fish tagging is preferred but not required
 Positive attitude and ability to work independently and collaboratively 


Application Instructions

Interested applicants should contact Dr. Michael Dance (mdance1@lsu.edu) and include:

 A brief statement of research interests (1 page)
 CV (including GPA and relevant experience) 
 Unofficial transcripts 
 Contact information for 2–3 references 
Review of applications will begin immediately and continue until the position is filled.

Contact
Michael Dance
mdance1@lsu.edu (preferred contact method)","Graduate student in the Fisheries and Movement Ecology Lab and Department of Oceanography and Coastal Sciences at Louisiana State University. We are looking for a highly motivated and independent graduate (M.S. and/or PhD) student to begin in Fall 2026 or Spring 2027, working on projects focused on movement of invasive species in the lower Mississippi and Red River basins.

Qualifications

 A B.S. or M.S. (preferred for PhD positions) in biology, wildlife and fisheries, ecology, oceanography, conservation, or related field
 Strong interest in fisheries, aquatic ecology
 Strong preference will be given to individuals with experience with vessel operation, trailering a vessel, fishing, and freshwater sampling techniques such as electrofishing
 Experience with fish tagging is preferred but not required
 Positive attitude and ability to work independently and collaboratively 


Application Instructions

Interested applicants should contact Dr. Michael Dance (mdance1@lsu.edu) and include:

 A brief statement of research interests (1 page)
 CV (including GPA and relevant experience) 
 Unofficial transcripts 
 Contact information for 2–3 references 
Review of applications will begin immediately and continue until the position is filled.","edu) and include:

 A brief statement of research interests (1 page)
 CV (including GPA and relevant experience) 
 Unofficial transcripts 
 Contact information for 2–3 references 
Review of applications will begin immediately and continue until the position is filled",,"06/01/2026
Published:
05/12/2026
Starting Date:
before 1/15/2027
Hours per Week:
at least 40
Salary:
Commensurate / Negotiable
Education Required:
Bachelors
Experience Required:
at least 1 year
Location:
Baton Rouge, Louisiana
Tags:
Graduate Opportunities
Description
Graduate student in the Fisheries and Movement Ecology Lab and Department of Oceanography and Coastal Sciences at Louisiana State University",True,0.75,Graduate Position,Fisheries and Aquatic,0.24,"[""fish"", ""fisheries"", ""aquatic"", ""freshwater"", ""river""]",False,,2026-05-17T06:39:16.456980+00:00,scrape_20260517_063850_12af6dc0,2.0,2026-05-17T06:39:16.456980+00:00,2026-05-17T06:39:16.456980+00:00,Fisheries and Aquatic,Wildlife,rule,,,,,True,Louisiana,US,,,,,,,,,,,,,
M.S. Assistantship – Coastal Water Quality,Texas A&M University-Corpus Christi (State),"Corpus Christi, Texas","$1,200 per month",1/19/2027,05/12/2026,Graduate Opportunities,https://jobs.rwfm.tamu.edu/view-job/?id=116158,"M.S. Assistantship – Coastal Water Quality
Texas A&M University-Corpus Christi (State)
Details
Application Deadline:
10/01/2026
Published:
05/12/2026
Starting Date:
1/19/2027
Hours per Week:
20
Salary:
$1,200 per month
Education Required:
Bachelors
Experience Required:
none
Location:
Corpus Christi, Texas
Tags:
Graduate Opportunities
Description
Job Title
M.S. Assistantship – Coastal Water Quality
 Agency
Texas A&M University-Corpus Christi
 Department
Harte Research Institute
 Job Location
Corpus Christi, Texas
 Job Description
A Master’s student position is available in the Coastal Water Health Laboratory (https://www.harteresearch.org/research/coastal-water-health), beginning in Spring 2027. The successful applicant will monitor water quality in Redfish Bay, Texas and perform microbial source tracking to identify sources (human, canine, gull) of fecal pollution impacting the bay. The results of this project will be used to guide management recommendations on which pollutant sources should be addressed and prioritized to best improve water quality in the Coastal Bend. The position will be co-advised by Dr. Nicole Powers and Dr. Michael Wetz. Funding will be available to cover one year of a Research Assistantship; additional semesters will be covered by Teaching Assistantships.  
 Key Responsibilities
·      Conduct field-based water quality monitoring in Redfish Bay
·      Perform lab-based microbial source tracking via droplet digital PCR (ddPCR) to identify pollutant sources
·      Analyze bacterial data in the context of environmental variables 
·      Summarize findings in a written Master’s Thesis 
 Qualifications
·      Minimum: Bachelor’s degree within a microbiology, environmental science, marine biology, or closely related field
·      Preferred: Experience in PCR and water quality analysis
 How To Apply
Please email Dr. Nicole Powers (Nicole.Powers@tamucc.edu) with your CV and statement of interest to be considered for the position. 
  Contact
Nicole Powers
nicole.powers@tamucc.edu (preferred contact method)","Hours per Week:
20
Salary:
$1,200 per month
Education Required:
Bachelors
Experience Required:
none","Assistantship – Coastal Water Quality
 Agency
Texas A&M University-Corpus Christi
 Department
Harte Research Institute
 Job Location
Corpus Christi, Texas
 Job Description
A Master’s student position is available in the Coastal Water Health Laboratory (https://www. harteresearch. org/research/coastal-water-health), beginning in Spring 2027",,"10/01/2026
Published:
05/12/2026
Starting Date:
1/19/2027
Hours per Week:
20
Salary:
$1,200 per month
Education Required:
Bachelors
Experience Required:
none
Location:
Corpus Christi, Texas
Tags:
Graduate Opportunities
Description
Job Title
M",True,0.85,Graduate Position,Environmental Sciences,0.15,"[""fish"", ""marine"", ""coastal"", ""water quality""]",False,,2026-05-17T06:39:16.530749+00:00,scrape_20260517_063850_12af6dc0,2.0,2026-05-17T06:39:16.530749+00:00,2026-05-17T06:39:16.530749+00:00,Environmental Sciences,,rule,14400.0,0.95,15157.89,analytics_backfill,True,Texas,US,,,,,,,,,,,,,
PhD Graduate Assistantship,Baylor University (Private),"Baylor University (Waco, Texas)","starting at $33,000 per year",before 8/24/2026,05/07/2026,Graduate Opportunities,https://jobs.rwfm.tamu.edu/view-job/?id=116254,"PhD Graduate Assistantship
Baylor University (Private) | https://environmentalscience.artsandsciences.baylor.edu/
Details
Application Deadline:
05/28/2026
Published:
05/07/2026
Starting Date:
before 8/24/2026
Hours per Week:
40
Salary:
starting at $33,000 per year
Education Required:
Masters
Experience Required:
at least 2 years
Location:
Baylor University (Waco, Texas)
Tags:
Graduate Opportunities
Description
The Global Ecology and Conservation Lab at Baylor University is seeking a highly motivated candidate for a fully funded PhD position beginning in Fall 2026. The selected candidate will develop and lead innovative, interdisciplinary research to address complex socio-ecological challenges at the food-water-climate nexus. The student will work collaboratively with partners to develop equitable solutions to global change of freshwater habitats, biodiversity, and provisioning services using advanced quantitative and remote sensing techniques. The student is encouraged to develop research in an area of high conservation priority. Research topics may include community-based fisheries management, climate adaptation and resilience, coupled human-natural systems, assessment of drivers of change, freshwater refugia, protected areas, and integrated water resource management. In addition to a dissertation, the student will be expected to produce peer-reviewed publications and disseminate research findings to scientific and non-scientific audiences and relevant stakeholders. 
 Qualifications: 
M.S. in fisheries and wildlife, natural resource management, ecology, environmental science, data science or other related fields (GPA > 3.5) 
High proficiency in quantitative ecology, including data management, data visualization, advanced statistical analysis, GIS, and computational modeling in R and/or Python 
Strong scientific writing skills with a track record of peer-reviewed publications 
Demonstrated experience leading community-engaged, actionable scientific research with diverse partners in international and/or community-based settings 
High proficiency in English (TOEFL iBT score > 90, IELTS band score > 7.0) 
 Salary and Benefits: Annual stipend (starting at $33,000) for up to five years; plus tuition, fees, and health insurance. 
 Position Start Date: August 2026 
 Location: Department of Environmental Science, Baylor University (Waco, TX) 
 How to Apply: Interested individuals should send the following documents in a single PDF to Dr. Gretchen Stokes (gretchen_stokes@baylor.edu) with the subject line: “PhD application - [Your Name]”: (1) a one-page cover letter; (2) CV; (3) contact information for three professional references; and (4) a writing sample (e.g., published paper). 
 Application Deadline: Review of applications will begin on May 15, 2026 and will continue until the position is filled.  
Contact
Dr. Gretchen Stokes
gretchen_stokes@baylor.edu (preferred contact method)","Hours per Week:
40
Salary:
starting at $33,000 per year
Education Required:
Masters
Experience Required:
at least 2 years","The selected candidate will develop and lead innovative, interdisciplinary research to address complex socio-ecological challenges at the food-water-climate nexus. The student is encouraged to develop research in an area of high conservation priority. Research topics may include community-based fisheries management, climate adaptation and resilience, coupled human-natural systems, assessment of drivers of change, freshwater refugia, protected areas, and integrated water resource management",,"05/28/2026
Published:
05/07/2026
Starting Date:
before 8/24/2026
Hours per Week:
40
Salary:
starting at $33,000 per year
Education Required:
Masters
Experience Required:
at least 2 years
Location:
Baylor University (Waco, Texas)
Tags:
Graduate Opportunities
Description
The Global Ecology and Conservation Lab at Baylor University is seeking a highly motivated candidate for a fully funded PhD position beginning in Fall 2026",True,0.85,Graduate Assistantship,Fisheries and Aquatic,0.0,[],False,,2026-05-10T06:28:44.018888+00:00,scrape_20260510_062816_69eeef4d,2.0,2026-05-10T06:28:44.018888+00:00,2026-05-10T06:28:44.018888+00:00,Fisheries and Aquatic,Human Dimensions,rule,33000.0,0.95,34736.84,analytics_backfill,True,Texas,US,,,,,,,,,,,,,
Graduate Position in Marine Fish Ecology - Louisiana State University,Louisiana State University (State),"Baton Rouge, Louisiana",Commensurate / Negotiable,between 8/15/2026 and 1/15/2027,05/07/2026,Graduate Opportunities,https://jobs.rwfm.tamu.edu/view-job/?id=116216,"Graduate Position in Marine Fish Ecology - Louisiana State University
Louisiana State University (State)
Details
Application Deadline:
06/01/2026
Published:
05/07/2026
Starting Date:
between 8/15/2026 and 1/15/2027
Hours per Week:
at least 40
Salary:
Commensurate / Negotiable
Education Required:
Bachelors
Experience Required:
at least 1 year
Location:
Baton Rouge, Louisiana
Tags:
Graduate Opportunities
Description
Graduate student(s) in the Fisheries and Movement Ecology Lab and Department of Oceanography and Coastal Sciences at Louisiana State University. We are looking for a highly motivated and independent graduate (M.S. and/or PhD) student to begin in Fall 2026 or Spring 2027, working on projects focused on fish ecology in offshore ecosystems of the Gulf.

Qualifications

 A B.S. or M.S. (preferred for PhD positions) in biology, marine biology/science, wildlife and fisheries, ecology, oceanography, conservation, or related field
 Strong interest in fisheries, marine ecosystems, and ecology
 Strong preference will be given to individuals with experience with vessel operation, fishing, and offshore environments 
 Experience with fish tagging is preferred but not required
 Positive attitude and ability to work independently and collaboratively 


Application Instructions

Interested applicants should contact Dr. Michael Dance (mdance1@lsu.edu) and include:

 A brief statement of research interests (1 page)
 CV (including GPA and relevant experience) 
 Unofficial transcripts 
 Contact information for 2–3 references 
Review of applications will begin immediately and continue until the position is filled.

Contact
Michael Dance
mdance1@lsu.edu (preferred contact method)","Graduate student(s) in the Fisheries and Movement Ecology Lab and Department of Oceanography and Coastal Sciences at Louisiana State University. We are looking for a highly motivated and independent graduate (M.S. and/or PhD) student to begin in Fall 2026 or Spring 2027, working on projects focused on fish ecology in offshore ecosystems of the Gulf.

Qualifications

 A B.S. or M.S. (preferred for PhD positions) in biology, marine biology/science, wildlife and fisheries, ecology, oceanography, conservation, or related field
 Strong interest in fisheries, marine ecosystems, and ecology
 Strong preference will be given to individuals with experience with vessel operation, fishing, and offshore environments 
 Experience with fish tagging is preferred but not required
 Positive attitude and ability to work independently and collaboratively 


Application Instructions

Interested applicants should contact Dr. Michael Dance (mdance1@lsu.edu) and include:

 A brief statement of research interests (1 page)
 CV (including GPA and relevant experience) 
 Unofficial transcripts 
 Contact information for 2–3 references 
Review of applications will begin immediately and continue until the position is filled.","edu) and include:

 A brief statement of research interests (1 page)
 CV (including GPA and relevant experience) 
 Unofficial transcripts 
 Contact information for 2–3 references 
Review of applications will begin immediately and continue until the position is filled",,"06/01/2026
Published:
05/07/2026
Starting Date:
between 8/15/2026 and 1/15/2027
Hours per Week:
at least 40
Salary:
Commensurate / Negotiable
Education Required:
Bachelors
Experience Required:
at least 1 year
Location:
Baton Rouge, Louisiana
Tags:
Graduate Opportunities
Description
Graduate student(s) in the Fisheries and Movement Ecology Lab and Department of Oceanography and Coastal Sciences at Louisiana State University",True,0.75,Graduate Position,Fisheries and Aquatic,0.0,[],False,,2026-05-10T06:28:44.117159+00:00,scrape_20260510_062816_69eeef4d,2.0,2026-05-10T06:28:44.117159+00:00,2026-05-10T06:28:44.117159+00:00,Fisheries and Aquatic,,rule,,,,,True,Louisiana,US,,,,,,,,,,,,,
Biology MS graduate student to study Chuck-will’s-widow in Texas,The University of Texas at Tyler (State),"3900 University Blvd. (Tyler, Texas)","starting at $21,000 per year",between 8/19/2026 and 1/10/2027,05/05/2026,Graduate Opportunities,https://jobs.rwfm.tamu.edu/view-job/?id=116196,"Biology MS graduate student to study Chuck-will’s-widow in Texas
The University of Texas at Tyler (State) | https://www.uttyler.edu/
Details
Application Deadline:
06/10/2026
Published:
05/05/2026
Starting Date:
between 8/19/2026 and 1/10/2027
Hours per Week:
at least 40
Salary:
starting at $21,000 per year
Education Required:
Bachelors
Experience Required:
at least 1 year
Location:
3900 University Blvd. (Tyler, Texas)
Tags:
Graduate Opportunities
Description
Dr. Matthew Greenwold (https://www.greenwoldlab.com/) and Jessica Coleman at the University of Texas at Tyler in collaboration with Dr. Rebecca Bracken at the Gulf Coast Bird Observatory (https://www.gcbo.org/) are seeking two highly motivated graduate students (MS level) to start this Fall 2026 semester or Spring 2027 semester. 

Specifically, we’re recruiting students to work on a comprehensive study of Chuck-will’s-widow in Texas. This will involve monitoring breeding patterns in Texas, migration patterns using satellite transmitters, and occupancy modeling. 

Interested applicants are encouraged to email Dr. Matthew Greenwold (mgreenwold@uttyler.edu) and Jessica Coleman (jcoleman@uttyler.edu) with a brief cover letter, CV, and if available, unofficial transcripts by June 10th. 

We expect to review application material and schedule Zoom meetings during the week of June 15 – 19. 

Support: Graduate Students will be supported by a combination of Research and Teaching Assistantships. Tuition and fees scholarships are available on a competitive basis. Accepted students can expect support for two years. Teaching assistants in our program typically teach two introductory biology or upper division laboratory courses (e.g., ecology or entomology) each semester. 

Qualifications: Bachelor’s degree with at least a GPA of 3.25. A strong preference will be given to candidates with bird banding experience or experience handling wild bird species. 

Start Date: August 2026 (Fall semester) or January 2027 (Spring semester). 

Location: Tyler, TX is located 90 miles east of Dallas in the scenic Piney Woods area of East Texas. Tyler is the cultural center of East Texas, a region with over one million people, and boasts many amenities such as museums, a planetarium, a ballet, a symphony orchestra, and a renowned performing arts center. 

About The University of Texas at Tyler 

The University of Texas at Tyler is part of the prestigious University of Texas System that includes 14 institutions located throughout the state. Founded in 1971, UT Tyler today enrolls 11,000+ students and consists of six colleges. 

Designated as an R2 research institution by the Carnegie Classification of Institutions of Higher Education, UT Tyler supports our surrounding region through innovation intended to uplift communities, spearhead sustainability initiatives, preserve ecosystems and support entrepreneurship. UT Tyler has the highest Carnegie classification in East Texas. 

Our beautiful Tyler campus features more than 200 acres nestled along a lake and surrounded by thick pine and oak forests, providing a picturesque location for study and recreation. We also offer instructional sites at The University of Texas Health Science Center at Tyler and in Palestine, Longview, and Houston. 

With more than 80 bachelor's, master's and doctoral degree programs offered, UT Tyler provides a wealth of learning opportunities and dynamic programs. 

For more information, please visit https://www.uttyler.edu/about/ 

About The Department of Biology 

The Department of Biology offers a stimulating intellectual environment and has an excellent reputation in research and teaching. The Department consists of 11 tenured and tenure-track faculty members and five lecturers, and offers bachelor’s as well as master’s degrees in Biology. Research in the Department is in diverse sub-disciplines, including genomics, population genetics, evolution, ecology, neurobiology, microbiology, and molecular biology. For additional information, please visit www.uttyler.edu/biology 

Contact
Matthew Greenwold
903-566-6303
mgreenwold@uttyler.edu (preferred contact method)",Qualifications: Bachelor’s degree with at least a GPA of 3.25. A strong preference will be given to candidates with bird banding experience or experience handling wild bird species.,"Support: Graduate Students will be supported by a combination of Research and Teaching Assistantships. Designated as an R2 research institution by the Carnegie Classification of Institutions of Higher Education, UT Tyler supports our surrounding region through innovation intended to uplift communities, spearhead sustainability initiatives, preserve ecosystems and support entrepreneurship. edu/about/ 

About The Department of Biology 

The Department of Biology offers a stimulating intellectual environment and has an excellent reputation in research and teaching",,"06/10/2026
Published:
05/05/2026
Starting Date:
between 8/19/2026 and 1/10/2027
Hours per Week:
at least 40
Salary:
starting at $21,000 per year
Education Required:
Bachelors
Experience Required:
at least 1 year
Location:
3900 University Blvd",True,0.8,Graduate Assistantship,Wildlife,0.0,[],False,,2026-05-10T06:28:44.219615+00:00,scrape_20260510_062816_69eeef4d,2.0,2026-05-10T06:28:44.219615+00:00,2026-05-10T06:28:44.219615+00:00,Wildlife,Environmental Sciences,rule,21000.0,0.95,22105.26,analytics_backfill,True,Texas,US,,,,,,,,,,,,,
PhD Graduate Research Assistantship: Virtual Fence – Range Cattle,University of Idaho (State),"Salmon, Idaho","starting at $31,000 per year",between 5/30/2025 and 8/18/2025,05/05/2025,"[""Graduate Opportunities""]",https://jobs.rwfm.tamu.edu/view/106295/,"PhD Graduate Research Assistantship: Virtual Fence – Range Cattle
University of Idaho (State)
Application Deadline:
08/18/2025
Published:
05/05/2025
Starting Date:
between 5/30/2025 and 8/18/2025
Hours per Week:
at least 40
Salary:
starting at $31,000 per year
Education Required:
Masters
Experience Required:
none
Location:
Salmon, Idaho
Tags:
Graduate Opportunities
2 months ago
Open in New Window",,,,08/18/2025,True,0.85,Graduate Assistantship,Agriculture,,,,,2025-07-13T14:46:01.688815+00:00,,4.0-targeted,2025-07-11T10:29:13.350435,2025-07-11T10:29:13.350435,Agriculture,,rule,31000.0,0.9,34444.444444444445,source_data,True,Idaho,US,West,-286363741524129092,106295,"starting at $31,000 per year",at least 40,Masters,none,True,2025-07-13T14:47:11.244976+00:00,,,,
Florida Scrub-Jay behavioral ecology graduate position,Auburn University (State),multiple,"$23,000 to $28,000 per year",between 8/1/2026 and 1/30/2027,05/01/2026,Graduate Opportunities,https://jobs.rwfm.tamu.edu/view-job/?id=116038,"Florida Scrub-Jay behavioral ecology graduate position
Auburn University (State)
Details
Application Deadline:
06/30/2026
Published:
05/01/2026
Starting Date:
between 8/1/2026 and 1/30/2027
Hours per Week:
at least 20
Salary:
$23,000 to $28,000 per year
Education Required:
Bachelors
Experience Required:
none
Locations:
Auburn, Alabama
Archbold Biological Station (Venus, Florida)
Tags:
Graduate Opportunities
Description
 The McCune lab (www.kelseymccune.com) at Auburn University College of Forestry, Wildlife and Environment is hiring a MS and/or PhD student to research conservation behavioral ecology in Florida Scrub-Jays (FSJ). The successful applicant will develop field-based methods for measuring behavioral and cognitive traits in this declining species to help inform conservation efforts. This work will occur at Archbold Biological Station in collaboration with Dr. Sahas Barve and the Avian Ecology Program (https://www.archbold-station.org/programs/avian-ecology/). The FSJ project at Archbold is one of the longest continuous studies of any wild bird. Over the last 57 years, this study has accumulated a rich dataset of complete life histories of thousands of individual jays and population dynamics at the landscape level along with oak mast, fire, and land-management history of the site. Hence, there is considerable opportunity for the student to develop research questions in line with their own interests within the fields of behavior, ecology, evolution or ecosystem services. A minimum of two seasons of fieldwork, each consisting of 3 - 6 months at Archbold, will be expected. 

Basic Responsibilities: 
·      Conduct literature reviews 
·      Develop research questions, experimental design and methods 
·      Collaboratively collect, manage and analyze data 
·      Manage field equipment 
·      Collaborate with professionals from other institutions and interdisciplinary backgrounds 
·      Supervise undergraduates, field assistants and interns as necessary 
·      Write and publish findings in peer reviewed scientific journals 
·      Present findings at conferences and for public outreach 
·      Meet Auburn University graduate program requirements and deadlines 
·      Contribute to fostering a supportive, inclusive, and welcoming atmosphere 

Minimum qualifications: 
·      Candidate must have completed a bachelor’s degree with a GPA > 3.0 prior to starting 
·      Demonstrated experience conducting field work in hot, rainy, buggy environments 
·      Experience conducting research related to avian behavior, cognition, or ecology 
·      Strong communication skills in oral and written English 
·      Ability to work independently and as part of an interdisciplinary team 
·      Self-motivation, a positive attitude, and strong critical thinking skills 
·      Candidates applying for the PhD position should have completed a MS degree before beginning this role 
 Desired qualifications: 
·      Experience working with the programming language R  
·      Experience handling, banding or tagging birds 
·      Demonstrated ability to drive in rough terrain 
·      Record of publication in peer-reviewed journals or professional presentations 

Compensation: Stipend of $23,000 - 28,000 per year depending on experience and degree (MS or PhD), plus benefits and a tuition waiver. 

How to apply: Fill out this Google Form with your general contact information and upload the following in the application portal as a single PDF document with the file name “LastName_FSJstudent”. 
1)    Statement of interest - maximum of 2 pages (single-spaced, 12-point font) describing your relevant qualifications, your research interests 
2)    CV 
3)    Unofficial transcripts from all colleges attended 
4)    Contact information for 3 professional references 

Application deadline is June 30th, but I encourage you to apply early as applications will be evaluated on a rolling basis until a suitable candidate is found. More information about our graduate program can be found here: https://cfwe.auburn.edu/graduate-study/graduate-degrees/. 
Competitive candidates will be invited to participate in a virtual interview. The successful applicant will then be asked to apply to Auburn University’s College of Forestry, Wildlife and Environment for admission in Fall 2026 or Spring 2027, and will be expected to arrive prior to the first day of classes (August 17th or January 6th). Note that GRE scores are not required for admission but may create opportunities for additional funding support (e.g., Auburn Presidential Graduate Opportunity Program). 

Email Dr. Kelsey McCune (kbm0054@auburn.edu) with questions or issues. 

Contact
Kelsey McCune
kbm0054@auburn.edu (preferred contact method)","The McCune lab (www.kelseymccune.com) at Auburn University College of Forestry, Wildlife and Environment is hiring a MS and/or PhD student to research conservation behavioral ecology in Florida Scrub-Jays (FSJ). The successful applicant will develop field-based methods for measuring behavioral and cognitive traits in this declining species to help inform conservation efforts. This work will occur at Archbold Biological Station in collaboration with Dr. Sahas Barve and the Avian Ecology Program (https://www.archbold-station.org/programs/avian-ecology/). The FSJ project at Archbold is one of the longest continuous studies of any wild bird. Over the last 57 years, this study has accumulated a rich dataset of complete life histories of thousands of individual jays and population dynamics at the landscape level along with oak mast, fire, and land-management history of the site. Hence, there is considerable opportunity for the student to develop research questions in line with their own interests within the fields of behavior, ecology, evolution or ecosystem services. A minimum of two seasons of fieldwork, each consisting of 3 - 6 months at Archbold, will be expected. 

Basic Responsibilities: 
·      Conduct literature reviews 
·      Develop research questions, experimental design and methods 
·      Collaboratively collect, manage and analyze data 
·      Manage field equipment 
·      Collaborate with professionals from other institutions and interdisciplinary backgrounds 
·      Supervise undergraduates, field assistants and interns as necessary 
·      Write and publish findings in peer reviewed scientific journals 
·      Present findings at conferences and for public outreach 
·      Meet Auburn University graduate program requirements and deadlines 
·      Contribute to fostering a supportive, inclusive, and welcoming atmosphere 

Minimum qualifications: 
·      Candidate must have completed a bachelor’s degree with a GPA > 3.0 prior to starting 
·      Demonstrated experience conducting field work in hot, rainy, buggy environments 
·      Experience conducting research related to avian behavior, cognition, or ecology 
·      Strong communication skills in oral and written English 
·      Ability to work independently and as part of an interdisciplinary team 
·      Self-motivation, a positive attitude, and strong critical thinking skills 
·      Candidates applying for the PhD position should have completed a MS degree before beginning this role 
 Desired qualifications: 
·      Experience working with the programming language R  
·      Experience handling, banding or tagging birds 
·      Demonstrated ability to drive in rough terrain 
·      Record of publication in peer-reviewed journals or professional presentations 

Compensation: Stipend of $23,000 - 28,000 per year depending on experience and degree (MS or PhD), plus benefits and a tuition waiver. 

How to apply: Fill out this Google Form with your general contact information and upload the following in the application portal as a single PDF document with the file name “LastName_FSJstudent”. 
1)    Statement of interest - maximum of 2 pages (single-spaced, 12-point font) describing your relevant qualifications, your research interests 
2)    CV 
3)    Unofficial transcripts from all colleges attended 
4)    Contact information for 3 professional references 

Application deadline is June 30th, but I encourage you to apply early as applications will be evaluated on a rolling basis until a suitable candidate is found. More information about our graduate program can be found here: https://cfwe.auburn.edu/graduate-study/graduate-degrees/. 
Competitive candidates will be invited to participate in a virtual interview. The successful applicant will then be asked to apply to Auburn University’s College of Forestry, Wildlife and Environment for admission in Fall 2026 or Spring 2027, and will be expected to arrive prior to the first day of classes (August 17th or January 6th). Note that GRE scores are not required for admission but may create opportunities for additional funding support (e.g., Auburn Presidential Graduate Opportunity Program). 

Email Dr. Kelsey McCune (kbm0054@auburn.edu) with questions or issues.","com) at Auburn University College of Forestry, Wildlife and Environment is hiring a MS and/or PhD student to research conservation behavioral ecology in Florida Scrub-Jays (FSJ). Hence, there is considerable opportunity for the student to develop research questions in line with their own interests within the fields of behavior, ecology, evolution or ecosystem services. Basic Responsibilities: 
·      Conduct literature reviews 
·      Develop research questions, experimental design and methods 
·      Collaboratively collect, manage and analyze data 
·      Manage field equipment 
·      Collaborate with professionals from other institutions and interdisciplinary backgrounds 
·      Supervise undergraduates, field assistants and interns as necessary 
·      Write and publish findings in peer reviewed scientific journals 
·      Present findings at conferences and for public outreach 
·      Meet Auburn University graduate program requirements and deadlines 
·      Contribute to fostering a supportive, inclusive, and welcoming atmosphere 

Minimum qualifications: 
·      Candidate must have completed a bachelor’s degree with a GPA > 3",,"06/30/2026
Published:
05/01/2026
Starting Date:
between 8/1/2026 and 1/30/2027
Hours per Week:
at least 20
Salary:
$23,000 to $28,000 per year
Education Required:
Bachelors
Experience Required:
none
Locations:
Auburn, Alabama
Archbold Biological Station (Venus, Florida)
Tags:
Graduate Opportunities
Description
 The McCune lab (www",True,1.0,Graduate Position,Wildlife,0.194,"[""wildlife"", ""bird"", ""avian"", ""behavior"", ""population dynamics""]",False,,2026-05-03T06:21:25.623366+00:00,scrape_20260503_062055_fbb204ac,2.0,2026-05-03T06:21:25.623366+00:00,2026-05-03T06:21:25.623366+00:00,Wildlife,Human Dimensions,rule,23000.0,1.0,23000.0,analytics_backfill,False,,,,,,,,,,,,,,,
Lead Field Instructor,Wildlands Studies (Private),International/Varies,Commensurate / Negotiable,after 4/1/2027,04/30/2026,N/A,https://jobs.rwfm.tamu.edu/view-job/?id=106579,"Lead Field Instructor
Wildlands Studies (Private) | https://www.wildlandsstudies.com/
Details
Posting:
https://www.wildlandsstudies.com/field-study-instructor
Application Deadline:
07/31/2026
Published:
04/30/2026
Starting Date:
after 4/1/2027
Hours per Week:
40
Salary:
Commensurate / Negotiable
Education Required:
Masters
Experience Required:
at least 5 years
Location:
International/Varies
Description
Description
Renowned for its accredited research-based undergraduate field programs, Wildlands Studies seeks candidates holding an MSc or PhD to be the Lead Instructor for new academic field programs. Students consistently report that their Wildlands Studies experience added depth and meaning to their on-campus classes and “changed their lives”. Wildlands Studies instructors enhance their own credentials with unique opportunities to teach in the field while engaging students in active research. 
 The Lead Instructor will direct students on an academically rigorous, wilderness-based six-week field study to explore habitats and cultures of specific USA-based and international locales. We are specifically seeking new international locations that will attract students and cover a wide variety of topics and terrain within our mission. We specifically welcome proposals for new locales in the Pacific Realm (Fiji, Tonga), Southeast Asia, Norway/Arctic Mountain regions, and South America (Brazil, Uruguay). Students earn 5-15 quarter credits for three field classes covering Environmental Studies, Field Research Practices, and Environment and Culture. Lead Instructor is responsible for on-going seminars, lectures, instruction, guided field work and field methods, and assessment of all student work, as well as group dynamics and the overall well-being of participants. Review our Lead Instructor description on our website. Compensation is competitive.

Requirements
Knowledge and experience of field study location required. Applicants must have Masters degree in hand; PhD Candidates and/or completed PhD preferred. A qualified Lead Instructor will have experience leading field study programs and teaching at the undergraduate level, specifically upper division environmental studies classes; a good sense of humor, flexibility, patience, and understanding; be a physically fit experienced outdoorsperson capable of leading students on day hikes and multi-day overnight backpacking trips; a capable and skilled group facilitator able to spend 24 hours per day, 7 days per week with up to 16 students aged 18-23 for the duration of the program managing associated interpersonal dynamics; an accomplished logistical planner capable of managing the overarching and day-to-day logistics, program finances and communications; certified in First Aid and CPR (preferably WFR) and able to competently and confidently manage medical emergencies and other medical situations should they arise. We require our program staff to be able to easily transport students in vehicles. Individuals must have a clean driving record, manual transmission experience, knowledge and competence driving in international locations and, if needed, the ability to drive a right-hand drive vehicle on the left side of the road. Reference checks, fingerprinting and background checks are required before any offer is finalized. 
 Program Dates
We are currently accepting applications and proposals for our 2027-2028 academic year (Summer 2027, Fall 2027, Winter 2028, Spring 2028).  Locations that include a wildlife study or marine focus always preferred.  Review www.wildlandsstudies.com for details.  
 Application Process
Review website and current course offerings to ensure understanding of program requirements. Complete an online application and upload a CV, cover letter detailing experience with course topics/field study experience and brief initial course proposal. We are working very quickly to identify suitable candidates and move forward with new programs.
Contact
Wildlands Studies
831-684-9999
wildlands@wildlandsstudies.com
contact via the web posting is preferred (see Details section)","Hours per Week:
40
Salary:
Commensurate / Negotiable
Education Required:
Masters
Experience Required:
at least 5 years","com/field-study-instructor
Application Deadline:
07/31/2026
Published:
04/30/2026
Starting Date:
after 4/1/2027
Hours per Week:
40
Salary:
Commensurate / Negotiable
Education Required:
Masters
Experience Required:
at least 5 years
Location:
International/Varies
Description
Description
Renowned for its accredited research-based undergraduate field programs, Wildlands Studies seeks candidates holding an MSc or PhD to be the Lead Instructor for new academic field programs. Wildlands Studies instructors enhance their own credentials with unique opportunities to teach in the field while engaging students in active research. Students earn 5-15 quarter credits for three field classes covering Environmental Studies, Field Research Practices, and Environment and Culture",,"07/31/2026
Published:
04/30/2026
Starting Date:
after 4/1/2027
Hours per Week:
40
Salary:
Commensurate / Negotiable
Education Required:
Masters
Experience Required:
at least 5 years
Location:
International/Varies
Description
Description
Renowned for its accredited research-based undergraduate field programs, Wildlands Studies seeks candidates holding an MSc or PhD to be the Lead Instructor for new academic field programs",True,0.75,PhD Position,Fisheries and Aquatic,0.0,[],False,,2026-05-03T06:21:27.845800+00:00,scrape_20260503_062055_fbb204ac,2.0,2026-05-03T06:21:27.845800+00:00,2026-05-03T06:21:27.845800+00:00,Fisheries and Aquatic,Wildlife,rule,,,,,False,,,,,,,,,,,,,,,
Camera Trapping Survival and Abundance Master's Position (RI),Kathleen Carroll (Private),"1 Greenhouse Rd (Kingston, Rhode Island)",Commensurate / Negotiable,between 7/1/2026 and 9/9/2026,04/28/2026,Graduate Opportunities,https://jobs.rwfm.tamu.edu/view-job/?id=116012,"Camera Trapping Survival and Abundance Master's Position (RI)
Kathleen Carroll (Private) | https://uri.edu
Details
Posting:
https://connectivityandconservation.com/prospective-members
Application Deadline:
05/15/2026
Published:
04/28/2026
Starting Date:
between 7/1/2026 and 9/9/2026
Hours per Week:
20
Salary:
Commensurate / Negotiable
Education Required:
Bachelors
Experience Required:
at least 2 years
Location:
1 Greenhouse Rd (Kingston, Rhode Island)
Tags:
Graduate Opportunities
Description
MS Position on bobcat survival and abundance in Rhode Island, pending funding

This student will be full-time at the University of Rhode Island (URI), and all work will be conducted in collaboration with the Rhode Island Department of Environmental Management (DEM) and will include fieldwork and extensive data analysis. The ideal start date is July 1 (or earlier), but the student must be able to start by the first week of September (beginning of classes at URI).

This post will be removed when 50 applications are submitted or the deadline passes.

Please read the full details on my website before applying.
 https://connectivityandconservation.com/prospective-members
Contact
Kathleen Carroll
kathleen.carroll@uri.edu (preferred contact method)","Hours per Week:
20
Salary:
Commensurate / Negotiable
Education Required:
Bachelors
Experience Required:
at least 2 years","com/prospective-members
Application Deadline:
05/15/2026
Published:
04/28/2026
Starting Date:
between 7/1/2026 and 9/9/2026
Hours per Week:
20
Salary:
Commensurate / Negotiable
Education Required:
Bachelors
Experience Required:
at least 2 years
Location:
1 Greenhouse Rd (Kingston, Rhode Island)
Tags:
Graduate Opportunities
Description
MS Position on bobcat survival and abundance in Rhode Island, pending funding

This student will be full-time at the University of Rhode Island (URI), and all work will be conducted in collaboration with the Rhode Island Department of Environmental Management (DEM) and will include fieldwork and extensive data analysis",,"05/15/2026
Published:
04/28/2026
Starting Date:
between 7/1/2026 and 9/9/2026
Hours per Week:
20
Salary:
Commensurate / Negotiable
Education Required:
Bachelors
Experience Required:
at least 2 years
Location:
1 Greenhouse Rd (Kingston, Rhode Island)
Tags:
Graduate Opportunities
Description
MS Position on bobcat survival and abundance in Rhode Island, pending funding

This student will be full-time at the University of Rhode Island (URI), and all work will be conducted in collaboration with the Rhode Island Department of Environmental Management (DEM) and will include fieldwork and extensive data analysis",True,0.75,Graduate Position,Other,0.0,[],False,,2026-05-03T06:21:25.434932+00:00,scrape_20260503_062055_fbb204ac,2.0,2026-04-29T14:24:30.936051+00:00,2026-05-03T06:21:25.434932+00:00,Other,,rule,,,,,True,Rhode Island,US,,,,,,,,,,,,,
Master of Science Graduate Position: Aquatic Weed Science,"Minnesota State University, Mankato (State)","Minnesota State University, Mankato (Mankato, Minnesota)","starting at $20,000 per year",after 8/17/2026,04/27/2026,Graduate Opportunities,https://jobs.rwfm.tamu.edu/view-job/?id=115426,"Master of Science Graduate Position: Aquatic Weed Science
Minnesota State University, Mankato (State) | https://www.mnsu.edu/
Details
Posting:
https://www.mnsu.edu/programs/biology/biology-ms/
Application Deadline:
09/30/2026
Published:
04/27/2026
Starting Date:
after 8/17/2026
Hours per Week:
20 - 40
Salary:
starting at $20,000 per year
Education Required:
Bachelors
Experience Required:
none
Location:
Minnesota State University, Mankato (Mankato, Minnesota)
Tags:
Graduate Opportunities
Description
A MS position is available (pending grant funding) in the Department of Biological Sciences to assess the response of curlyleaf pondweed and native plant communities to late season herbicide applications in southern Minnesota lakes. The project will be conducted in six lakes and will require extensive sampling from a boat and through the ice during winter. Experience with point intercept surveys, water sampling, and ArcGIS PRO would be greatly helpful. A valid drivers license is required and experience trailering a boat is preferred.

To apply, send cover letter, CV, unofficial transcripts, and the names and contact information of 3 references to Dr. Ryan M. Wersal at ryan.wersal@mnsu.edu. A formal application will be needed to Minnesota State University, Mankato after the initial interview process.

Position start date: August 2026. The results of the grant submission will be known by July 2026 and the position is contingent upon this funding.
 For more information regarding Dr. Wersal’s research lab go to:
https://cset.mnsu.edu/departments/biological-sciences/faculty-and-staff/ryan-wersal/
 For more information regarding graduate studies in the Department of Biological Sciences go to:
https://cset.mnsu.edu/departments/biological-sciences/graduate-programs/graduate-student-assistantships/
Contact
Ryan Wersal, PhD.
507-351-5582
ryan.wersal@mnsu.edu (preferred contact method)","Hours per Week:
20 - 40
Salary:
starting at $20,000 per year
Education Required:
Bachelors
Experience Required:
none","Wersal’s research lab go to:
https://cset",,"09/30/2026
Published:
04/27/2026
Starting Date:
after 8/17/2026
Hours per Week:
20 - 40
Salary:
starting at $20,000 per year
Education Required:
Bachelors
Experience Required:
none
Location:
Minnesota State University, Mankato (Mankato, Minnesota)
Tags:
Graduate Opportunities
Description
A MS position is available (pending grant funding) in the Department of Biological Sciences to assess the response of curlyleaf pondweed and native plant communities to late season herbicide applications in southern Minnesota lakes",True,0.75,PhD Position,Fisheries and Aquatic,0.0,[],True,University of Minnesota,2026-05-03T06:21:25.342383+00:00,scrape_20260503_062055_fbb204ac,2.0,2026-04-29T14:24:30.642477+00:00,2026-05-03T06:21:25.342383+00:00,Fisheries and Aquatic,Human Dimensions,rule,20000.0,1.0,20000.0,analytics_backfill,True,Minnesota,US,,,,,,,,,,,,,
Community‑Engaged Resilience Research Assistantship,University of Idaho - McCall Outdoor Science School (State),"McCall Outdoor Science School (Mccall, Idaho)","starting at $18,000 per year",after 8/19/2026,04/27/2026,Graduate Opportunities,https://jobs.rwfm.tamu.edu/view-job/?id=115974,"Community‑Engaged Resilience Research Assistantship
University of Idaho - McCall Outdoor Science School (State) | https://www.uidaho.edu/cnr/mccall-field-campus/programs-and-services/graduate-program
Details
Posting:
http://www.idahocrews.org/
Application Deadline:
06/01/2026
Published:
04/27/2026
Starting Date:
after 8/19/2026
Ending Date:
after 6/1/2027
Hours per Week:
at least 40
Salary:
starting at $18,000 per year
Education Required:
Bachelors
Experience Required:
none
Location:
McCall Outdoor Science School (Mccall, Idaho)
Tags:
Graduate Opportunities
Description

Community‑Engaged Resilience Research Assistantship 


Idaho Community‑engaged Resilience for Energy‑Water Systems (I‑CREWS) 


Get started on the work you want to do in the world. 


Motivated master’s‑level students interested in community‑engaged research and education are invited to apply for a funded research assistantship with a transdisciplinary team as part of the National Science Foundation (NSF) EPSCoR Track‑1 award, Idaho Community‑engaged Resilience for Energy‑Water Systems (I‑CREWS). 


This position offers the opportunity to gain meaningful professional experience while contributing to collaborative, place‑based work that supports environmental stewardship, resilience, and energy‑water systems across Idaho. Work will take place in partnership with Tribal nations, rural communities, and academic collaborators, with an emphasis on respectful engagement and applied learning. 


Focus areas include: 


■ Community‑engaged education and research 
■ Energy‑water systems and resilience 
■ Environmental stewardship and sustainability 
■ Local and Indigenous knowledges 
■ Governance, decision‑making, and social systems 
■ Interdisciplinary and transdisciplinary collaboration 


The research assistant will work closely with University of Idaho faculty as part of the Education and Workforce Development component of the I‑CREWS project, assisting in the creation of community‑engaged courses aligned with the needs and interests of Tribal nations and rural communities. 


This position is based within the Environmental Education and Science Communication graduate program at the University of Idaho McCall Field Campus. 


Students from all academic backgrounds are encouraged to apply. Applicants with experience collaborating with Tribal Nations or working in community‑based contexts are especially encouraged. 


Position details: 

Start date: Summer or Fall 2026 
Funding: One year of full‑time RA support (~$18,000 stipend) 
Benefits: Tuition waiver and travel support 

Application deadline: June 1, 2026 


To apply, submit a current CV and letter of interest describing your experience with collaborative partnerships, learning design, and interdisciplinary teamwork. 


For more information, contact
Dr. Karla Eitel
Professor of Place‑based Environmental Education
University of Idaho
keitel@uidaho.edu 


Learn more about I‑CREWS: http://www.idahocrews.org/ 

Contact
Karla Eitel
Keitel@uidaho.edu (preferred contact method)","Hours per Week:
at least 40
Salary:
starting at $18,000 per year
Education Required:
Bachelors
Experience Required:
none","Community‑Engaged Resilience Research Assistantship
University of Idaho - McCall Outdoor Science School (State) | https://www. org/
Application Deadline:
06/01/2026
Published:
04/27/2026
Starting Date:
after 8/19/2026
Ending Date:
after 6/1/2027
Hours per Week:
at least 40
Salary:
starting at $18,000 per year
Education Required:
Bachelors
Experience Required:
none
Location:
McCall Outdoor Science School (Mccall, Idaho)
Tags:
Graduate Opportunities
Description

Community‑Engaged Resilience Research Assistantship 


Idaho Community‑engaged Resilience for Energy‑Water Systems (I‑CREWS) 


Get started on the work you want to do in the world. Motivated master’s‑level students interested in community‑engaged research and education are invited to apply for a funded research assistantship with a transdisciplinary team as part of the National Science Foundation (NSF) EPSCoR Track‑1 award, Idaho Community‑engaged Resilience for Energy‑Water Systems (I‑CREWS)",,"06/01/2026
Published:
04/27/2026
Starting Date:
after 8/19/2026
Ending Date:
after 6/1/2027
Hours per Week:
at least 40
Salary:
starting at $18,000 per year
Education Required:
Bachelors
Experience Required:
none
Location:
McCall Outdoor Science School (Mccall, Idaho)
Tags:
Graduate Opportunities
Description

Community‑Engaged Resilience Research Assistantship 


Idaho Community‑engaged Resilience for Energy‑Water Systems (I‑CREWS) 


Get started on the work you want to do in the world",True,0.85,Graduate Assistantship,Human Dimensions,0.0,[],False,,2026-05-03T06:21:25.527769+00:00,scrape_20260503_062055_fbb204ac,2.0,2026-04-29T14:24:31.030964+00:00,2026-05-03T06:21:25.527769+00:00,Human Dimensions,Environmental Sciences,rule,18000.0,0.9,20000.0,analytics_backfill,True,Idaho,US,,,,,,,,,,,,,
Graduate Student Assistantship – Forest Management and Environmental Education,Antioch University (Private),"40 Avon Street (Keene, New Hampshire)",$17 per hour,between 8/24/2026 and 9/5/2026,04/27/2026,Graduate Opportunities,https://jobs.rwfm.tamu.edu/view-job/?id=115509,"Graduate Student Assistantship – Forest Management and Environmental Education
Antioch University (Private) | https://www.antioch.edu/academics/environment-sustainability/
Details
Application Deadline:
05/20/2026
Published:
04/27/2026
Starting Date:
between 8/24/2026 and 9/5/2026
Ending Date:
6/30/2027
Hours per Week:
15 - 20
Salary:
$17 per hour
Education Required:
Bachelors
Experience Required:
none
Location:
40 Avon Street (Keene, New Hampshire)
Tags:
Graduate Opportunities
Description
We seek outstanding students who wish to pursue a Master’s of Science or a PhD in Environmental Studies.  Our programs are based in the Department of Environmental Studies at the Antioch University New England campus in Keene, NH.  We offer a Graduate Student Assistantship in forest management that places the student at the intersection of scholarship and practice working with faculty and fellow graduate students to manage our forest properties. 
 Antioch’s two forested properties of 81 and 46 acres are within ½ hour drive of the main campus.  These properties are ideal outdoor classrooms for student learning.  This assistantship position will be tasked with overseeing the management of the properties, implementing the forest management and supporting the environmental education programing.  General maintenance of the Glover’s ledge property would include trail clearing and brushing, trail and field mowing and trail construction.  Additional duties could involve maintaining a herbarium and overseeing field and lab equipment.  Attend biannual advisory board meetings and monthly Glover’s Ledge staff meetings.  Participating in current outdoor educational programs and promoting use following the goals and objectives of the management plans will also be expected.   

Students at Antioch generally pay for at least part of their own tuition, but we offer numerous university-wide grants and scholarships, which can help defray tuition costs, and which are detailed here: https://www.antioch.edu/admission-aid/financial-aid/scholarships-and-grants/

Applicant Eligibility
- The ideal candidate is interested in studying any of the following topics: forest management, forest ecology, wildlife ecology, watershed management, educational and GIS applications, landscape ecology, environmental interpretation or a related field.
- The selected student is expected to enroll at Antioch University New England no later than the 2026 Fall Semester. More details on the graduate programs and Glover’s Ledge can be found at: 
https://www.antioch.edu/academics/environmental-studies-sustainability/ 
https://gloversledge.weebly.com/
Contact
Peter Palmiotto
603 283-2338
ppalmiotto@antioch.edu (preferred contact method)","Hours per Week:
15 - 20
Salary:
$17 per hour
Education Required:
Bachelors
Experience Required:
none","edu/admission-aid/financial-aid/scholarships-and-grants/

Applicant Eligibility
- The ideal candidate is interested in studying any of the following topics: forest management, forest ecology, wildlife ecology, watershed management, educational and GIS applications, landscape ecology, environmental interpretation or a related field",,"05/20/2026
Published:
04/27/2026
Starting Date:
between 8/24/2026 and 9/5/2026
Ending Date:
6/30/2027
Hours per Week:
15 - 20
Salary:
$17 per hour
Education Required:
Bachelors
Experience Required:
none
Location:
40 Avon Street (Keene, New Hampshire)
Tags:
Graduate Opportunities
Description
We seek outstanding students who wish to pursue a Master’s of Science or a PhD in Environmental Studies",True,0.8,Graduate Assistantship,Human Dimensions,0.0,[],False,,2026-05-03T06:21:26.100959+00:00,scrape_20260503_062055_fbb204ac,2.0,2026-04-29T14:24:31.420994+00:00,2026-05-03T06:21:26.100959+00:00,Human Dimensions,Forestry and Habitat,rule,,,,,True,New Hampshire,US,,,,,,,,,,,,,
MS Graduate Research Assistant (Mexican Ducks and Managed Wetlands),Borderland Research Institute - Sul Ross State University (State),"Alpine, Texas","$18,000 per year",after 9/1/2026,04/27/2026,Graduate Opportunities,https://jobs.rwfm.tamu.edu/view-job/?id=115961,"MS Graduate Research Assistant (Mexican Ducks and Managed Wetlands)
Borderland Research Institute - Sul Ross State University (State) | https://bri.sulross.edu/
Details
Posting:
https://sulross.peopleadmin.com/postings/9028
Application Deadline:
07/31/2026
Published:
04/27/2026
Starting Date:
after 9/1/2026
Hours per Week:
20 - 40
Salary:
$18,000 per year
Education Required:
Bachelors
Experience Required:
none
Location:
Alpine, Texas
Tags:
Graduate Opportunities
Description
Funded MS Assistantship – Wetland Management and Mexican Ducks in West Texas


Borderlands Research Institute - Sul Ross State University 

Location: Alpine, Texas 

Start Date: Fall Semester 2026
Application Deadline:  Open until a candidate has been identified
Stipend included: $18,000 plus fringe annually
 

The Borderlands Research Institute (BRI) at Sul Ross State University is seeking a motivated master’s (MS) student to become part of a team that will focused on wetland management techniques and Mexican ducks (Anas diazi) around Balmorhea, Texas. The student will engage in active wetland management, including water infrastructure maintenance and manipulation, vegetation control, and trapping and marking Mexican Ducks. The project will provide opportunities to test and apply different ecological techniques and theories, including moist-soil management, novel tracking technology, niche theory, and source-sink dynamics.

Objectives:

1.      Wetland Management Objective: Evaluate different wetland management practices for arid spring-driven systems that enhance use by Mexican ducks and other waterbirds. Monitor biotic and abiotic conditions. Support the development of a Habitat Management Plan. 
 2.      Mexican Duck Movement Objective: Investigate movement patterns and habitat use of Mexican ducks. Test for source-sink dynamics in the Balmorhea region and inform the regional ecology and management of endemic Mexican ducks. 

Qualifications:

·         B.S. in Wildlife Science, Natural Resources, Environmental Science, Ecology, or related field

·         Experience or coursework in GIS and quantitative analysis preferred

·         Demonstrated interest in wetland ecology, wetland-dependent wildlife conservation, or habitat management

·         Ability to mentor and supervise an Undergraduate student in the Borderlands Undergraduate Mentor Program (BUMP)

·         Strong written and verbal communication skills

·         Ability to work independently and collaboratively with agency partners

Additional Information

Sul Ross State provides students with the education they need to translate their passions into a fulfilling career. This life-changing experience has a multi-generational impact, transforming the lives of our students, their families and positively impacting the communities in which they reside. We value learning and strive to provide high-quality education in a welcoming, supportive environment. We take pride in serving many first-generation college students as well as non-traditional students, international students, student-athletes and graduate students.
 
 From teaching, coaching and law enforcement, to science, ranch management and the Fine Arts, SRSU offers more than 60 undergraduate and graduate degree programs. Known as the Frontier University of Texas, Sul Ross encourages each student to explore their own frontiers and to exceed their educational, personal and professional goals.
 
 For more information visit www.sulross.edu

Information about the Borderlands Research Institute can be found at: https://bri.sulross.edu/

 Contact information:

Dr. Dan Collins at dan.collins@sulross.edu and Dr. Antonio Cantu at antonio.cantu@sulross.edu 



Contact
Dan Collins
dan.collins@sulross.edu (preferred contact method)","Hours per Week:
20 - 40
Salary:
$18,000 per year
Education Required:
Bachelors
Experience Required:
none","MS Graduate Research Assistant (Mexican Ducks and Managed Wetlands)
Borderland Research Institute - Sul Ross State University (State) | https://bri. com/postings/9028
Application Deadline:
07/31/2026
Published:
04/27/2026
Starting Date:
after 9/1/2026
Hours per Week:
20 - 40
Salary:
$18,000 per year
Education Required:
Bachelors
Experience Required:
none
Location:
Alpine, Texas
Tags:
Graduate Opportunities
Description
Funded MS Assistantship – Wetland Management and Mexican Ducks in West Texas


Borderlands Research Institute - Sul Ross State University 

Location: Alpine, Texas 

Start Date: Fall Semester 2026
Application Deadline:  Open until a candidate has been identified
Stipend included: $18,000 plus fringe annually
 

The Borderlands Research Institute (BRI) at Sul Ross State University is seeking a motivated master’s (MS) student to become part of a team that will focused on wetland management techniques and Mexican ducks (Anas diazi) around Balmorhea, Texas. edu

Information about the Borderlands Research Institute can be found at: https://bri",,"07/31/2026
Published:
04/27/2026
Starting Date:
after 9/1/2026
Hours per Week:
20 - 40
Salary:
$18,000 per year
Education Required:
Bachelors
Experience Required:
none
Location:
Alpine, Texas
Tags:
Graduate Opportunities
Description
Funded MS Assistantship – Wetland Management and Mexican Ducks in West Texas


Borderlands Research Institute - Sul Ross State University 

Location: Alpine, Texas 

Start Date: Fall Semester 2026
Application Deadline:  Open until a candidate has been identified
Stipend included: $18,000 plus fringe annually
 

The Borderlands Research Institute (BRI) at Sul Ross State University is seeking a motivated master’s (MS) student to become part of a team that will focused on wetland management techniques and Mexican ducks (Anas diazi) around Balmorhea, Texas",True,0.85,Graduate Assistantship,Forestry and Habitat,0.167,"[""wildlife"", ""wildlife conservation"", ""bird"", ""habitat"", ""wetland""]",False,,2026-05-03T06:21:26.198625+00:00,scrape_20260503_062055_fbb204ac,2.0,2026-04-29T14:24:31.516712+00:00,2026-05-03T06:21:26.198625+00:00,Forestry and Habitat,Environmental Sciences,rule,18000.0,0.95,18947.37,analytics_backfill,True,Texas,US,,,,,,,,,,,,,
Master’s Graduate Assistantship: Quantitative ecology,University of Florida (State),"Davie, Florida","$27,500 to $31,000 per year",between 8/14/2026 and 1/21/2027,04/23/2026,Graduate Opportunities,https://jobs.rwfm.tamu.edu/view-job/?id=115871,"Master’s Graduate Assistantship: Quantitative ecology
University of Florida (State) | https://www.coreytcallaghan.com
Details
Application Deadline:
05/28/2026
Published:
04/23/2026
Starting Date:
between 8/14/2026 and 1/21/2027
Hours per Week:
20 - 40
Salary:
$27,500 to $31,000 per year
Education Required:
Bachelors
Experience Required:
none
Location:
Davie, Florida
Tags:
Graduate Opportunities
Description
We seek a Master’s student to join the Global Ecology Research Group at the University of Florida’s Department of Wildlife Ecology and Conservation. We are looking for a highly motivated and independent graduate student to begin in Fall 2026 or Spring 2027, working on a quantitative ecology project focused on sea turtles. 
 This project will leverage existing datasets, including telemetry and long-term monitoring data, to better understand sea turtle movement, space use, and population dynamics. The student will work closely with agency partners to synthesize multiple data streams and apply quantitative approaches to address applied conservation and management questions. The position is primarily desktop-based, with a strong emphasis on data integration, statistical modeling, and spatial analysis. 
 The successful candidate will hold an undergraduate degree in a relevant field (e.g., ecology, environmental science, statistics, or applied mathematics), possess strong quantitative skills, and have an interest in studying sea turtles. Experience with programming (e.g., R or Python) is required, and experience with telemetry analyses, movement ecology, spatial analyses, GIS, or advanced statistical modeling is highly desirable. The candidate should have strong communication and organizational skills, and the ability to work both independently and collaboratively. 
 The student will be advised by Dr. Corey T. Callaghan and will collaborate closely with state and federal agency partners. The student will be based at the University of Florida’s Fort Lauderdale Research and Education Center (https://flrec.ifas.ufl.edu/) in Davie, Florida. 
 We welcome applications from individuals of all backgrounds and identities. Tuition is fully covered and the stipend will be ~$29,000 per year. Review of applications will begin on May 22nd and continue until the position is filled. 
 For consideration, please submit (1) your CV, (2) a brief statement of interest, and (3) names and contact information for three references as a single PDF to Dr. Corey T. Callaghan (c.callaghan@ufl.edu) using the subject line “Quantitative Ecology Master’s Position”.  
 Please don’t hesitate to reach out with any questions. 
Contact
Corey T. Callaghan
c.callaghan@ufl.edu (preferred contact method)","Hours per Week:
20 - 40
Salary:
$27,500 to $31,000 per year
Education Required:
Bachelors
Experience Required:
none","com
Details
Application Deadline:
05/28/2026
Published:
04/23/2026
Starting Date:
between 8/14/2026 and 1/21/2027
Hours per Week:
20 - 40
Salary:
$27,500 to $31,000 per year
Education Required:
Bachelors
Experience Required:
none
Location:
Davie, Florida
Tags:
Graduate Opportunities
Description
We seek a Master’s student to join the Global Ecology Research Group at the University of Florida’s Department of Wildlife Ecology and Conservation. The student will be based at the University of Florida’s Fort Lauderdale Research and Education Center (https://flrec",,"05/28/2026
Published:
04/23/2026
Starting Date:
between 8/14/2026 and 1/21/2027
Hours per Week:
20 - 40
Salary:
$27,500 to $31,000 per year
Education Required:
Bachelors
Experience Required:
none
Location:
Davie, Florida
Tags:
Graduate Opportunities
Description
We seek a Master’s student to join the Global Ecology Research Group at the University of Florida’s Department of Wildlife Ecology and Conservation",True,0.85,Graduate Assistantship,Wildlife,0.0,[],False,,2026-04-29T19:17:08.501063+00:00,scrape_20260429_191642_e240d583,2.0,2026-04-25T17:01:41.992714+00:00,2026-04-29T19:17:08.501063+00:00,Wildlife,Fisheries and Aquatic,rule,27500.0,0.95,28947.37,analytics_backfill,True,Florida,US,,,,,,,,,,,,,
M.S. Student Graduate Research Assistantships,Kansas State University (State),"116 Ackert Hall Kansas State University (Manhattan, Kansas)","starting at $28,000 per year",before 8/10/2026,04/22/2026,Graduate Opportunities,https://jobs.rwfm.tamu.edu/view-job/?id=115850,"M.S. Student Graduate Research Assistantships
Kansas State University (State) | https://www.k-state.edu/hopelab/
Details
Posting:
https://www.k-state.edu/hopelab/
Application Deadline:
05/08/2026
Published:
04/22/2026
Starting Date:
before 8/10/2026
Hours per Week:
40
Salary:
starting at $28,000 per year
Education Required:
Bachelors
Experience Required:
at least 1 year
Location:
116 Ackert Hall Kansas State University (Manhattan, Kansas)
Tags:
Graduate Opportunities
Description
Western Small-footed Myotis Distribution and Roost Characteristics Across Western Kansas

The Hope Lab at Kansas State University was recently funded through the Kansas Department of Wildlife and Parks to perform integrated research on the bat species Myotis ciliolabrum with a geographic focus on western Kansas. To support this project, we are seeking two MS students with high potential for success doing ecological research integrated with a genetic/genomic assessment.

Research activities will take place across multiple sites in western KS, including State Wildlife Areas, Federal Lands, Smoky Valley Ranch (Nature Conservancy) and Private Lands. Goals include: 1) to track bat community activity across one or more years based on passive acoustic monitoring data; 2) perform extensive mist-netting surveys to include detailed tissue sampling for downstream molecular analyses, and tagging of M. ciliolabrum individuals for tracking with a focus on maternity roosts and building data on reproductive success and phenology; 3) track local activity of M. ciliolabrum using the Motus network and local nodes; and 4) generate and analyze genetic data from multiple potential perspectives (phylogeography, parasites, pathogens).

Students who have prior expertise working with bats in some capacity are strongly preferred. This will be a data-heavy project and knowledge of bat acoustics, field skills for netting, sampling, and tracking, and/or molecular lab skills will be necessary. 

Both students will be hired as Graduate Research Assistants within the Division of Biology at Kansas State University, with an expectation of rotating through a Teaching Assistantship for minimally one semester. Grad salaries are competitive (>$28k/12 months) and funding is committed through 5 semesters. Students working in the Hope Lab, in addition to their research, can expect to learn skills with curatorial workflows for the Kansas State Biorepository, and join in terrestrial small mammal work ongoing as time allows. 

Preferred start time will be mid-summer 2026 with an official start of the degree program in Fall 2026. There is potential to defer start for one student to Spring 2027. 

Interested students please send a CV (including contacts for three references) and letter of intent via email directly to Andrew Hope: ahope@ksu.edu

Contact
Andrew Hope
7854771876
ahope@ksu.edu (preferred contact method)","Hours per Week:
40
Salary:
starting at $28,000 per year
Education Required:
Bachelors
Experience Required:
at least 1 year","Student Graduate Research Assistantships
Kansas State University (State) | https://www. edu/hopelab/
Application Deadline:
05/08/2026
Published:
04/22/2026
Starting Date:
before 8/10/2026
Hours per Week:
40
Salary:
starting at $28,000 per year
Education Required:
Bachelors
Experience Required:
at least 1 year
Location:
116 Ackert Hall Kansas State University (Manhattan, Kansas)
Tags:
Graduate Opportunities
Description
Western Small-footed Myotis Distribution and Roost Characteristics Across Western Kansas

The Hope Lab at Kansas State University was recently funded through the Kansas Department of Wildlife and Parks to perform integrated research on the bat species Myotis ciliolabrum with a geographic focus on western Kansas. To support this project, we are seeking two MS students with high potential for success doing ecological research integrated with a genetic/genomic assessment",,"05/08/2026
Published:
04/22/2026
Starting Date:
before 8/10/2026
Hours per Week:
40
Salary:
starting at $28,000 per year
Education Required:
Bachelors
Experience Required:
at least 1 year
Location:
116 Ackert Hall Kansas State University (Manhattan, Kansas)
Tags:
Graduate Opportunities
Description
Western Small-footed Myotis Distribution and Roost Characteristics Across Western Kansas

The Hope Lab at Kansas State University was recently funded through the Kansas Department of Wildlife and Parks to perform integrated research on the bat species Myotis ciliolabrum with a geographic focus on western Kansas",True,0.85,Graduate Assistantship,Wildlife,0.0,[],False,,2026-04-29T14:24:32.011166+00:00,scrape_20260429_142403_7b463112,2.0,2026-04-25T17:01:42.467250+00:00,2026-04-29T14:24:32.011166+00:00,Wildlife,Human Dimensions,rule,28000.0,0.85,32941.18,analytics_backfill,True,Kansas,US,,,,,,,,,,,,,
Masters or Ph.D. position in Human Dimensions of Endangered Species at Texas State University (start September 2026),Texas State University (State),multiple,Commensurate / Negotiable,9/1/2026,04/22/2026,Graduate Opportunities,https://jobs.rwfm.tamu.edu/view-job/?id=102845,"Masters or Ph.D. position in Human Dimensions of Endangered Species at Texas State University (start September 2026)
Texas State University (State)
Details
Application Deadline:
05/31/2026
Published:
04/22/2026
Starting Date:
9/1/2026
Ending Date:
12/31/2029
Hours per Week:
20 - 40
Salary:
Commensurate / Negotiable
Education Required:
Bachelors
Experience Required:
at least 2 years
Locations:
Texas State University (Texas)
San Marcos, Texas
Tags:
Graduate Opportunities
Description
The Serenari Human Dimensions Lab at Texas State University is searching for an outstanding candidate for a funded masters or Ph.D. position beginning September 1, 2026. The doctoral student will work with Dr. Chris Serenari to explore barriers and opportunities to landowner engagement in rare species management in Texas. Research assistantship funding covers up to four long semesters of tuition and fees, contributes to health insurance premiums, and provides a competitive stipend for up to 27 months, with potential for additional funding after the end of the project.
 Required qualifications for this position:

If applying at the level of M.S. in Wildlife Ecology
o   Have earned a bachelor’s degree in Wildlife Ecology, Conservation Social Science, or similar program from accredited college or university within the United States
o   Evidence of with evidence of scholarly research/writing (e.g., completed honors thesis, capstone research project)

If applying at the level of Ph.D. in Aquatic Resources and Integrative Biology
o   Have earned a master’s degree in Human Dimensions of Wildlife, Conservation Social Science, Environmental Studies, Political Science, Sociology, Environmental Communication, or similar discipline from accredited college or university within the United States
o   Exceptionally qualified applicants with an earned bachelor's degree may also be considered with sufficient evidence of peer-reviewed scholarly research/writing.

o Willingness to relocate to San Marcos, TX to begin classes August/September 2026

Preferred qualifications:
·       Master’s degree (thesis track)
·       Experience conducting mixed-methods social science research
·       Experience writing peer reviewed publications and giving academic presentations
 To apply, please send a curriculum vitae and 1-page statement of your research and professional goals, including your interests and qualifications for the research project, to Dr. Serenari (c_s754@txstate.edu). Review of applications will begin May 1, 2026 and will be accepted on a rolling basis until the position is filled. The selected candidate will need to apply to either the M.S. in Wildlife Ecology or the Ph.D. in Aquatic Resources and Integrative Biology program shortly after accepting the position. Please call or email with any questions.

Texas State University is a soon-to-be R1 university that serves 40,000+ students, and 53% of the study body are ethnic minorities. The San Marcos campus is located in a growing community of 60,000 people in the Austin Metropolitan Area. Located in the Texas Hill Country, where blackland prairies roll into beautiful hills, Texas State enjoys a setting that is unique among Texas universities. 

Chris Serenari, Ph.D.
Associate Professor 


Contact
Dr. Chris Serenari
512-245-5165
c_s754@txstate.edu (preferred contact method)","The Serenari Human Dimensions Lab at Texas State University is searching for an outstanding candidate for a funded masters or Ph.D. position beginning September 1, 2026. The doctoral student will work with Dr. Chris Serenari to explore barriers and opportunities to landowner engagement in rare species management in Texas. Research assistantship funding covers up to four long semesters of tuition and fees, contributes to health insurance premiums, and provides a competitive stipend for up to 27 months, with potential for additional funding after the end of the project.
 Required qualifications for this position:

If applying at the level of M.S. in Wildlife Ecology
o   Have earned a bachelor’s degree in Wildlife Ecology, Conservation Social Science, or similar program from accredited college or university within the United States
o   Evidence of with evidence of scholarly research/writing (e.g., completed honors thesis, capstone research project)

If applying at the level of Ph.D. in Aquatic Resources and Integrative Biology
o   Have earned a master’s degree in Human Dimensions of Wildlife, Conservation Social Science, Environmental Studies, Political Science, Sociology, Environmental Communication, or similar discipline from accredited college or university within the United States
o   Exceptionally qualified applicants with an earned bachelor's degree may also be considered with sufficient evidence of peer-reviewed scholarly research/writing.

o Willingness to relocate to San Marcos, TX to begin classes August/September 2026

Preferred qualifications:
·       Master’s degree (thesis track)
·       Experience conducting mixed-methods social science research
·       Experience writing peer reviewed publications and giving academic presentations
 To apply, please send a curriculum vitae and 1-page statement of your research and professional goals, including your interests and qualifications for the research project, to Dr. Serenari (c_s754@txstate.edu). Review of applications will begin May 1, 2026 and will be accepted on a rolling basis until the position is filled. The selected candidate will need to apply to either the M.S. in Wildlife Ecology or the Ph.D. in Aquatic Resources and Integrative Biology program shortly after accepting the position. Please call or email with any questions.

Texas State University is a soon-to-be R1 university that serves 40,000+ students, and 53% of the study body are ethnic minorities. The San Marcos campus is located in a growing community of 60,000 people in the Austin Metropolitan Area. Located in the Texas Hill Country, where blackland prairies roll into beautiful hills, Texas State enjoys a setting that is unique among Texas universities. 

Chris Serenari, Ph.D.
Associate Professor","Research assistantship funding covers up to four long semesters of tuition and fees, contributes to health insurance premiums, and provides a competitive stipend for up to 27 months, with potential for additional funding after the end of the project. in Wildlife Ecology
o   Have earned a bachelor’s degree in Wildlife Ecology, Conservation Social Science, or similar program from accredited college or university within the United States
o   Evidence of with evidence of scholarly research/writing (e. , completed honors thesis, capstone research project)

If applying at the level of Ph",,"05/31/2026
Published:
04/22/2026
Starting Date:
9/1/2026
Ending Date:
12/31/2029
Hours per Week:
20 - 40
Salary:
Commensurate / Negotiable
Education Required:
Bachelors
Experience Required:
at least 2 years
Locations:
Texas State University (Texas)
San Marcos, Texas
Tags:
Graduate Opportunities
Description
The Serenari Human Dimensions Lab at Texas State University is searching for an outstanding candidate for a funded masters or Ph",True,0.85,Masters Position,Human Dimensions,0.238,"[""environmental studies"", ""ecology"", ""conservation"", ""endangered species""]",False,,2026-04-29T14:24:32.981845+00:00,scrape_20260429_142403_7b463112,2.0,2026-04-25T17:01:43.021726+00:00,2026-04-29T14:24:32.981845+00:00,Human Dimensions,Wildlife,rule,,,,,False,,,,,,,,,,,,,,,
Graduate Research Assistantship – Response of Pond Breeding Amphibians to Habitat Restoration,McNeese State University (State),"Lake Charles , Louisiana","$20,000 per year",after 8/15/2026,04/21/2026,Graduate Opportunities,https://jobs.rwfm.tamu.edu/view-job/?id=115820,"Graduate Research Assistantship – Response of Pond Breeding Amphibians to Habitat Restoration
McNeese State University (State) | https://www.mcneese.edu/
Details
Application Deadline:
05/31/2026
Published:
04/21/2026
Starting Date:
after 8/15/2026
Ending Date:
before 12/15/2028
Hours per Week:
at least 40
Salary:
$20,000 per year
Education Required:
Bachelors
Experience Required:
none
Location:
Lake Charles , Louisiana
Tags:
Graduate Opportunities
Description
 Job Description:  One M.S. Graduate Research Assistantship is available beginning August 2026 at McNeese State University, Lake Charles, LA to study the response of amphibian communities to intensive habitat management.  The graduate student will document and monitor the community of pond breeding amphibians throughout a mixed-use park located in Southwest Louisiana. Trapping, call surveys, and cover object arrays will be used. Some work at night and during light rain will be required.  

Qualifications:  M.S. students must have a B.S. in wildlife science, biology, natural resource conservation, or closely related discipline. Applicants should be self motivated, have a strong work ethic, and the ability to tolerate field work in a challenging environment (high heat and humidity, biting insects, etc…). 

The applicant should possess the ability to work with a diverse group of natural resource professionals, and interests in herpetology, conservation biology, and quantitative techniques are essential. Experience identifying frogs and toads by sight and vocalizations is preferred but not required. Candidate must be sensitive to issues involving species of conservation concern and land management. 
 This position comes with a Research Assistantship which  includes a half tuition waiver and salary of $20,000/yr for 2.5 years beginning August 2026 and ending December 2028. 
 To Apply: applicants should create a single pdf document containing a cover letter that includes a description of work experience and career goals, resume/CV, copies of transcripts, and GRE scores (unofficial transcripts and GRE scores at this time are acceptable), and the names and contact information (phone and e-mail address) of 3 references.  Send application to Dr. Sarah Baker (sbaker17@mcneese.edu). 

Review of applications begins immediately and continues until the position is filled. 

Last Date to apply: May 31, 2026 

Contact: Dr. Sarah J. Baker 

E-mail: sbaker17@mcneese.edu (Preferred) 

Phone: 337-475-5665 

Contact
Dr. Sarah J. Baker
337-475-5665
sbaker17@mcneese.edu (preferred contact method)","Qualifications:  M.S. students must have a B.S. in wildlife science, biology, natural resource conservation, or closely related discipline. Applicants should be self motivated, have a strong work ethic, and the ability to tolerate field work in a challenging environment (high heat and humidity, biting insects, etc…).","Graduate Research Assistantship – Response of Pond Breeding Amphibians to Habitat Restoration
McNeese State University (State) | https://www. Graduate Research Assistantship is available beginning August 2026 at McNeese State University, Lake Charles, LA to study the response of amphibian communities to intensive habitat management. This position comes with a Research Assistantship which  includes a half tuition waiver and salary of $20,000/yr for 2",,"05/31/2026
Published:
04/21/2026
Starting Date:
after 8/15/2026
Ending Date:
before 12/15/2028
Hours per Week:
at least 40
Salary:
$20,000 per year
Education Required:
Bachelors
Experience Required:
none
Location:
Lake Charles , Louisiana
Tags:
Graduate Opportunities
Description
 Job Description:  One M",True,0.85,Graduate Assistantship,Forestry and Habitat,0.167,"[""wildlife"", ""habitat"", ""conservation biology"", ""habitat restoration""]",False,,2026-04-26T06:01:49.851772+00:00,scrape_20260426_060122_d35c358b,2.0,2026-04-25T17:01:42.563466+00:00,2026-04-26T06:01:49.851772+00:00,Forestry and Habitat,Wildlife,rule,20000.0,0.8,25000.0,analytics_backfill,True,Louisiana,US,,,,,,,,,,,,,
Graduate Assistantships: Mussel Ecology – Texas A&M University,Texas A&M (State),"17360 Coit Road (Dallas, Texas)","$32,000 to $35,000 per year",after 7/1/2026,04/15/2026,Graduate Opportunities,https://jobs.rwfm.tamu.edu/view-job/?id=115689,"Graduate Assistantships: Mussel Ecology – Texas A&M University
Texas A&M (State)
Details
Application Deadline:
10/01/2026
Published:
04/15/2026
Starting Date:
after 7/1/2026
Hours per Week:
at least 40
Salary:
$32,000 to $35,000 per year
Education Required:
Bachelors
Experience Required:
none
Location:
17360 Coit Road (Dallas, Texas)
Tags:
Graduate Opportunities
Description
 Graduate Assistantships: Mussel Ecology – Texas A&M University 
 We are seeking highly motivated and hardworking students with a strong passion for the conservation of freshwater ecosystems to join the NRI Mussel Lab. Up to two graduate assistantships (MS or PhD) are available under the supervision of Dr. Charles Randklev and Dr. Roel Lopez in the Texas A&M Natural Resource Institute and the Department of Rangeland, Wildlife and Fisheries Management. These assistantships will focus on evaluating emersion tolerance to inform environmental flow (eflow) recommendations and developing/ground truthing predictive occupancy models for freshwater mussels. Projects will integrate laboratory and field-based approaches, including controlled experiments to quantify species-specific tolerance to desiccation and temperature stress, and field surveys to assess mussel occurrence across hydrologic and habitat gradients. Students will work with environmental and hydrologic datasets to identify thresholds and drivers of mussel persistence, with the goal of linking physiological limits to flow management and conservation planning in Texas river systems. 
 Position Location: Texas A&M AgriLife Research and Extension Center at Dallas. 
 Funding: support for these projects come from state and federal natural resource agencies. 
 For the PhD assistantship a full stipend (grant funded Research Assistantship) for 4 years will be provided: ~$35,000/yr (tuition + salary; ~$9,000 per year + $26,000). 
 For the MS assistantships a full stipend (grant funded Research Assistantship) for 2 years will be provided: ~$32,000/yr (~$9,000 + $23,000). 
 Additional scholarship and funding opportunities may be available.  
 Start Date: Spring 2027 for classes but can begin working on research project in Summer/Fall of 2026. 
 Last Date to Apply: 010/1/2026. 
 More information about the graduate program in the Department of Rangeland, Wildlife and Fisheries Management -  https://rwfm.tamu.edu/graduate-programs/ 
More information about the mussel research program at NRI-TAMU: https://dallas.tamu.edu/research/mussels/ 
 Qualifications: 
Required:  For PhD assistantship – MS in Biology or related field; previous research experience in environmental modeling and statistics; GPA >3.5; GRE scores >70th percentile (156 verbal and 159 quantitative). PADI, or equivalent, SCUBA certification. For MS assistantship – BS in Biology or related field; previous research experience in aquatic ecology, community ecology, or ecotoxicology; GPA >3.0; GRE scores > 60th percentile (153 verbal and 156 quantitative). 
 All applicants should have strong analytical, oral, and written communication skills, plus detail oriented and can work independently; valid driver’s license and insurance are required; must be comfortable in the water and outdoors in both the heat and cold. 
 Before applying, please email a single PDF document to BOTH Dr. Randklev (crandklev@ag.tamu.edu) AND Dr. Lopez (roel.lopez@ag.tamu.edu) that contains: (1) a letter of interest describing your qualifications, experience and background, and which position you are applying to (2) your CV, (3) GRE scores, (4) GPA and unofficial transcripts, and (5) contact information for 3 academic/research references. Feel free to contact us for more information about the graduate program, our research, and specifics about the project. 
Contact
Charles Randklev
crandklev@ag.tamu.edu (preferred contact method)","Hours per Week:
at least 40
Salary:
$32,000 to $35,000 per year
Education Required:
Bachelors
Experience Required:
none","Position Location: Texas A&M AgriLife Research and Extension Center at Dallas. For the PhD assistantship a full stipend (grant funded Research Assistantship) for 4 years will be provided: ~$35,000/yr (tuition + salary; ~$9,000 per year + $26,000). For the MS assistantships a full stipend (grant funded Research Assistantship) for 2 years will be provided: ~$32,000/yr (~$9,000 + $23,000)",,"10/01/2026
Published:
04/15/2026
Starting Date:
after 7/1/2026
Hours per Week:
at least 40
Salary:
$32,000 to $35,000 per year
Education Required:
Bachelors
Experience Required:
none
Location:
17360 Coit Road (Dallas, Texas)
Tags:
Graduate Opportunities
Description
 Graduate Assistantships: Mussel Ecology – Texas A&M University 
 We are seeking highly motivated and hardworking students with a strong passion for the conservation of freshwater ecosystems to join the NRI Mussel Lab",True,1.0,Graduate Assistantship,Fisheries and Aquatic,0.21,"[""fish"", ""fisheries"", ""aquatic"", ""freshwater"", ""river""]",False,,2026-04-19T05:53:41.677576+00:00,scrape_20260419_055317_86f6251b,2.0,2026-04-19T05:53:41.677576+00:00,2026-04-19T05:53:41.677576+00:00,Fisheries and Aquatic,Forestry and Habitat,rule,32000.0,0.95,33684.21,analytics_backfill,True,Texas,US,,,,,,,,,,,,,
MSc or PhD position: Smallmouth Bass genomics in Lake Champlain,UVM (Private),"81 Carrigan Drive (Burlington, Vermont)","starting at $34,300 per year",between 5/18/2026 and 8/31/2026,04/15/2026,Graduate Opportunities,https://jobs.rwfm.tamu.edu/view-job/?id=115603,"MSc or PhD position: Smallmouth Bass genomics in Lake Champlain
UVM (Private) | https://www.uvm.edu
Details
Application Deadline:
05/15/2026
Published:
04/15/2026
Starting Date:
between 5/18/2026 and 8/31/2026
Hours per Week:
35 - 65
Salary:
starting at $34,300 per year
Education Required:
Bachelors
Experience Required:
none
Location:
81 Carrigan Drive (Burlington, Vermont)
Tags:
Graduate Opportunities
Description
The Bernos F.I.S.H. lab is seeking a motivated graduate student for an MSc or PhD research assistantship focused on population genomics and landscape genetics of Smallmouth Bass, with an anticipated start date of September 2026 (with opportunities to start earlier). 

This project will use genomic data to characterize the population structure of Smallmouth bass in Lake Champlain, with a particular focus on evaluating the effects of habitat fragmentation and anthropogenic activities on genetic structure. Lake Champlain is a highly fragmented lakescape, where connectivity is shaped by both natural geological features (islands) and human-built barriers (causeways). Because Lake Champlain is a worldclass destination for recreational Bass fishing, there is also interest in understanding how fishing and management practices might influence the evolutionary trajectories of Bass population. Therefore, this project will also have opportunities to explore genotype-by-environment associations and fishery-induced evolution. The successful student will begin at the University of Vermont in the fall 2026 semester, with the opportunity to join us earlier. Fieldwork will involve sampling Smallmouth bass populations throughout the lake and tributaries to collect biological data and obtain fin clips for later genetic analysis. Lab work will involve DNA extraction and library preparation. This project is a collaborative effort with VT Fish and Wildlife Department and other university partners. 

 Qualifications: Required: B.S. in fisheries, biology, or related field and possession of a valid U.S. driver’s license. Applicants should also have demonstrated excellent written and oral communication skills, and an ability to work independently. Interest in collaboration and enthusiasm for clear scientific communication (written and verbal) is also required. Successful candidates will have proficiency in R, and some prior experience/exposure to molecular work and bioinformatics is expected. Applicants with experience in fish ecology, statistical & genetic analyses of large datasets are encouraged to apply.

 
How to apply: If interested, please email Dr. Thaïs Bernos (thais.bernos@uvm.edu) (1) a statement of interest that describes your educational and research background, as well as your research interests and how this position fits in your career goals (2) 2 pages curriculum vitae or resume, (3) contact information for two professional references, and (4) unofficial transcripts compiled in a single PDF and save as ‘LASTNAME_SmallmouthBass.PDF’. Please use ‘Smallmouth Bass position’ in the email subject line. Application deadline is May 1st, 2026 for full consideration. You can learn more about the Bernos F.I.S.H. Lab at https://bernoslab.wordpress.com

 

Application deadline: May 1st, 2026 

Contact
Thais Bernos
8023050363
thais.bernos@uvm.edu (preferred contact method)","Qualifications: Required: B.S. in fisheries, biology, or related field and possession of a valid U.S. driver’s license. Applicants should also have demonstrated excellent written and oral communication skills, and an ability to work independently. Interest in collaboration and enthusiasm for clear scientific communication (written and verbal) is also required. Successful candidates will have proficiency in R, and some prior experience/exposure to molecular work and bioinformatics is expected. Applicants with experience in fish ecology, statistical & genetic analyses of large datasets are encouraged to apply.","lab is seeking a motivated graduate student for an MSc or PhD research assistantship focused on population genomics and landscape genetics of Smallmouth Bass, with an anticipated start date of September 2026 (with opportunities to start earlier). edu) (1) a statement of interest that describes your educational and research background, as well as your research interests and how this position fits in your career goals (2) 2 pages curriculum vitae or resume, (3) contact information for two professional references, and (4) unofficial transcripts compiled in a single PDF and save as ‘LASTNAME_SmallmouthBass",,"05/15/2026
Published:
04/15/2026
Starting Date:
between 5/18/2026 and 8/31/2026
Hours per Week:
35 - 65
Salary:
starting at $34,300 per year
Education Required:
Bachelors
Experience Required:
none
Location:
81 Carrigan Drive (Burlington, Vermont)
Tags:
Graduate Opportunities
Description
The Bernos F",True,0.85,PhD Position,Fisheries and Aquatic,0.15,"[""fish"", ""fisheries"", ""river"", ""lake"", ""bass""]",False,,2026-04-19T05:53:41.964905+00:00,scrape_20260419_055317_86f6251b,2.0,2026-04-19T05:53:41.964905+00:00,2026-04-19T05:53:41.964905+00:00,Fisheries and Aquatic,,rule,34300.0,1.05,32666.67,analytics_backfill,True,Vermont,US,,,,,,,,,,,,,
"MS and PhD Student Opportunities at Utah State University (Forest Ecology, Disturbance Ecology, Fire Ecology)",Utah State University (State),"Logan, Utah","$23,500 to $24,500 per year",after 8/1/2026,04/14/2026,Graduate Opportunities,https://jobs.rwfm.tamu.edu/view-job/?id=115675,"MS and PhD Student Opportunities at Utah State University (Forest Ecology, Disturbance Ecology, Fire Ecology)
Utah State University (State) | https://qanr.usu.edu/wild/
Details
Application Deadline:
04/14/2027
Published:
04/14/2026
Starting Date:
after 8/1/2026
Hours per Week:
at least 40
Salary:
$23,500 to $24,500 per year
Education Required:
Bachelors
Experience Required:
none
Location:
Logan, Utah
Tags:
Graduate Opportunities
Description
 MS and PhD Student Opportunities Utah State University 
 Discipline Areas: Forest Ecology, Disturbance Ecology, Forest Health, Fire Ecology 
Research Topic: Disturbance Ecology & Management across the Intermountain West, Forest Service Region 4. 
Start Date: as early as August 2026 
Compensation: annual stipend plus benefits (tuition, fees, and insurance), and travel allowance 
·       PhD 5 years of funding (Howe Lab; $24,500 annual stipend) 
·       MS 2 years of funding (Yocom Lab; $23,500 annual stipend) 

 National Needs Fellows at Utah State University: Utah State University’s Quinney College of Agriculture & Natural Resources seeks an MS student and a PhD student to join our cohort of National Needs Fellows (NNF), in support of United Stated Department of Agriculture project funded to facilitate management of Forest Service, Region 4 Disaster Recovery. Two graduate students are sought to join the NNF cohort and participate in a graduate research project designed to improve understanding of the scientific rationale underpinning forest resources management. Mandatory student activities will include: 1) teamwork skill development; 2) collective involvement in extension and seminar-type activities focused on building leadership skills; 3) development of mentoring skills, and; 4) training in state-of-the-art tools and skills. These activities will be delivered through mentoring from the project team of faculty advisors. Ultimately, the goal is to increase workforce development in Forest Resources and Disaster Recovery. 

Project Goals: 
·       PhD student: A) quantify and monitor how management activities and silviculture treatments affect forest structure and trajectories in areas affected by biotic disturbance, abiotic disturbance, or both; and B) elucidate the joint drivers of biotic and abiotic disturbance across the Intermountain West. 
·       MS student: investigate the effectiveness of fire risk reduction strategies in mixed-conifer forests in the Intermountain West. 

Collaboration: This project is highly collaborative, and the student will work closely with a team of faculty including Dr. Michael Howe, Dr. Larissa Yocom, Dr. Justin DeRose, and Dr. Catrin Edgeley. 
 Expectations: Students are expected to maintain clean, organized databases, lead contributions to collective projects and publish their work in peer-reviewed scientific journals. Students are expected to participate in all NNF cohort activities. They will have opportunities to present their work to diverse audiences, including private landowners, policymakers, and the scientific community. 
 Requirements: 
·       PhD student: MS in forestry, entomology, ecology, or related degree. 
·       MS student: BS/BA in forestry, ecology, biology, or related degree. 

Highly qualified candidates with degrees in other fields will be considered. Preferred qualifications include qualitative and quantitative skills and field experience. Review of applications will start immediately and continue until the position is filled. 
 To apply, please email the following to Dr. Michael Howe (mike.howe@usu.edu) or Dr. Larissa Yocom (larissa.yocom@usu.edu): 1) a cover letter describing your experience and interest; 2) a CV or resume; 3) unofficial transcripts; and 4) a list of three professional references and their contact information.   
Contact
Michael Howe
mike.howe@usu.edu (preferred contact method)","MS and PhD Student Opportunities Utah State University 
 Discipline Areas: Forest Ecology, Disturbance Ecology, Forest Health, Fire Ecology 
Research Topic: Disturbance Ecology & Management across the Intermountain West, Forest Service Region 4. 
Start Date: as early as August 2026 
Compensation: annual stipend plus benefits (tuition, fees, and insurance), and travel allowance 
·       PhD 5 years of funding (Howe Lab; $24,500 annual stipend) 
·       MS 2 years of funding (Yocom Lab; $23,500 annual stipend) 

 National Needs Fellows at Utah State University: Utah State University’s Quinney College of Agriculture & Natural Resources seeks an MS student and a PhD student to join our cohort of National Needs Fellows (NNF), in support of United Stated Department of Agriculture project funded to facilitate management of Forest Service, Region 4 Disaster Recovery. Two graduate students are sought to join the NNF cohort and participate in a graduate research project designed to improve understanding of the scientific rationale underpinning forest resources management. Mandatory student activities will include: 1) teamwork skill development; 2) collective involvement in extension and seminar-type activities focused on building leadership skills; 3) development of mentoring skills, and; 4) training in state-of-the-art tools and skills. These activities will be delivered through mentoring from the project team of faculty advisors. Ultimately, the goal is to increase workforce development in Forest Resources and Disaster Recovery. 

Project Goals: 
·       PhD student: A) quantify and monitor how management activities and silviculture treatments affect forest structure and trajectories in areas affected by biotic disturbance, abiotic disturbance, or both; and B) elucidate the joint drivers of biotic and abiotic disturbance across the Intermountain West. 
·       MS student: investigate the effectiveness of fire risk reduction strategies in mixed-conifer forests in the Intermountain West. 

Collaboration: This project is highly collaborative, and the student will work closely with a team of faculty including Dr. Michael Howe, Dr. Larissa Yocom, Dr. Justin DeRose, and Dr. Catrin Edgeley. 
 Expectations: Students are expected to maintain clean, organized databases, lead contributions to collective projects and publish their work in peer-reviewed scientific journals. Students are expected to participate in all NNF cohort activities. They will have opportunities to present their work to diverse audiences, including private landowners, policymakers, and the scientific community. 
 Requirements: 
·       PhD student: MS in forestry, entomology, ecology, or related degree. 
·       MS student: BS/BA in forestry, ecology, biology, or related degree. 

Highly qualified candidates with degrees in other fields will be considered. Preferred qualifications include qualitative and quantitative skills and field experience. Review of applications will start immediately and continue until the position is filled. 
 To apply, please email the following to Dr. Michael Howe (mike.howe@usu.edu) or Dr. Larissa Yocom (larissa.yocom@usu.edu): 1) a cover letter describing your experience and interest; 2) a CV or resume; 3) unofficial transcripts; and 4) a list of three professional references and their contact information.","edu/wild/
Details
Application Deadline:
04/14/2027
Published:
04/14/2026
Starting Date:
after 8/1/2026
Hours per Week:
at least 40
Salary:
$23,500 to $24,500 per year
Education Required:
Bachelors
Experience Required:
none
Location:
Logan, Utah
Tags:
Graduate Opportunities
Description
 MS and PhD Student Opportunities Utah State University 
 Discipline Areas: Forest Ecology, Disturbance Ecology, Forest Health, Fire Ecology 
Research Topic: Disturbance Ecology & Management across the Intermountain West, Forest Service Region 4. Two graduate students are sought to join the NNF cohort and participate in a graduate research project designed to improve understanding of the scientific rationale underpinning forest resources management",,"04/14/2027
Published:
04/14/2026
Starting Date:
after 8/1/2026
Hours per Week:
at least 40
Salary:
$23,500 to $24,500 per year
Education Required:
Bachelors
Experience Required:
none
Location:
Logan, Utah
Tags:
Graduate Opportunities
Description
 MS and PhD Student Opportunities Utah State University 
 Discipline Areas: Forest Ecology, Disturbance Ecology, Forest Health, Fire Ecology 
Research Topic: Disturbance Ecology & Management across the Intermountain West, Forest Service Region 4",True,0.85,PhD Position,Forestry and Habitat,0.278,"[""natural resources"", ""forest service"", ""forestry"", ""silviculture"", ""fire ecology""]",False,,2026-04-19T05:53:42.158523+00:00,scrape_20260419_055317_86f6251b,2.0,2026-04-19T05:53:42.158523+00:00,2026-04-19T05:53:42.158523+00:00,Forestry and Habitat,Entomology,rule,23500.0,0.95,24736.84,analytics_backfill,True,Utah,US,,,,,,,,,,,,,
PhD position: Waterfowl use of farm-adjacent habitats and HPAI risk in Canada,University of Saskatchewan (Federal),"Saskatoon, Canada","starting at $35,000 per year",after 9/1/2026,04/13/2026,Graduate Opportunities,https://jobs.rwfm.tamu.edu/view-job/?id=115619,"PhD position: Waterfowl use of farm-adjacent habitats and HPAI risk in Canada
University of Saskatchewan (Federal)
Details
Application Deadline:
05/08/2026
Published:
04/13/2026
Starting Date:
after 9/1/2026
Hours per Week:
37 - 38
Salary:
starting at $35,000 per year
Education Required:
Bachelors
Experience Required:
none
Location:
Saskatoon, Canada
Tags:
Graduate Opportunities
Description
A PhD studentship is available with Dr. Mitch Weegman in the Department of Biology at the University of Saskatchewan (https://www.ducks.ca/our-work/science/saskatchewan-endowed-chair/), co-supervised by Dr. Jolene Giacinti (Environment and Climate Change Canada), in collaboration with Dr. John Coluccy (Ducks Unlimited Inc.).
 Highly pathogenic avian influenza (HPAI) continues to cause outbreaks in wild birds and domestic poultry in Canada, with significant implications for wildlife conservation, agriculture, and One Health.
 To better understand the waterfowl–poultry interface and associated transmission risks, the student will investigate how GPS-tracked waterfowl use the immediate surroundings of commercial poultry and dairy farms and how these local interactions may relate to HPAI risk. This is an analysis-focused project using existing datasets; no new field data collection is planned. The work involves sensitive datasets and strict adherence to confidentiality and data-governance protocols will be required. There will be opportunities for field work on related projects across North America for the student to build field experiences during the graduate program. 
 The student and research team will develop research questions that support a common goal of understanding fine-scale patterns of waterfowl use near farms and implications for HPAI transmission. There is substantial opportunity for the student to lead on development of objectives/manuscripts. Primary objectives for the student will be to:
 1.       Quantify local habitat use by tagged waterfowl in the vicinity of poultry and dairy premises.
2.       Assess overlap between waterfowl movements and farm locations, including farms with and without historical HPAI detections, and evaluate how nearby habitat/farm characteristics relate to this overlap.
3.       Synthesize implications for biosecurity, wildlife conservation, and One Health related to HPAI at the wildlife–agriculture interface.
 Prerequisites: Ideal candidates will have an MSc in ecology, statistics or a closely related field. Preference will be given to applicants with a quantitative background (e.g., Program R, spatial/movement modelling), experience handling large datasets, and interest in avian movement ecology. Knowledge of disease ecology is beneficial but not mandatory. The successful applicant will be expected to publish in peer-reviewed journals, present at scientific meetings, and communicate findings effectively with government and non-government partners and stakeholders.
 Salary and benefits: $35,000 CDN per year plus compensation for tuition and fees.
 Start date: September 2026 or January 2027
 Last date to apply: 8 May 2026
 To be considered for this position, please send the following (preferably as a single PDF) to Dr. Mitch Weegman (mitch.weegman@usask.ca) and Dr. Jolene Giacinti (jolene.giacinti@ec.gc.ca):
 1.       Letter of interest summarizing your experience (i.e., cover letter),
2.       Curriculum vitae or résumé,
3.       University transcripts (unofficial are OK),
4.       Contact information for three references.
Contact
Mitch Weegman
mitch.weegman@usask.ca (preferred contact method)","A PhD studentship is available with Dr. Mitch Weegman in the Department of Biology at the University of Saskatchewan (https://www.ducks.ca/our-work/science/saskatchewan-endowed-chair/), co-supervised by Dr. Jolene Giacinti (Environment and Climate Change Canada), in collaboration with Dr. John Coluccy (Ducks Unlimited Inc.).
 Highly pathogenic avian influenza (HPAI) continues to cause outbreaks in wild birds and domestic poultry in Canada, with significant implications for wildlife conservation, agriculture, and One Health.
 To better understand the waterfowl–poultry interface and associated transmission risks, the student will investigate how GPS-tracked waterfowl use the immediate surroundings of commercial poultry and dairy farms and how these local interactions may relate to HPAI risk. This is an analysis-focused project using existing datasets; no new field data collection is planned. The work involves sensitive datasets and strict adherence to confidentiality and data-governance protocols will be required. There will be opportunities for field work on related projects across North America for the student to build field experiences during the graduate program. 
 The student and research team will develop research questions that support a common goal of understanding fine-scale patterns of waterfowl use near farms and implications for HPAI transmission. There is substantial opportunity for the student to lead on development of objectives/manuscripts. Primary objectives for the student will be to:
 1.       Quantify local habitat use by tagged waterfowl in the vicinity of poultry and dairy premises.
2.       Assess overlap between waterfowl movements and farm locations, including farms with and without historical HPAI detections, and evaluate how nearby habitat/farm characteristics relate to this overlap.
3.       Synthesize implications for biosecurity, wildlife conservation, and One Health related to HPAI at the wildlife–agriculture interface.
 Prerequisites: Ideal candidates will have an MSc in ecology, statistics or a closely related field. Preference will be given to applicants with a quantitative background (e.g., Program R, spatial/movement modelling), experience handling large datasets, and interest in avian movement ecology. Knowledge of disease ecology is beneficial but not mandatory. The successful applicant will be expected to publish in peer-reviewed journals, present at scientific meetings, and communicate findings effectively with government and non-government partners and stakeholders.
 Salary and benefits: $35,000 CDN per year plus compensation for tuition and fees.
 Start date: September 2026 or January 2027
 Last date to apply: 8 May 2026
 To be considered for this position, please send the following (preferably as a single PDF) to Dr. Mitch Weegman (mitch.weegman@usask.ca) and Dr. Jolene Giacinti (jolene.giacinti@ec.gc.ca):
 1.       Letter of interest summarizing your experience (i.e., cover letter),
2.       Curriculum vitae or résumé,
3.       University transcripts (unofficial are OK),
4.       Contact information for three references.",The student and research team will develop research questions that support a common goal of understanding fine-scale patterns of waterfowl use near farms and implications for HPAI transmission,,"05/08/2026
Published:
04/13/2026
Starting Date:
after 9/1/2026
Hours per Week:
37 - 38
Salary:
starting at $35,000 per year
Education Required:
Bachelors
Experience Required:
none
Location:
Saskatoon, Canada
Tags:
Graduate Opportunities
Description
A PhD studentship is available with Dr",True,0.85,PhD Position,Wildlife,0.194,"[""wildlife"", ""wildlife conservation"", ""waterfowl"", ""bird"", ""avian""]",False,,2026-04-19T05:53:42.366785+00:00,scrape_20260419_055317_86f6251b,2.0,2026-04-19T05:53:42.366785+00:00,2026-04-19T05:53:42.366785+00:00,Wildlife,Environmental Sciences,rule,35000.0,1.1,31818.18,analytics_backfill,False,,,,,,,,,,,,,,,
MS Assistantship - Turtle Research in the Coastal Ecology Lab,Nicholls State University (State),"906 East First St (Thibodaux, Louisiana)","starting at $18,000 per year",after 8/12/2026,04/10/2026,Graduate Opportunities,https://jobs.rwfm.tamu.edu/view-job/?id=115291,"MS Assistantship - Turtle Research in the Coastal Ecology Lab
Nicholls State University (State) | https://www.nicholls.edu
Details
Application Deadline:
04/30/2026
Published:
04/10/2026
Starting Date:
after 8/12/2026
Hours per Week:
at least 20
Salary:
starting at $18,000 per year
Education Required:
Bachelors
Experience Required:
at least 1 year
Location:
906 East First St (Thibodaux, Louisiana)
Tags:
Graduate Opportunities
Description
A graduate student teaching assistantship is available starting in August 2026. This is a M.S. level position in the Marine and Environmental Biology Program at Nicholls State University. The potential graduate student would join the Coastal Ecology Lab under the supervision of Dr. Timothy Clay. The graduate student would join the lab to continue our work with Diamondback Terrapin . In particular, the student will develop a thesis examining the geometric morphometrics and skeletochronolgy of hatchling and adult Diamondback Terrapin. The student will work closely with the PI to continue our Diamondback Terrapin Head-Start Program by conducting nesting surveys, road-mortality surveys, egg incubation, and rearing of hatchlings. At a minimum, students should have a B.S. in Biology or related field, with an interest in conservation, ecology, herpetology, outreach, and environmental education. Experience with R, interest in statistics, and maintaining large databases would also be an asset. This position will come with a tuition waiver and be funded through a teaching assistantship during the semester and from grant monies over the winter and summer months.
 For more information, please contact Dr. Clay (tim.clay@nicholls.edu). Those interested should submit a CV, unofficial transcripts, and a cover letter. The cover letter must address your research interests, how they relate to this position, and your assessment of your ability to complete a M.S. program.
Contact
Dr. Timothy Clay
9854484714
tim.clay@nicholls.edu (preferred contact method)","Hours per Week:
at least 20
Salary:
starting at $18,000 per year
Education Required:
Bachelors
Experience Required:
at least 1 year","MS Assistantship - Turtle Research in the Coastal Ecology Lab
Nicholls State University (State) | https://www. The cover letter must address your research interests, how they relate to this position, and your assessment of your ability to complete a M",,"04/30/2026
Published:
04/10/2026
Starting Date:
after 8/12/2026
Hours per Week:
at least 20
Salary:
starting at $18,000 per year
Education Required:
Bachelors
Experience Required:
at least 1 year
Location:
906 East First St (Thibodaux, Louisiana)
Tags:
Graduate Opportunities
Description
A graduate student teaching assistantship is available starting in August 2026",True,0.85,Graduate Assistantship,Human Dimensions,0.0,[],False,,2026-04-12T05:50:19.124523+00:00,scrape_20260412_054953_ecebd137,2.0,2026-04-05T05:41:50.918353+00:00,2026-04-12T05:50:19.124523+00:00,Human Dimensions,Wildlife,rule,18000.0,0.8,22500.0,analytics_backfill,True,Louisiana,US,,,,,,,,,,,,,
PhD Research assistantships at Clemson University: American Shad spawning in the Santee-Cooper Basin,Clemson University (State),"Clemson, South Carolina","starting at $30,000 per year",after 8/18/2026,04/10/2026,N/A,https://jobs.rwfm.tamu.edu/view-job/?id=115235,"PhD Research assistantships at Clemson University: American Shad spawning in the Santee-Cooper Basin
Clemson University (State)
Details
Application Deadline:
06/01/2026
Published:
04/10/2026
Starting Date:
after 8/18/2026
Hours per Week:
at most 40
Salary:
starting at $30,000 per year
Education Required:
Masters
Experience Required:
none
Location:
Clemson, South Carolina
Description
Compensation: 

·         $30,000 per year for 5 years 
·         Position includes full tuition waiver and eligibility for university health benefits package.

Start date: August 2026 or Spring 2027

 Application deadline: Application reviews will begin on May 31st. The position will remain open until filled. 
 Responsibilities: We are seeking an enthusiastic candidate to conduct research aimed at estimating the quantity and quality of American Shad spawning habitat in the Santee Basin using both active and passive telemetry. Responsibilities will include leading a field crew conducting boat electrofishing, American Shad telemetry, and habitat surveys; geospatial and statistical analyses; writing a research proposal, dissertation, and technical reports; and completing coursework pursuant to a PhD degree. The candidate will work closely with a large group of university, private, and agency collaborators. 

 Candidates must have:

·         A MS degree in fisheries, ecology, biology, or equivalent
·         Competitive practical experience in fish/stream/freshwater research
·         Demonstrated excellence in written, verbal, and quantitative skills
·         A valid US driver’s license

Ideal candidates will have some combination of experience in:

·         Leading and working in field crews under adverse conditions 
·         Boat electrofishing and telemetry 
·         Habitat suitability modeling
·         Habitat surveys
·         Fish ecology
·         Working with staff from agencies, nongovernmental organizations, landowners, etc.
·         Analysis using R software, GIS, etc.
·         Scientific writing and communication

To apply, please send applications to Drs. Luke Bower (lmbower@clemson.edu) and  Troy Farmer (tmfarme@clemson.edu) andwith the subject “PhD application: Santee Shad”. Packets should include in a single PDF 1) a cover letter describing your interest in the project and career goals, 2) your CV, including at least 3 references, and 3) unofficial transcripts. The GRE is not required for admission to Clemson or to work with our team, but applicants may also include GRE scores if they think it will improve their packet.

Contact
Luke Bower
lmbower@clemson.edu (preferred contact method)","Hours per Week:
at most 40
Salary:
starting at $30,000 per year
Education Required:
Masters
Experience Required:
none","PhD Research assistantships at Clemson University: American Shad spawning in the Santee-Cooper Basin
Clemson University (State)
Details
Application Deadline:
06/01/2026
Published:
04/10/2026
Starting Date:
after 8/18/2026
Hours per Week:
at most 40
Salary:
starting at $30,000 per year
Education Required:
Masters
Experience Required:
none
Location:
Clemson, South Carolina
Description
Compensation: 

·         $30,000 per year for 5 years 
·         Position includes full tuition waiver and eligibility for university health benefits package. Responsibilities: We are seeking an enthusiastic candidate to conduct research aimed at estimating the quantity and quality of American Shad spawning habitat in the Santee Basin using both active and passive telemetry. Responsibilities will include leading a field crew conducting boat electrofishing, American Shad telemetry, and habitat surveys; geospatial and statistical analyses; writing a research proposal, dissertation, and technical reports; and completing coursework pursuant to a PhD degree",,"06/01/2026
Published:
04/10/2026
Starting Date:
after 8/18/2026
Hours per Week:
at most 40
Salary:
starting at $30,000 per year
Education Required:
Masters
Experience Required:
none
Location:
Clemson, South Carolina
Description
Compensation: 

·         $30,000 per year for 5 years 
·         Position includes full tuition waiver and eligibility for university health benefits package",True,0.85,Graduate Assistantship,Fisheries and Aquatic,0.18,"[""fish"", ""fisheries"", ""freshwater"", ""stream"", ""river""]",False,,2026-04-12T05:50:18.636572+00:00,scrape_20260412_054953_ecebd137,2.0,2026-04-12T05:50:18.636572+00:00,2026-04-12T05:50:18.636572+00:00,Fisheries and Aquatic,Human Dimensions,rule,30000.0,0.85,35294.12,analytics_backfill,True,South Carolina,US,,,,,,,,,,,,,
MS Research assistantships at Clemson University: American Shad habitat spawning in the Santee-Cooper Basin,Clemson University (State),"Clemson, South Carolina","starting at $25,000 per year",after 8/18/2026,04/10/2026,Graduate Opportunities,https://jobs.rwfm.tamu.edu/view-job/?id=115410,"MS Research assistantships at Clemson University: American Shad habitat spawning in the Santee-Cooper Basin
Clemson University (State)
Details
Application Deadline:
06/01/2026
Published:
04/10/2026
Starting Date:
after 8/18/2026
Hours per Week:
at least 0
Salary:
starting at $25,000 per year
Education Required:
Bachelors
Experience Required:
none
Location:
Clemson, South Carolina
Tags:
Graduate Opportunities
Description
Compensation: 

·         $25,000 per year for 2.5 years 
·         Position includes full tuition waiver and eligibility for university health benefits package.

Start date: August 2026 or Spring 2027

Application deadline: Application reviews will begin on May 31st. The position will remain open until filled. 
 Responsibilities: We are seeking an enthusiastic candidate to conduct research aimed at estimating the quantity and quality of American Shad spawning habitat in the Santee Basin. Responsibilities will include leading a field crew conducting boat electrofishing, American Shad telemetry, and habitat surveys; geospatial and statistical analyses; writing a research proposal, dissertation, and technical reports; and completing coursework pursuant to a MS degree. The candidate will work closely with a large group of university, private, and agency collaborators. 

Candidates must have:

·         A BS degree in fisheries, ecology, biology, or equivalent
·         Competitive practical experience in fish/stream/freshwater research
·         Demonstrated excellence in written, verbal, and quantitative skills
·         A valid US driver’s license

Ideal candidates will have some combination of experience in:

·         Leading and working in field crews under adverse conditions 
·         Boat electrofishing and telemetry 
·         Habitat surveys
·         Fish ecology
·         Working with staff from agencies, nongovernmental organizations, landowners, etc.
·         Analysis using R software, GIS, etc.
·         Scientific writing and communication

To apply, please send applications to Drs. Troy Farmer (tmfarme@clemson.edu) and Luke Bower (lmbower@clemson.edu) with the subject “MS application: Santee Shad”. Packets should include in a single PDF 1) a cover letter describing your interest in the project and career goals, 2) your CV, including at least 3 references, and 3) unofficial transcripts. The GRE is not required for admission to Clemson or to work with our team, but applicants may also include GRE scores if they think it will improve their packet.

Contact
Luke Bower
lmbower@clemson.edu (preferred contact method)","Hours per Week:
at least 0
Salary:
starting at $25,000 per year
Education Required:
Bachelors
Experience Required:
none","MS Research assistantships at Clemson University: American Shad habitat spawning in the Santee-Cooper Basin
Clemson University (State)
Details
Application Deadline:
06/01/2026
Published:
04/10/2026
Starting Date:
after 8/18/2026
Hours per Week:
at least 0
Salary:
starting at $25,000 per year
Education Required:
Bachelors
Experience Required:
none
Location:
Clemson, South Carolina
Tags:
Graduate Opportunities
Description
Compensation: 

·         $25,000 per year for 2. Responsibilities: We are seeking an enthusiastic candidate to conduct research aimed at estimating the quantity and quality of American Shad spawning habitat in the Santee Basin. Responsibilities will include leading a field crew conducting boat electrofishing, American Shad telemetry, and habitat surveys; geospatial and statistical analyses; writing a research proposal, dissertation, and technical reports; and completing coursework pursuant to a MS degree",,"06/01/2026
Published:
04/10/2026
Starting Date:
after 8/18/2026
Hours per Week:
at least 0
Salary:
starting at $25,000 per year
Education Required:
Bachelors
Experience Required:
none
Location:
Clemson, South Carolina
Tags:
Graduate Opportunities
Description
Compensation: 

·         $25,000 per year for 2",True,0.85,Graduate Assistantship,Fisheries and Aquatic,0.18,"[""fish"", ""fisheries"", ""freshwater"", ""stream"", ""river""]",False,,2026-04-12T05:50:18.926591+00:00,scrape_20260412_054953_ecebd137,2.0,2026-04-12T05:50:18.926591+00:00,2026-04-12T05:50:18.926591+00:00,Fisheries and Aquatic,Forestry and Habitat,rule,25000.0,0.85,29411.76,analytics_backfill,True,South Carolina,US,,,,,,,,,,,,,
Graduate Assistantship in Environmental Microbiology,Georgia Southern University (State),"Georgia Southern University (Statesboro, Georgia)","$14,000 to $28,000 per year",after 8/13/2025,04/09/2025,Undergraduate Opportunities,,,,,,,True,0.85,Graduate Assistantship,Environmental Sciences,,,,,,,,2025-07-11T10:29:13.350435,2025-07-11T10:29:13.350435,Environmental Sciences,,rule,14000.0,0.9,15555.555555555555,source_data,True,Georgia,US,Southeast,4513152434333645291,,,,,,,,,,"{""min_salary"": null, ""max_salary"": null, ""salary_text"": """"}","{""full_location"": ""Georgia Southern University (Statesboro, Georgia)"", ""city"": ""Georgia Southern University"", ""state"": null, ""cleaned_location"": ""Georgia Southern University""}"
Doctoral Student in Environmental Toxicology,"Wildlife Toxicology Laboratory, Texas Tech University (State)","Reese Technology Center (Lubbock, Texas)",,after 1/5/2026,04/07/2025,"[""Graduate Opportunities""]",https://jobs.rwfm.tamu.edu/view/105518/,"Doctoral Student in Environmental Toxicology
Wildlife Toxicology Laboratory, Texas Tech University (State)
Application Deadline:
08/31/2025
Published:
04/07/2025
Starting Date:
after 1/5/2026
Hours per Week:
at least 40
Salary:
Commensurate / Negotiable
Education Required:
Bachelors
Experience Required:
none
Location:
Reese Technology Center (Lubbock, Texas)
Tags:
Graduate Opportunities
3 months ago
Open in New Window",,,,08/31/2025,True,0.85,PhD Position,Wildlife,,,,,2025-07-13T14:46:01.769726+00:00,,4.0-targeted,2025-07-13T14:47:11.244985+00:00,,Wildlife,Environmental Sciences,rule,,,,,True,Texas,US,,,105518,Commensurate / Negotiable,at least 40,Bachelors,none,,,2026-02-19T18:06:18.298934+00:00,GraduatePositionDetector,,
"Masters Research Assistant - Michigan State University, Quantitative Fisheries Center","Michigan State University, Department of Fisheries and Wildlife (Private)","Michigan State University (East Lansing, Michigan)","starting at $24,000 per year",after 8/15/2026,04/06/2026,Graduate Opportunities,https://jobs.rwfm.tamu.edu/view-job/?id=115414,"Masters Research Assistant - Michigan State University, Quantitative Fisheries Center
Michigan State University, Department of Fisheries and Wildlife (Private) | https://mauriliberati.weebly.com/
Details
Application Deadline:
06/01/2026
Published:
04/06/2026
Starting Date:
after 8/15/2026
Hours per Week:
40
Salary:
starting at $24,000 per year
Education Required:
Bachelors
Experience Required:
none
Location:
Michigan State University (East Lansing, Michigan)
Tags:
Graduate Opportunities
Description
Overview
We are seeking a motivated M.S. student to join the Department of Fisheries & Wildlife at Michigan State University beginning Fall 2026. The student will be advised by Dr. Mauri Liberati in the Decision Analysis and Support Lab and affiliated with the Quantitative Fisheries Center (QFC). 

The selected student will contribute to decision analysis research that informs resource management optimization, risk analysis, monitoring design, and tradeoff evaluation in Great Lakes fisheries. Specific project direction will be tailored to the student’s interests and ongoing collaborative needs but may involve topics such as large-scale evaluation of sea lamprey barriers or analysis of creel methodologies for fisheries management.

Compensation
This MS position is supported with 2 years of research assistants, which includes a stipend (approx. $24,000 per year, with a 3% annual increase), tuition coverage, health insurance, and professional development opportunities (e.g., conferences, workshops). 

Qualifications
Applicants must have a bachelor’s degree in Fisheries & Wildlife, Ecology, Environmental Science, Applied Statistics, or a closely related field, and meet the minimum acceptance qualifications of Michigan State University. Applicants should also have an interest in decision analysis and support of natural resources conservation, particularly for fisheries management. Candidates should have good organizational skills, attention to detail, strong communication skills, and be creative problem solvers. Experience with R, Python, or other quantitative tools is preferred and interest in applied research is crucial. 

To Apply
Interested applicants should submit their application via this Google form. The application should be a single file that includes 1) a cover letter that describes your research interests and career goals, 2) your CV or resume, 3) your transcripts (unofficial is fine), and 4) the names and contact information for 2-3 references. 

Competitive candidates will be invited to participate in a virtual interview. Following interviews, a selected applicant will be invited to apply to Michigan State University's Fisheries & Wildlife graduate program. MSU’s graduate degree program requirements will include: official Bachelor degree granting transcript; 3 letters of recommendation; an academic statement; and a personal statement. GRE scores are not required. More information can be found at the Department of Fisheries and Wildlife Graduate Program page.
 Deadline: We will begin review applicants on May 4, 2026. Afterward, applications will be reviewed on a rolling basis until the position is filled. 
Contact
Mauri Liberati
libera22@msu.edu (preferred contact method)","Overview
We are seeking a motivated M.S. student to join the Department of Fisheries & Wildlife at Michigan State University beginning Fall 2026. The student will be advised by Dr. Mauri Liberati in the Decision Analysis and Support Lab and affiliated with the Quantitative Fisheries Center (QFC). 

The selected student will contribute to decision analysis research that informs resource management optimization, risk analysis, monitoring design, and tradeoff evaluation in Great Lakes fisheries. Specific project direction will be tailored to the student’s interests and ongoing collaborative needs but may involve topics such as large-scale evaluation of sea lamprey barriers or analysis of creel methodologies for fisheries management.

Compensation
This MS position is supported with 2 years of research assistants, which includes a stipend (approx. $24,000 per year, with a 3% annual increase), tuition coverage, health insurance, and professional development opportunities (e.g., conferences, workshops). 

Qualifications
Applicants must have a bachelor’s degree in Fisheries & Wildlife, Ecology, Environmental Science, Applied Statistics, or a closely related field, and meet the minimum acceptance qualifications of Michigan State University. Applicants should also have an interest in decision analysis and support of natural resources conservation, particularly for fisheries management. Candidates should have good organizational skills, attention to detail, strong communication skills, and be creative problem solvers. Experience with R, Python, or other quantitative tools is preferred and interest in applied research is crucial. 

To Apply
Interested applicants should submit their application via this Google form. The application should be a single file that includes 1) a cover letter that describes your research interests and career goals, 2) your CV or resume, 3) your transcripts (unofficial is fine), and 4) the names and contact information for 2-3 references. 

Competitive candidates will be invited to participate in a virtual interview. Following interviews, a selected applicant will be invited to apply to Michigan State University's Fisheries & Wildlife graduate program. MSU’s graduate degree program requirements will include: official Bachelor degree granting transcript; 3 letters of recommendation; an academic statement; and a personal statement. GRE scores are not required. More information can be found at the Department of Fisheries and Wildlife Graduate Program page.
 Deadline: We will begin review applicants on May 4, 2026. Afterward, applications will be reviewed on a rolling basis until the position is filled.","Masters Research Assistant - Michigan State University, Quantitative Fisheries Center
Michigan State University, Department of Fisheries and Wildlife (Private) | https://mauriliberati. The selected student will contribute to decision analysis research that informs resource management optimization, risk analysis, monitoring design, and tradeoff evaluation in Great Lakes fisheries. Compensation
This MS position is supported with 2 years of research assistants, which includes a stipend (approx",,"06/01/2026
Published:
04/06/2026
Starting Date:
after 8/15/2026
Hours per Week:
40
Salary:
starting at $24,000 per year
Education Required:
Bachelors
Experience Required:
none
Location:
Michigan State University (East Lansing, Michigan)
Tags:
Graduate Opportunities
Description
Overview
We are seeking a motivated M",True,0.85,Masters Position,Fisheries and Aquatic,0.0,[],True,Michigan State University,2026-04-12T05:50:18.829656+00:00,scrape_20260412_054953_ecebd137,2.0,2026-04-12T05:50:18.829656+00:00,2026-04-12T05:50:18.829656+00:00,Fisheries and Aquatic,Human Dimensions,rule,24000.0,0.85,28235.29,analytics_backfill,True,Michigan,US,,,,,,,,,,,,,
Ph.D. Student in Fisheries Ecology,Louisiana State University (State),"Renewable Natural Resources Building (Baton Rouge, Louisiana)","$30,667 per year",8/24/2026,04/06/2026,Graduate Opportunities,https://jobs.rwfm.tamu.edu/view-job/?id=115385,"Ph.D. Student in Fisheries Ecology
Louisiana State University (State) | https://lsu.edu
Details
Posting:
https://fishecodynamicslab.wixsite.com/home
Application Deadline:
06/30/2026
Published:
04/06/2026
Starting Date:
8/24/2026
Hours per Week:
20
Salary:
$30,667 per year
Education Required:
Masters
Experience Required:
none
Location:
Renewable Natural Resources Building (Baton Rouge, Louisiana)
Tags:
Graduate Opportunities
Description
Position Title: One Ph.D. student to work in the Fisheries Ecology and Ecosystem Dynamics (FEED) Lab of Dr. Jeff Plumlee at Louisiana State University. Start date is Fall of 2026; however, may begin earlier in 2026 depending on project needs. Compensation: Competitive 12-month stipend and tuition coverage.
 Responsibilities: The student will work closely with state agencies, recreational and commercial fishers, as well as academic collaborators to conduct funded research broadly investigating the ecological relationships of fishery-important species and the human dimensions surrounding their respective fisheries. Funding for projects is primarily tied to the trophic impacts of Harmful Algal Blooms (HABs) on estuarine fish and invertebrate communities. 
  
The student will use a variety of research techniques including (but not limited to), natural biogeochemical markers, long-term fishery-independent data analysis, manipulative field experimentation, and mail and internet surveys.
 Each student-led project will use a combination of multiple orthogonal methods as part of their research. Students should expect to be exposed to a wide range of skills, data collection methods, and analytical tools. All research conducted by the FEED Lab will incorporate the dissemination of the students' findings to stakeholders during their graduate responsibilities.
 
 Required Qualifications:
- A M.S. in ecology, biology, fisheries/aquatic science or a closely related field (other degree programs will be considered).
- Demonstrated experience in written and verbal communication. 
- Basic understanding of the programming language R and a formalized introduction to biostatistics.
 To Apply: Submit applications to Dr. Jeff Plumlee (jplumlee@agcenter.lsu.edu). Applications should include 1) a cover letter, 2) CV, 3) contact information for three references; all three components should be merged into a single PDF document. Please contact Dr. Plumlee with any questions or inquiries about the position.
 Closing Date: Application reviews will begin April 15, 2026 and continue until the position has been filled.
 For more information or questions:
Dr. Jeff Plumlee
Louisiana State University - Agricultural Center
jplumlee@agcenter.lsu.edu
https://fishecodynamicslab.wixsite.com/home 
Contact
Jeff Plumlee
2255784102
jplumlee@agcenter.lsu.edu (preferred contact method)","Hours per Week:
20
Salary:
$30,667 per year
Education Required:
Masters
Experience Required:
none","Responsibilities: The student will work closely with state agencies, recreational and commercial fishers, as well as academic collaborators to conduct funded research broadly investigating the ecological relationships of fishery-important species and the human dimensions surrounding their respective fisheries. The student will use a variety of research techniques including (but not limited to), natural biogeochemical markers, long-term fishery-independent data analysis, manipulative field experimentation, and mail and internet surveys. Each student-led project will use a combination of multiple orthogonal methods as part of their research",,"06/30/2026
Published:
04/06/2026
Starting Date:
8/24/2026
Hours per Week:
20
Salary:
$30,667 per year
Education Required:
Masters
Experience Required:
none
Location:
Renewable Natural Resources Building (Baton Rouge, Louisiana)
Tags:
Graduate Opportunities
Description
Position Title: One Ph",True,0.85,Graduate Position,Fisheries and Aquatic,0.185,"[""natural resources"", ""recreation"", ""human dimensions"", ""stakeholder""]",False,,2026-04-12T05:50:22.707025+00:00,scrape_20260412_054953_ecebd137,2.0,2026-04-12T05:50:22.707025+00:00,2026-04-12T05:50:22.707025+00:00,Fisheries and Aquatic,Human Dimensions,rule,30667.0,0.8,38333.75,analytics_backfill,True,Louisiana,US,,,,,,,,,,,,,
"PhD Student, Movement Ecology of Midcontinent Mallards, Arkansas",University of Arkansas Monticello (State),"110 University Court (Monticello, Arkansas)","$30,000 to $32,500 per year",between 8/18/2025 and 1/12/2026,04/04/2025,"[""Graduate Opportunities""]",https://jobs.rwfm.tamu.edu/view/105632/,"PhD Student, Movement Ecology of Midcontinent Mallards, Arkansas
University of Arkansas Monticello (State)
Application Deadline:
07/31/2025
Published:
04/04/2025
Starting Date:
between 8/18/2025 and 1/12/2026
Ending Date:
between 8/18/2028 and 1/12/2030
Hours per Week:
20 - 40
Salary:
$30,000 to $32,500 per year
Education Required:
Bachelors
Experience Required:
none
Location:
110 University Court (Monticello, Arkansas)
Tags:
Graduate Opportunities
3 months ago
Open in New Window",,,,07/31/2025,True,0.85,PhD Position,Wildlife,,,,,2025-07-13T14:46:01.792210+00:00,,4.0-targeted,2025-07-11T10:29:13.350435,2025-07-11T10:29:13.350435,Wildlife,,rule,30000.0,0.8,37500.0,source_data,True,Arkansas,US,Southeast,8038955088547774525,105632,"$30,000 to $32,500 per year",20 - 40,Bachelors,none,True,2025-07-13T14:47:11.244991+00:00,,,,
"PhD student position: Food web ecology and management of nonnative Mysis shrimp in Grand Lake, Colorado",Colorado State University (State),"Fort Collins, Colorado",Commensurate / Negotiable,between 7/1/2026 and 1/1/2027,03/31/2026,Graduate Opportunities,https://jobs.rwfm.tamu.edu/view-job/?id=115275,"PhD student position: Food web ecology and management of nonnative Mysis shrimp in Grand Lake, Colorado
Colorado State University (State) | https://warnercnr.colostate.edu/fwcb/
Details
Application Deadline:
07/01/2026
Published:
03/31/2026
Starting Date:
between 7/1/2026 and 1/1/2027
Hours per Week:
40
Salary:
Commensurate / Negotiable
Education Required:
Bachelors
Experience Required:
none
Location:
Fort Collins, Colorado
Tags:
Graduate Opportunities
Description
 PhD student position: Food web ecology and management of nonnative Mysis shrimp in Grand Lake, Colorado 
 Location: Dept. of Fish, Wildlife, & Conservation Biology, Colorado State University, Fort Collins, CO 
 Description: The Department of Fish, Wildlife, and Conservation Biology at Colorado State University invites applications for a funded PhD student position to study ecology and management of nonnative Mysis shrimp in Grand Lake, Colorado. The successful applicant will be based in the laboratories of Dr. Zoe Almeida and Dr. Dan Preston. Nonnative species can restructure food webs, and Mysis have exemplified such consequences following their introduction from their native Great Lakes region to lakes throughout the Western US. In Grand Lake, where a trans-basin water project has contributed to reduced water clarity, there is strong interest in exploring whether reducing Mysis may restore native zooplankton populations and improve water clarity. The successful candidate will design and conduct research to assess how Mysis affect water clarity through food web interactions in experimental settings, especially using laboratory mesocosms. Research may also include leveraging long-term data on water quality and fish populations, in-lake mesocosm experiments, gut content and stable isotope analyses, bioenergetic modeling, and evaluating the ecological roles of Mysis at broader spatial scales using data synthesis. The successful candidate will collaborate with partners and stakeholders at CSU, Colorado Parks and Wildlife, Northern Water, the Three Lakes Watershed Association, and the Bureau of Reclamation. 
 Candidates must have: 
-       An undergraduate degree in limnology, ecology, biology, or equivalent 
-       Demonstrated excellence in science communication (scientific writing, presentations) and quantitative skills 
-       Ability to communicate clearly and work collaboratively with a research team 
 Preferred qualifications include:             
-       A Masters degree in a related field and demonstrated ability to publish research 
-       Experience with experimental design, limnology, fish ecology, and food web analyses (e.g., gut content, stable isotope, and metabarcoding analyses) 
-       Experience working with multiple stakeholders 
-       Familiarity with common programs used for data analyses (e.g., R software) 
 Position Start Date: Preferred start date is summer of 2026, which would provide the opportunity for field work before enrolling as a graduate student in Fall of 2026. A later start date is negotiable, but the ideal candidate would formally enroll during the '26/'27 academic year. 
 Funding: The position is conditionally funded for 4 years through support from the Bureau of Reclamation and teaching assistantships. Funding includes stipend, health insurance, and tuition. 
 Application: Please submit a letter of interest (1 page), a CV, and contact information for three references as one PDF file to: Dr. Zoe Almeida (l.zoe.almeida@colostate.edu) and Dr. Dan Preston (Dan.Preston@colostate.edu) (please use subject “PhD application: Mysis experiments”). Finalists will be invited to apply through the Colorado State University Graduate School. 
 Closing Date: Review begins immediately with interviews on a rolling basis and will continue until the position is filled.  
Contact
Dan Preston and Zoe Almeida
Dan.Preston@colostate.edu (preferred contact method)","PhD student position: Food web ecology and management of nonnative Mysis shrimp in Grand Lake, Colorado 
 Location: Dept. of Fish, Wildlife, & Conservation Biology, Colorado State University, Fort Collins, CO 
 Description: The Department of Fish, Wildlife, and Conservation Biology at Colorado State University invites applications for a funded PhD student position to study ecology and management of nonnative Mysis shrimp in Grand Lake, Colorado. The successful applicant will be based in the laboratories of Dr. Zoe Almeida and Dr. Dan Preston. Nonnative species can restructure food webs, and Mysis have exemplified such consequences following their introduction from their native Great Lakes region to lakes throughout the Western US. In Grand Lake, where a trans-basin water project has contributed to reduced water clarity, there is strong interest in exploring whether reducing Mysis may restore native zooplankton populations and improve water clarity. The successful candidate will design and conduct research to assess how Mysis affect water clarity through food web interactions in experimental settings, especially using laboratory mesocosms. Research may also include leveraging long-term data on water quality and fish populations, in-lake mesocosm experiments, gut content and stable isotope analyses, bioenergetic modeling, and evaluating the ecological roles of Mysis at broader spatial scales using data synthesis. The successful candidate will collaborate with partners and stakeholders at CSU, Colorado Parks and Wildlife, Northern Water, the Three Lakes Watershed Association, and the Bureau of Reclamation. 
 Candidates must have: 
-       An undergraduate degree in limnology, ecology, biology, or equivalent 
-       Demonstrated excellence in science communication (scientific writing, presentations) and quantitative skills 
-       Ability to communicate clearly and work collaboratively with a research team 
 Preferred qualifications include:             
-       A Masters degree in a related field and demonstrated ability to publish research 
-       Experience with experimental design, limnology, fish ecology, and food web analyses (e.g., gut content, stable isotope, and metabarcoding analyses) 
-       Experience working with multiple stakeholders 
-       Familiarity with common programs used for data analyses (e.g., R software) 
 Position Start Date: Preferred start date is summer of 2026, which would provide the opportunity for field work before enrolling as a graduate student in Fall of 2026. A later start date is negotiable, but the ideal candidate would formally enroll during the '26/'27 academic year. 
 Funding: The position is conditionally funded for 4 years through support from the Bureau of Reclamation and teaching assistantships. Funding includes stipend, health insurance, and tuition. 
 Application: Please submit a letter of interest (1 page), a CV, and contact information for three references as one PDF file to: Dr. Zoe Almeida (l.zoe.almeida@colostate.edu) and Dr. Dan Preston (Dan.Preston@colostate.edu) (please use subject “PhD application: Mysis experiments”). Finalists will be invited to apply through the Colorado State University Graduate School. 
 Closing Date: Review begins immediately with interviews on a rolling basis and will continue until the position is filled.","The successful candidate will design and conduct research to assess how Mysis affect water clarity through food web interactions in experimental settings, especially using laboratory mesocosms. Research may also include leveraging long-term data on water quality and fish populations, in-lake mesocosm experiments, gut content and stable isotope analyses, bioenergetic modeling, and evaluating the ecological roles of Mysis at broader spatial scales using data synthesis. Candidates must have: 
-       An undergraduate degree in limnology, ecology, biology, or equivalent 
-       Demonstrated excellence in science communication (scientific writing, presentations) and quantitative skills 
-       Ability to communicate clearly and work collaboratively with a research team 
 Preferred qualifications include:             
-       A Masters degree in a related field and demonstrated ability to publish research 
-       Experience with experimental design, limnology, fish ecology, and food web analyses (e",,"07/01/2026
Published:
03/31/2026
Starting Date:
between 7/1/2026 and 1/1/2027
Hours per Week:
40
Salary:
Commensurate / Negotiable
Education Required:
Bachelors
Experience Required:
none
Location:
Fort Collins, Colorado
Tags:
Graduate Opportunities
Description
 PhD student position: Food web ecology and management of nonnative Mysis shrimp in Grand Lake, Colorado 
 Location: Dept",True,0.85,PhD Position,Human Dimensions,0.24,"[""fish"", ""lake"", ""limnology"", ""water quality"", ""fish population""]",False,,2026-04-05T05:41:51.007751+00:00,scrape_20260405_054124_07356b22,2.0,2026-04-05T05:41:51.007751+00:00,2026-04-05T05:41:51.007751+00:00,Human Dimensions,Fisheries and Aquatic,rule,,,,,True,Colorado,US,,,,,,,,,,,,,
MS research assistantship,Alabama A & M University (State),"Alabama A & M University (Huntsville, Alabama)","starting at $22,000 per year",between 3/31/2026 and 8/15/2026,03/31/2026,Graduate Opportunities,https://jobs.rwfm.tamu.edu/view-job/?id=115265,"MS research assistantship
Alabama A & M University (State) | https://www.aamu.edu
Details
Application Deadline:
08/01/2026
Published:
03/31/2026
Starting Date:
between 3/31/2026 and 8/15/2026
Ending Date:
after 7/20/2026
Hours per Week:
at least 20
Salary:
starting at $22,000 per year
Education Required:
Bachelors
Experience Required:
none
Location:
Alabama A & M University (Huntsville, Alabama)
Tags:
Graduate Opportunities
Description
 An MS research assistantship is available in the forestry program at Alabama A & M University, located in Huntsville, Alabama. 

The student will monitor longleaf pine growth and reproduction across the southern states (e.g., AL, GA, and FL).  The research assistantship is $22k + 3k (tuition support) per year for two years. A good driving record is required, as you will be driving a university vehicle for research. A US citizen or permanent resident is needed.  If you have strong motivation and research interest, please contact xiongwen.chen@aamu.edu 

Contact
Xiongwen Chen
xiongwen.chen@aamu.edu (preferred contact method)","Hours per Week:
at least 20
Salary:
starting at $22,000 per year
Education Required:
Bachelors
Experience Required:
none","MS research assistantship
Alabama A & M University (State) | https://www. edu
Details
Application Deadline:
08/01/2026
Published:
03/31/2026
Starting Date:
between 3/31/2026 and 8/15/2026
Ending Date:
after 7/20/2026
Hours per Week:
at least 20
Salary:
starting at $22,000 per year
Education Required:
Bachelors
Experience Required:
none
Location:
Alabama A & M University (Huntsville, Alabama)
Tags:
Graduate Opportunities
Description
 An MS research assistantship is available in the forestry program at Alabama A & M University, located in Huntsville, Alabama. The research assistantship is $22k + 3k (tuition support) per year for two years",,"08/01/2026
Published:
03/31/2026
Starting Date:
between 3/31/2026 and 8/15/2026
Ending Date:
after 7/20/2026
Hours per Week:
at least 20
Salary:
starting at $22,000 per year
Education Required:
Bachelors
Experience Required:
none
Location:
Alabama A & M University (Huntsville, Alabama)
Tags:
Graduate Opportunities
Description
 An MS research assistantship is available in the forestry program at Alabama A & M University, located in Huntsville, Alabama",True,0.85,Graduate Assistantship,Forestry and Habitat,0.0,[],False,,2026-04-05T05:41:51.098484+00:00,scrape_20260405_054124_07356b22,2.0,2026-04-05T05:41:51.098484+00:00,2026-04-05T05:41:51.098484+00:00,Forestry and Habitat,,rule,22000.0,0.8,27500.0,analytics_backfill,True,Alabama,US,,,,,,,,,,,,,
M.S. Graduate Assistantship – Sea Turtle Ecology & Stable Isotope Research,Emporia State University (State),multiple,"starting at $15,600 per year",after 7/1/2026,03/30/2026,Graduate Opportunities,https://jobs.rwfm.tamu.edu/view-job/?id=115249,"M.S. Graduate Assistantship – Sea Turtle Ecology & Stable Isotope Research
Emporia State University (State) | https://rebowesecology.com/
Details
Application Deadline:
05/01/2026
Published:
03/30/2026
Starting Date:
after 7/1/2026
Hours per Week:
20 - 40
Salary:
starting at $15,600 per year
Education Required:
Bachelors
Experience Required:
at least 1 year
Locations:
1 Kellogg Circle (Emporia, Kansas)
6617 Padre Blvd (South Padre Island, Texas)
Tags:
Graduate Opportunities
Description
The Bowes Lab at Emporia State University is seeking a highly motivated student for a fully funded M.S. thesis position focused on sea turtle ecology, movement, and foraging dynamics using stable isotope analysis.

This project is part of an ongoing collaborative research program integrating stable isotopes, genetics, and field-based conservation to better understand sea turtle habitat use and population connectivity in the Gulf of Mexico.

Position Details

Start Date: Summer/Fall 2026 (flexible) 
Duration: 2 years 
Funding Package: 
$15,600+ annual stipend 
Full tuition and fees covered 
Research Overview

The student will contribute to a multidisciplinary collaborative project examining:

Sea turtle foraging ecology and movement patterns 
Stable isotope analysis of carbon, nitrogen, and oxygen 
Integration with genetic lineage data (e.g., natal origin) 
Applications to conservation and management under changing environmental conditions 
Field and collaborative opportunities may include work with partners such as Sea Turtle Inc. and other conservation agencies.

Qualifications

Preferred candidates will have:

B.S. or B.A. in Biology, Ecology, Marine Science, or a related field 
Strong interest in aquatic ecology, conservation, or marine systems 
Experience with (or willingness to learn): 
Stable isotope techniques 
Field sampling and lab processing 
Data analysis in R or similar platforms 
Strong work ethic, independence, and collaborative mindset 

How to Apply

Interested applicants should email the following materials:

Curriculum Vitae (CV) 
Brief Statement of Interest (1 page or less) 
Send materials to: rebowes.ecology@gmail.com

Review of applications will begin immediately and continue until May 1. 

About the Lab

The Bowes Lab is based within the School of Science and Mathematics and the Prophet Aquatic Research and Outreach Center (PAROC) at Emporia State University (https://www.emporia.edu/) and focuses on aquatic food webs, stable isotope ecology, and applied conservation research across freshwater and marine systems. https://rebowesecology.com/ 

Contact
Rachel Bowes
rebowes.ecology@gmail.com (preferred contact method)","Hours per Week:
20 - 40
Salary:
starting at $15,600 per year
Education Required:
Bachelors
Experience Required:
at least 1 year","Graduate Assistantship – Sea Turtle Ecology & Stable Isotope Research
Emporia State University (State) | https://rebowesecology. This project is part of an ongoing collaborative research program integrating stable isotopes, genetics, and field-based conservation to better understand sea turtle habitat use and population connectivity in the Gulf of Mexico. Position Details

Start Date: Summer/Fall 2026 (flexible) 
Duration: 2 years 
Funding Package: 
$15,600+ annual stipend 
Full tuition and fees covered 
Research Overview

The student will contribute to a multidisciplinary collaborative project examining:

Sea turtle foraging ecology and movement patterns 
Stable isotope analysis of carbon, nitrogen, and oxygen 
Integration with genetic lineage data (e",,"05/01/2026
Published:
03/30/2026
Starting Date:
after 7/1/2026
Hours per Week:
20 - 40
Salary:
starting at $15,600 per year
Education Required:
Bachelors
Experience Required:
at least 1 year
Locations:
1 Kellogg Circle (Emporia, Kansas)
6617 Padre Blvd (South Padre Island, Texas)
Tags:
Graduate Opportunities
Description
The Bowes Lab at Emporia State University is seeking a highly motivated student for a fully funded M",True,0.85,Graduate Assistantship,Fisheries and Aquatic,0.15,"[""aquatic"", ""marine"", ""freshwater"", ""aquatic ecology""]",False,,2026-04-05T05:41:51.187870+00:00,scrape_20260405_054124_07356b22,2.0,2026-04-05T05:41:51.187870+00:00,2026-04-05T05:41:51.187870+00:00,Fisheries and Aquatic,Wildlife,rule,15600.0,1.0,15600.0,analytics_backfill,False,,,,,,,,,,,,,,,
M.S. Graduate Research Assistantships Forestry - Southern Illinois University,Southern Illinois University (State),"Carbondale, Illinois","starting at $22,000 per year",between 5/11/2026 and 8/17/2026,03/30/2026,Graduate Opportunities,https://jobs.rwfm.tamu.edu/view-job/?id=115229,"M.S. Graduate Research Assistantships Forestry - Southern Illinois University
Southern Illinois University (State) | https://dot.siu.edu/agriculture/forestry/
Details
Application Deadline:
04/16/2026
Published:
03/30/2026
Starting Date:
between 5/11/2026 and 8/17/2026
Hours per Week:
20 - 40
Salary:
starting at $22,000 per year
Education Required:
Bachelors
Experience Required:
none
Location:
Carbondale, Illinois
Tags:
Graduate Opportunities
Description
 Title: M.S. Graduate Research Assistantships Forestry 

Agency: Southern Illinois University 

Location: Carbondale, Illinois 

Job Category: Graduate Assistantships 

Salary: 22k/year + tuition 

Start Date: May 11, 2026 or Aug 17, 2026 

Last Date to Apply: 04/15/2026 

Description 

Two M.S.-level Graduate Research Assistantships are available at Southern Illinois University starting Summer/Fall 2026. One project will continue research efforts to understand how forest management practices impact nightjars (eastern whip-poor-will and chuck-will’s-widow) in southern Illinois and will start in May 2026. The second project will investigate the stand dynamics of bottomland forest plantations following the loss of ash and increased abundance of invasive species and will start in August 2026. 

Qualifications 

The successful applicants will have (1) obtained a B.S. degree in wildlife, ecology, biology, forestry, zoology, or related fields; (2) exceptional quantitative skills; (3) knowledge of program R and spatial software (e.g., QGIS, ArcGIS); (4) a driver's license and ability to conduct independent field work in difficult conditions (e.g., steep terrain, poison ivy, ticks, venomous snakes); (5) ability to work in a team setting and (6) strong oral and written communication skills. 

 

To apply please email a single PDF to Eric Holzmueller (eholzmue@siu.edu) that includes: 

1. A cover letter that describes past experiences and career goals 

2. Curriculum Vitae (with GPA and GRE scores included, if possible) 

3. Undergraduate transcripts (unofficial is acceptable) 

4. Contact information for 3 references 

Review of applications will begin immediately and continue until the position is filled. For full consideration, applications must be received by April 15, 2026. 

Contact Person: Dr. Eric Holzmueller 

Contact Email: eholzmue@siu.edu 

Contact
Eric Holzmueller
eholzmue@siu.edu (preferred contact method)","Title: M.S. Graduate Research Assistantships Forestry 

Agency: Southern Illinois University 

Location: Carbondale, Illinois 

Job Category: Graduate Assistantships 

Salary: 22k/year + tuition 

Start Date: May 11, 2026 or Aug 17, 2026 

Last Date to Apply: 04/15/2026 

Description 

Two M.S.-level Graduate Research Assistantships are available at Southern Illinois University starting Summer/Fall 2026. One project will continue research efforts to understand how forest management practices impact nightjars (eastern whip-poor-will and chuck-will’s-widow) in southern Illinois and will start in May 2026. The second project will investigate the stand dynamics of bottomland forest plantations following the loss of ash and increased abundance of invasive species and will start in August 2026. 

Qualifications 

The successful applicants will have (1) obtained a B.S. degree in wildlife, ecology, biology, forestry, zoology, or related fields; (2) exceptional quantitative skills; (3) knowledge of program R and spatial software (e.g., QGIS, ArcGIS); (4) a driver's license and ability to conduct independent field work in difficult conditions (e.g., steep terrain, poison ivy, ticks, venomous snakes); (5) ability to work in a team setting and (6) strong oral and written communication skills. 

 

To apply please email a single PDF to Eric Holzmueller (eholzmue@siu.edu) that includes: 

1. A cover letter that describes past experiences and career goals 

2. Curriculum Vitae (with GPA and GRE scores included, if possible) 

3. Undergraduate transcripts (unofficial is acceptable) 

4. Contact information for 3 references 

Review of applications will begin immediately and continue until the position is filled. For full consideration, applications must be received by April 15, 2026. 

Contact Person: Dr. Eric Holzmueller 

Contact Email: eholzmue@siu.edu","Graduate Research Assistantships Forestry - Southern Illinois University
Southern Illinois University (State) | https://dot. Graduate Research Assistantships Forestry 

Agency: Southern Illinois University 

Location: Carbondale, Illinois 

Job Category: Graduate Assistantships 

Salary: 22k/year + tuition 

Start Date: May 11, 2026 or Aug 17, 2026 

Last Date to Apply: 04/15/2026 

Description 

Two M. -level Graduate Research Assistantships are available at Southern Illinois University starting Summer/Fall 2026",,"04/16/2026
Published:
03/30/2026
Starting Date:
between 5/11/2026 and 8/17/2026
Hours per Week:
20 - 40
Salary:
starting at $22,000 per year
Education Required:
Bachelors
Experience Required:
none
Location:
Carbondale, Illinois
Tags:
Graduate Opportunities
Description
 Title: M",True,0.85,Graduate Assistantship,Forestry and Habitat,0.0,[],True,University of Illinois,2026-04-05T05:41:51.278135+00:00,scrape_20260405_054124_07356b22,2.0,2026-04-05T05:41:51.278135+00:00,2026-04-05T05:41:51.278135+00:00,Forestry and Habitat,Entomology,rule,22000.0,1.05,20952.38,analytics_backfill,True,Illinois,US,,,,,,,,,,,,,
Ph.D. Position: Avian movement modeling using Motus data,Berigan Lab at Auburn University (State),"Auburn, Alabama","starting at $30,000 per year",before 8/17/2026,03/30/2026,Graduate Opportunities,https://jobs.rwfm.tamu.edu/view-job/?id=115224,"Ph.D. Position: Avian movement modeling using Motus data
Berigan Lab at Auburn University (State) | https://liamaberigan.github.io
Details
Application Deadline:
04/21/2026
Published:
03/30/2026
Starting Date:
before 8/17/2026
Hours per Week:
at least 40
Salary:
starting at $30,000 per year
Education Required:
Masters
Experience Required:
none
Location:
Auburn, Alabama
Tags:
Graduate Opportunities
Description
The Berigan lab (https://liamaberigan.github.io) at Auburn University College of Forestry, Wildlife and Environment is hiring a PhD student to research quantitative methods for modeling animal movement. The successful applicant will apply Bayesian state-space models or related techniques to large datasets, including both GPS and Motus data, to build improved movement models for avian migration. We anticipate this position to be highly collaborative and will focus mostly on leveraging preexisting datasets. While certain aspects of the project are well defined, there is considerable opportunity for the student to develop chapters that suite their own interests, especially in the realm of movement ecology. Fieldwork will be up to the discretion of the student, with example projects including Motus tag deployments on birds (e.g., Henslow’s Sparrows, American Woodcock) or drones.

Minimum qualifications:

·      Master’s degree (awarded or anticipated) in biology, statistics, or a related discipline
·      Extensive experience working with the programming language R
·      Strong communication skills in oral and written English
·      Ability to work independently and as part of an interdisciplinary team
·      Self-motivation, a positive attitude, and strong interpersonal skills

Desired qualifications:

·      Interest in statistics and quantitative methods, especially Bayesian hierarchical modeling
·      Experience collecting and/or analyzing avian movement data, especially using the Motus network
·      If fieldwork is of interest, experience handling and tagging birds
·      Record of publication in peer-reviewed journals

The successful applicant will be asked to apply to Auburn University’s College of Forestry, Wildlife and Environment for admission in Fall 2026, and will be expected to arrive prior to the first day of classes (August 17th). Note that GRE scores are not required for admission but may create opportunities for additional funding support (e.g., Auburn Presidential Graduate Opportunity Program). If you have GRE scores, please submit them as a part of your application package.

Compensation: Stipend of $30,000 per year, plus a tuition waiver. 

How to apply: Please email Dr. Liam Berigan (lib0016@auburn.edu) a single PDF document containing a 1) cover letter, 2) CV, 3) unofficial transcripts from all colleges attended, 4) GRE scores (if available), and 5) contact information for 3 professional references. Please title your email “PhD application” to ensure it is routed correctly. Application deadline is April 21st, but I encourage you to apply early as applications will be evaluated on a rolling basis until a suitable candidate is found. More information about our graduate program can be found here: https://cfwe.auburn.edu/graduate-study/graduate-degrees/.

Contact
Dr. Liam Berigan
lib0016@auburn.edu (preferred contact method)","The Berigan lab (https://liamaberigan.github.io) at Auburn University College of Forestry, Wildlife and Environment is hiring a PhD student to research quantitative methods for modeling animal movement. The successful applicant will apply Bayesian state-space models or related techniques to large datasets, including both GPS and Motus data, to build improved movement models for avian migration. We anticipate this position to be highly collaborative and will focus mostly on leveraging preexisting datasets. While certain aspects of the project are well defined, there is considerable opportunity for the student to develop chapters that suite their own interests, especially in the realm of movement ecology. Fieldwork will be up to the discretion of the student, with example projects including Motus tag deployments on birds (e.g., Henslow’s Sparrows, American Woodcock) or drones.

Minimum qualifications:

·      Master’s degree (awarded or anticipated) in biology, statistics, or a related discipline
·      Extensive experience working with the programming language R
·      Strong communication skills in oral and written English
·      Ability to work independently and as part of an interdisciplinary team
·      Self-motivation, a positive attitude, and strong interpersonal skills

Desired qualifications:

·      Interest in statistics and quantitative methods, especially Bayesian hierarchical modeling
·      Experience collecting and/or analyzing avian movement data, especially using the Motus network
·      If fieldwork is of interest, experience handling and tagging birds
·      Record of publication in peer-reviewed journals

The successful applicant will be asked to apply to Auburn University’s College of Forestry, Wildlife and Environment for admission in Fall 2026, and will be expected to arrive prior to the first day of classes (August 17th). Note that GRE scores are not required for admission but may create opportunities for additional funding support (e.g., Auburn Presidential Graduate Opportunity Program). If you have GRE scores, please submit them as a part of your application package.

Compensation: Stipend of $30,000 per year, plus a tuition waiver. 

How to apply: Please email Dr. Liam Berigan (lib0016@auburn.edu) a single PDF document containing a 1) cover letter, 2) CV, 3) unofficial transcripts from all colleges attended, 4) GRE scores (if available), and 5) contact information for 3 professional references. Please title your email “PhD application” to ensure it is routed correctly. Application deadline is April 21st, but I encourage you to apply early as applications will be evaluated on a rolling basis until a suitable candidate is found. More information about our graduate program can be found here: https://cfwe.auburn.edu/graduate-study/graduate-degrees/.","io) at Auburn University College of Forestry, Wildlife and Environment is hiring a PhD student to research quantitative methods for modeling animal movement",,"04/21/2026
Published:
03/30/2026
Starting Date:
before 8/17/2026
Hours per Week:
at least 40
Salary:
starting at $30,000 per year
Education Required:
Masters
Experience Required:
none
Location:
Auburn, Alabama
Tags:
Graduate Opportunities
Description
The Berigan lab (https://liamaberigan",True,0.85,Graduate Position,Wildlife,0.0,[],False,,2026-04-05T05:41:51.369705+00:00,scrape_20260405_054124_07356b22,2.0,2026-04-05T05:41:51.369705+00:00,2026-04-05T05:41:51.369705+00:00,Wildlife,Forestry and Habitat,rule,30000.0,0.8,37500.0,analytics_backfill,True,Alabama,US,,,,,,,,,,,,,
Graduate Assistantship (MS) – Small Mammal Response to Forest Restoration Practices,Oregon Institute of Technology (State),multiple,Commensurate / Negotiable,after 9/14/2026,03/27/2026,Graduate Opportunities,https://jobs.rwfm.tamu.edu/view-job/?id=115214,"Graduate Assistantship (MS) – Small Mammal Response to Forest Restoration Practices
Oregon Institute of Technology (State) | https://www.oit.edu/
Details
Application Deadline:
08/01/2026
Published:
03/27/2026
Starting Date:
after 9/14/2026
Ending Date:
after 6/16/2028
Hours per Week:
30 - 45
Salary:
Commensurate / Negotiable
Education Required:
Bachelors
Experience Required:
at least 1 year
Locations:
Klamath Falls, Oregon
Manzanita Lake, California
Tags:
Graduate Opportunities
Description
Graduate Assistantship (MS) – Small Mammal Response to Forest Restoration Practices 

I am seeking a highly motivated MS student to join the Habitat Ecology Group in the Environmental Sciences Program at Oregon Institute of Technology (Oregon Tech). Students with an interest in how forest management practices impact small mammals are encouraged to apply. The established project investigates the effects of forest thinning and prescribed burning on the vegetative and mammalian communities of Lassen Volcanic National Park in northern California. 

Qualified Applicants Will Have:
An undergraduate degree in natural resource management, forestry, wildlife, biology, environmental science, or other closely related field
Experience trapping, handling, and tagging small mammals in the field
Enthusiasm for demanding field work in challenging environments
An ability to work independently to accomplish long-term goals
Excellent organization, analytical, and communication skills
An interest in teaching and managing undergraduate students
A valid US driver’s license
A personal vehicle for transportation to and from the field site

Primary Responsibilities:
Collaborate with faculty advisors and research group members to execute established trapping and vegetation protocols during the summer field season of 2027
Act as research crew leader to implement research protocols and manage undergraduate assistants in the collection of field data
Camp in the field while collecting field data
Enter and proof field data
Analyze data using appropriate techniques in program R
Communicate findings through scholarly publications and presentations
Work independently to meet deadlines established by faculty advisor
Instruct 100- and 200-level general biology and/or chemistry laboratory sections

Benefits:
Field season (11-12 weeks) salary of approximately $6,000 
Academic year (mid-September through mid-June) teaching stipend of $15,000 
Academic year tuition stipend of $7,000
Out-of-state tuition waiver
Students will earn a Master of Science in natural resources
 To Apply:
 Please send the following materials as a single PDF document in an email to Kerry Farris (kerry.farris@oit.edu): 1) a cover letter discussing interest in the research described and applicable background experience; 2) a CV including 3 professional references; and (3) unofficial transcripts. Review of applications will begin May 1st, 2026 and continue until the position is filled.

Contact
Kerry Farris
541.885.1042
kerry.farris@oit.edu (preferred contact method)","Hours per Week:
30 - 45
Salary:
Commensurate / Negotiable
Education Required:
Bachelors
Experience Required:
at least 1 year","Qualified Applicants Will Have:
An undergraduate degree in natural resource management, forestry, wildlife, biology, environmental science, or other closely related field
Experience trapping, handling, and tagging small mammals in the field
Enthusiasm for demanding field work in challenging environments
An ability to work independently to accomplish long-term goals
Excellent organization, analytical, and communication skills
An interest in teaching and managing undergraduate students
A valid US driver’s license
A personal vehicle for transportation to and from the field site

Primary Responsibilities:
Collaborate with faculty advisors and research group members to execute established trapping and vegetation protocols during the summer field season of 2027
Act as research crew leader to implement research protocols and manage undergraduate assistants in the collection of field data
Camp in the field while collecting field data
Enter and proof field data
Analyze data using appropriate techniques in program R
Communicate findings through scholarly publications and presentations
Work independently to meet deadlines established by faculty advisor
Instruct 100- and 200-level general biology and/or chemistry laboratory sections

Benefits:
Field season (11-12 weeks) salary of approximately $6,000 
Academic year (mid-September through mid-June) teaching stipend of $15,000 
Academic year tuition stipend of $7,000
Out-of-state tuition waiver
Students will earn a Master of Science in natural resources
 To Apply:
 Please send the following materials as a single PDF document in an email to Kerry Farris (kerry. edu): 1) a cover letter discussing interest in the research described and applicable background experience; 2) a CV including 3 professional references; and (3) unofficial transcripts",,"08/01/2026
Published:
03/27/2026
Starting Date:
after 9/14/2026
Ending Date:
after 6/16/2028
Hours per Week:
30 - 45
Salary:
Commensurate / Negotiable
Education Required:
Bachelors
Experience Required:
at least 1 year
Locations:
Klamath Falls, Oregon
Manzanita Lake, California
Tags:
Graduate Opportunities
Description
Graduate Assistantship (MS) – Small Mammal Response to Forest Restoration Practices 

I am seeking a highly motivated MS student to join the Habitat Ecology Group in the Environmental Sciences Program at Oregon Institute of Technology (Oregon Tech)",True,0.85,Graduate Assistantship,Forestry and Habitat,0.216,"[""natural resources"", ""resource management"", ""forestry"", ""forest management""]",True,University of Oregon,2026-03-29T05:32:31.425879+00:00,scrape_20260329_053157_53240a30,2.0,2026-03-29T05:32:31.425879+00:00,2026-03-29T05:32:31.425879+00:00,Forestry and Habitat,Wildlife,rule,,,,,False,,,,,,,,,,,,,,,
"PhD Graduate Assistantship, Avian Community and Population Responses to Northern Bobwhite Management",Tarleton State University (State),"Box T-0050 (Stephenville, Texas)","starting at $30,000 per year",after 8/15/2025,03/27/2025,Graduate Opportunities,,,,,,,True,0.85,Graduate Assistantship,Wildlife,,,,,,,,2025-07-11T10:29:13.350435,2025-07-11T10:29:13.350435,Wildlife,,rule,30000.0,0.95,31578.947368421053,source_data,True,Texas,US,Southwest,3890966856110582819,,,,,,,,,,"{""min_salary"": null, ""max_salary"": null, ""salary_text"": """"}","{""full_location"": ""Box T-0050 (Stephenville, Texas)"", ""city"": ""Box T-0050"", ""state"": null, ""cleaned_location"": ""Box T-0050""}"
PhD Assistantship (University of Kentucky Department of Forestry & Natural Resources),University of Kentucky Department of Forestry & Natural Resources (State),"Lexington, Kentucky","starting at $31,785 per year",after 5/1/2026,03/26/2026,Graduate Opportunities,https://jobs.rwfm.tamu.edu/view-job/?id=115172,"PhD Assistantship (University of Kentucky Department of Forestry & Natural Resources)
University of Kentucky Department of Forestry & Natural Resources (State) | https://forestry.mgcafe.uky.edu/
Details
Application Deadline:
05/01/2026
Published:
03/26/2026
Starting Date:
after 5/1/2026
Hours per Week:
20 - 40
Salary:
starting at $31,785 per year
Education Required:
Masters
Experience Required:
at least 1 year
Location:
Lexington, Kentucky
Tags:
Graduate Opportunities
Description
PhD Assistantship - Silviculture after the Storm: Tornado Recovery Strategies for Mature Oak Forests

The Forest Dynamics and Management Lab at the University of Kentucky invites qualified applications for a funded PhD assistantship under the guidance of Dr. Lance A. Vickers. The student will work closely with collaborators from the USDA Forest Service Northern Research Station and the Hoosier National Forest to explore forest management strategies to wind disturbances. This project offers a unique field experiment evaluating how many silvicultural decisions - including salvage logging, planting strategies, & timber stand improvement - drive forest recovery in mature oak forests following a tornado. 

The selected candidate will engage in cutting-edge research including:
• Assessing how silviculture influences regeneration success, stand composition, long-term productivity, and resilience following a natural disaster.
• Investigating how regeneration strategies (natural, locally-sourced seedlings, assisted migration, and assisted range expansion) shape forest recovery.
• Examining the role of white-tailed deer browsing across different regeneration strategies, planting densities, and configurations. 

Funding and Benefits:
• Competitive stipend, tuition coverage, and benefits options.
• Additional funding for research-related travel and professional development.

Applicants must have: 
• Strong interest in forest ecology, silviculture, and applied management.
• Excellent communication and collaborative teamwork skills.
• Experience and willingness to conduct extensive fieldwork under variable conditions.
• An MS degree in forestry, ecology, or a related field; experience with R and GIS software is a plus.

Applicants should submit: 1) A cover letter outlining research interests and relevant experience; 2) A current CV; 3) Unofficial academic transcripts; and 4) Three professional references to: lance.vickers@uky.edu. Application review will begin immediately and continue until filled; only those selected for interview will be contacted. Anticipated start: Fall 2026 preferred.

Contact
Lance Vickers
lance.vickers@uky.edu (preferred contact method)","Hours per Week:
20 - 40
Salary:
starting at $31,785 per year
Education Required:
Masters
Experience Required:
at least 1 year","The student will work closely with collaborators from the USDA Forest Service Northern Research Station and the Hoosier National Forest to explore forest management strategies to wind disturbances. The selected candidate will engage in cutting-edge research including:
• Assessing how silviculture influences regeneration success, stand composition, long-term productivity, and resilience following a natural disaster. • Additional funding for research-related travel and professional development",,"05/01/2026
Published:
03/26/2026
Starting Date:
after 5/1/2026
Hours per Week:
20 - 40
Salary:
starting at $31,785 per year
Education Required:
Masters
Experience Required:
at least 1 year
Location:
Lexington, Kentucky
Tags:
Graduate Opportunities
Description
PhD Assistantship - Silviculture after the Storm: Tornado Recovery Strategies for Mature Oak Forests

The Forest Dynamics and Management Lab at the University of Kentucky invites qualified applications for a funded PhD assistantship under the guidance of Dr",True,0.85,PhD Position,Forestry and Habitat,0.34,"[""natural resources"", ""national forest"", ""forest service"", ""forestry"", ""forest management""]",False,,2026-03-29T05:32:31.227503+00:00,scrape_20260329_053157_53240a30,2.0,2026-03-29T05:32:31.227503+00:00,2026-03-29T05:32:31.227503+00:00,Forestry and Habitat,Wildlife,rule,31785.0,0.8,39731.25,analytics_backfill,True,Kentucky,US,,,,,,,,,,,,,
Graduate Research Assistantship - Sandhill crane nesting ecology and population dynamics,U.S. Geological Survey Iowa Cooperative Fish and Wildlife Research Unit (Federal),"Ames, Iowa","starting at $26,000 per year",after 8/24/2026,03/26/2026,Graduate Opportunities,https://jobs.rwfm.tamu.edu/view-job/?id=115128,"Graduate Research Assistantship - Sandhill crane nesting ecology and population dynamics
U.S. Geological Survey Iowa Cooperative Fish and Wildlife Research Unit (Federal)
Details
Application Deadline:
05/31/2026
Published:
03/26/2026
Starting Date:
after 8/24/2026
Hours per Week:
20 - 40
Salary:
starting at $26,000 per year
Education Required:
Bachelors
Experience Required:
at least 1 year
Location:
Ames, Iowa
Tags:
Graduate Opportunities
Description
 Project description: We are seeking an M.S. student to work on a research project investigating nest success and population dynamics of sandhill cranes in Iowa. The student will be advised by Dr. Anna Tucker in the Iowa Cooperative Fish and Wildlife Research Unit and enroll in the Wildlife Ecology M.S. program in the Department of Natural Resource Ecology and Management at Iowa State University. The Iowa sandhill crane population size has been increasing over the past several decades. The Iowa Department of Natural Resources began deploying GPS tags on sandhill cranes and conducting fall counts in 2020 to establish baseline information about population size and spatial distribution of the species in the state. To date, 38 GPS tags have been deployed in 20 counties across the state and 13 of those tags are still active on birds known to be alive. This project will use GPS data from tagged birds along with nest surveys to identify nest locations, monitor nests, develop a model of nest site suitability, and estimate demographic rates. This information will ultimately inform a population model to evaluate future management decisions. 
 Duties and responsibilities: The student will conduct crane nest surveys and monitoring using unmanned aerial vehicles (UAVs). They will lead nest surveys, assist Iowa DNR personnel with capture and tagging of additional cranes, and develop geospatial and statistical analyses to address project objectives. The student will work collaboratively as part of a team involving researchers from Iowa State University and the Iowa Department of Natural Resources. 
 Qualifications: B.S. in Wildlife Sciences, Biology, Ecology, or a related field with an undergraduate and graduate GPA ≥ 3.0. The ideal candidate has a positive attitude, inclusive mindset, good organizational skills, attention to detail, strong work ethic, excellent communication skills, and the ability to work well both independently and on a team. Applicants with experience with UAVs and/or avian field surveys will be most competitive. Applicants from underrepresented and historically excluded groups are encouraged to apply. GRE scores are not required. Candidates must have a valid U.S. driver’s license (or ability to get one) and clean driving record.  
 Funding: The student will be supported via a combination of research and teaching assistantships with a stipend of approximately $26,000 per year. Benefits include health insurance and a 75% tuition waiver.  
 To apply: Please complete the form linked here: https://forms.gle/7qT2tzwvNweHf5Tc8. You will be asked to upload 1) a one-page cover letter describing your background, interest in this position, and career goals; 2) your CV or resume; 3) unofficial transcripts from a US-accredited undergraduate institution; and 4) contact information for three professional references. If selected, you will be required to submit official transcripts and three letters of recommendation to the ISU Graduate Admissions Office. Review of applicants will begin immediately and continue until filled. Questions can be sent to Dr. Anna Tucker (tuckera@iastate.edu). 
Contact
Anna Tucker
tuckera@iastate.edu (preferred contact method)","Qualifications: B.S. in Wildlife Sciences, Biology, Ecology, or a related field with an undergraduate and graduate GPA ≥ 3.0. The ideal candidate has a positive attitude, inclusive mindset, good organizational skills, attention to detail, strong work ethic, excellent communication skills, and the ability to work well both independently and on a team. Applicants with experience with UAVs and/or avian field surveys will be most competitive. Applicants from underrepresented and historically excluded groups are encouraged to apply. GRE scores are not required. Candidates must have a valid U.S. driver’s license (or ability to get one) and clean driving record.","Graduate Research Assistantship - Sandhill crane nesting ecology and population dynamics
U. Geological Survey Iowa Cooperative Fish and Wildlife Research Unit (Federal)
Details
Application Deadline:
05/31/2026
Published:
03/26/2026
Starting Date:
after 8/24/2026
Hours per Week:
20 - 40
Salary:
starting at $26,000 per year
Education Required:
Bachelors
Experience Required:
at least 1 year
Location:
Ames, Iowa
Tags:
Graduate Opportunities
Description
 Project description: We are seeking an M. student to work on a research project investigating nest success and population dynamics of sandhill cranes in Iowa",,"05/31/2026
Published:
03/26/2026
Starting Date:
after 8/24/2026
Hours per Week:
20 - 40
Salary:
starting at $26,000 per year
Education Required:
Bachelors
Experience Required:
at least 1 year
Location:
Ames, Iowa
Tags:
Graduate Opportunities
Description
 Project description: We are seeking an M",True,0.85,Graduate Assistantship,Wildlife,0.167,"[""wildlife"", ""bird"", ""avian"", ""population dynamics"", ""capture""]",True,University of Iowa,2026-03-29T05:32:31.641230+00:00,scrape_20260329_053157_53240a30,2.0,2026-03-29T05:32:31.641230+00:00,2026-03-29T05:32:31.641230+00:00,Wildlife,Human Dimensions,rule,26000.0,0.85,30588.24,analytics_backfill,True,Iowa,US,,,,,,,,,,,,,
Graduate Research Assistant (Bottomland Oak Ecology and Management),Lincoln University of Missouri (Private),"904 Chestnut Street (Jefferson City, Missouri)","$25,000 per year",between 8/1/2026 and 8/17/2026,03/25/2026,Graduate Opportunities,https://jobs.rwfm.tamu.edu/view-job/?id=102326,"Graduate Research Assistant (Bottomland Oak Ecology and Management)
Lincoln University of Missouri (Private) | https://www.lincolnu.edu/
Details
Application Deadline:
04/30/2026
Published:
03/25/2026
Starting Date:
between 8/1/2026 and 8/17/2026
Ending Date:
between 4/29/2028 and 8/31/2028
Hours per Week:
20 - 40
Salary:
$25,000 per year
Education Required:
Bachelors
Experience Required:
none
Location:
904 Chestnut Street (Jefferson City, Missouri)
Tags:
Graduate Opportunities
Description
MS Graduate Research Assistantship – bottomland oak ecology and management

A Master of Science Graduate Research Assistantship is available with Dr. Isaac Hayford at the Cooperative Research Department, Lincoln University of Missouri. The project will investigate long term responses of oak reproduction to a series of silvicultural release treatments applied over the years in bottomland hardwood forests in Missouri. The duties of this position will include completion of required coursework, field sampling, data analysis, completion of thesis, and peer-review publication. The start date of the position is Fall 2026.

Qualifications

1.      Bachelor’s degree in forestry, ecology, natural resource management, or related field
2.      Strong interest in forest management
3.      Strong quantitative data analysis skills (R or SAS)
4.      Excellent English communication skills (oral and written)
5.      Valid driver’s license

The successful candidate will receive $6,000/year tuition support, and a competitive stipend ($25, 000 per year) for two years. Funding restricted to U.S. citizens (non‑citizens should not apply). Interested candidates should contact Dr. Isaac Hayford (hayfordi@lincolnu.edu) by emailing the following materials:

1.      Cover letter addressing interest in the project and highlighting relevant experiences
2.      CV/resume
3.      Contact information for three references
4.      Unofficial undergraduate transcript

Contact
Isaac Hayford
5738239518
hayfordi@lincolnu.edu (preferred contact method)","Hours per Week:
20 - 40
Salary:
$25,000 per year
Education Required:
Bachelors
Experience Required:
none","Graduate Research Assistant (Bottomland Oak Ecology and Management)
Lincoln University of Missouri (Private) | https://www. edu/
Details
Application Deadline:
04/30/2026
Published:
03/25/2026
Starting Date:
between 8/1/2026 and 8/17/2026
Ending Date:
between 4/29/2028 and 8/31/2028
Hours per Week:
20 - 40
Salary:
$25,000 per year
Education Required:
Bachelors
Experience Required:
none
Location:
904 Chestnut Street (Jefferson City, Missouri)
Tags:
Graduate Opportunities
Description
MS Graduate Research Assistantship – bottomland oak ecology and management

A Master of Science Graduate Research Assistantship is available with Dr. Isaac Hayford at the Cooperative Research Department, Lincoln University of Missouri",,"04/30/2026
Published:
03/25/2026
Starting Date:
between 8/1/2026 and 8/17/2026
Ending Date:
between 4/29/2028 and 8/31/2028
Hours per Week:
20 - 40
Salary:
$25,000 per year
Education Required:
Bachelors
Experience Required:
none
Location:
904 Chestnut Street (Jefferson City, Missouri)
Tags:
Graduate Opportunities
Description
MS Graduate Research Assistantship – bottomland oak ecology and management

A Master of Science Graduate Research Assistantship is available with Dr",True,0.85,Graduate Assistantship,Forestry and Habitat,0.154,"[""resource management"", ""forestry"", ""forest management""]",False,,2026-03-29T05:32:31.745574+00:00,scrape_20260329_053157_53240a30,2.0,2026-03-29T05:32:31.745574+00:00,2026-03-29T05:32:31.745574+00:00,Forestry and Habitat,,rule,25000.0,0.85,29411.76,analytics_backfill,True,Missouri,US,,,,,,,,,,,,,
M.S. Position in Forest Entomology,University of Georgia (State),"Athens and Tifton, Georgia","$24,300 per year",between 5/11/2026 and 8/14/2026,03/25/2026,Graduate Opportunities,https://jobs.rwfm.tamu.edu/view-job/?id=115117,"M.S. Position in Forest Entomology
University of Georgia (State) | https://warnell.uga.edu/
Details
Application Deadline:
04/30/2026
Published:
03/25/2026
Starting Date:
between 5/11/2026 and 8/14/2026
Hours per Week:
20 - 40
Salary:
$24,300 per year
Education Required:
Bachelors
Experience Required:
at least 1 year
Location:
Athens and Tifton, Georgia
Tags:
Graduate Opportunities
Description
The Warnell School of Forestry and Natural Resources at the University of Georgia, Athens, invites applications from highly motivated and enthusiastic potential M.S. students starting in Summer or Fall 2026. The research project is with the Southern Pine Health Research Cooperative (https://southernpinehealth.org) at the Warnell School. The M.S. research will focus on Nantucket pine tip moth integrated pest management in southern pine forests with a focus on insecticide application and timing. Extensive fieldwork in Georgia and lab work will be required. The candidate will be stationed on the Athens Campus for classes and the Tifton Campus for fieldwork. The ideal candidate will possess a strong background in entomology or a related field with an independent spirit to develop, conduct, and publish research. A background in forest and land measurements would be an advantage. A B.S. in biology, entomology, forestry, or a related field is a prerequisite for the position.

The involved faculty will be Dr. Elizabeth McCarty and Dr. David Clabo. The student will work with the Forest Health Laboratory (https://ugaforesthealth.org/) on the Tifton Campus at the University of Georgia. This lab is a dynamic team that works on a broad range of ecological issues, forest insect species, and ecosystems. This project is funded by the Southern Pine Health Research Cooperative. This cooperative is funded by private forest companies and USDA Forest Service and provides leadership in managing major pests and pathogens using rigorous applied research with practical solutions in the southeastern pine forests.

A competitive M.S. assistantship along with full tuition waiver is available. Interested personnel should submit a statement of interest, current CV, and contact information for three references to Dr. McCarty (elizabeth.mccarty@uga.edu; 706-389-9725).

The Warnell School of Forestry and Natural Resources (http://www.warnell.uga.edu/) is the oldest forestry school in the South, has >70 faculty working in diverse fields, and provides exemplary training of students in the fields of forestry, ecology, and conservation biology. The School is housed in a four-building complex on campus, and has >23,000 acres in the state for research, teaching, and service activities. The University of Georgia (http://www.uga.edu/) is a “land-grant and sea-grant university, and is also the state's oldest, most comprehensive and diversified institution of higher education”. Its motto is: ""to teach, to serve and to inquire into the nature of things, and reflects the University’s integral and unique role in the conservation and enhancement of the state’s and nation’s intellectual, cultural, and environmental heritage”. The University of Georgia is an affirmative action and equal opportunity employer. 
  Contact
Elizabeth McCarty
706-389-9725
elizabeth.mccarty@uga.edu (preferred contact method)","Hours per Week:
20 - 40
Salary:
$24,300 per year
Education Required:
Bachelors
Experience Required:
at least 1 year","The research project is with the Southern Pine Health Research Cooperative (https://southernpinehealth. research will focus on Nantucket pine tip moth integrated pest management in southern pine forests with a focus on insecticide application and timing. The ideal candidate will possess a strong background in entomology or a related field with an independent spirit to develop, conduct, and publish research",,"04/30/2026
Published:
03/25/2026
Starting Date:
between 5/11/2026 and 8/14/2026
Hours per Week:
20 - 40
Salary:
$24,300 per year
Education Required:
Bachelors
Experience Required:
at least 1 year
Location:
Athens and Tifton, Georgia
Tags:
Graduate Opportunities
Description
The Warnell School of Forestry and Natural Resources at the University of Georgia, Athens, invites applications from highly motivated and enthusiastic potential M",True,0.85,Graduate Position,Entomology,0.154,"[""natural resources"", ""forest service"", ""forestry""]",False,,2026-03-29T05:32:33.096855+00:00,scrape_20260329_053157_53240a30,2.0,2026-03-29T05:32:33.096855+00:00,2026-03-29T05:32:33.096855+00:00,Entomology,Forestry and Habitat,rule,24300.0,0.9,27000.0,analytics_backfill,True,Georgia,US,,,,,,,,,,,,,
M.S. Assistantship in rangeland vegetation modeling at Fresno State,"California State University, Fresno (State)","Fresno, California",$23 per hour,after 8/1/2026,03/24/2026,Graduate Opportunities,https://jobs.rwfm.tamu.edu/view-job/?id=115072,"M.S. Assistantship in rangeland vegetation modeling at Fresno State
California State University, Fresno (State) | https://csm.fresnostate.edu/ees/index.html
Details
Application Deadline:
04/17/2026
Published:
03/24/2026
Starting Date:
after 8/1/2026
Hours per Week:
10 - 20
Salary:
$23 per hour
Education Required:
Bachelors
Experience Required:
none
Location:
Fresno, California
Tags:
Graduate Opportunities
Description

The Department of Earth & Environmental Sciences at California State University, Fresno is recruiting an M.S. graduate research assistant for a funded project modeling and forecasting carbon stocks and wildland fire fuels in California's non-forested landscapes.


The student will earn an M.S. in Environmental Science from Fresno State while contributing to research funded by the California Air Resources Board. The work centers on the Rangeland Vegetation Simulator, an open-source model that estimates biomass and fuel loads in grasslands and shrublands. Project work will include:

Updating ecological equations based on current research
Improving data workflows to incorporate newly available input sources
Adding fuel treatment options that reflect current land management practices
Scaling model applications across large spatial areas using HPC and cloud computing
Writing reports and presenting at conferences and workshops


You will collaborate with state and federal agencies and a broader community of researchers invested in the model's development, contributing directly to tools that inform real land use decisions in California.

This position includes $23/hr pay for 20 hrs a week of research. Tuition waivers are available, as is supplemental funding from department and college sources. 

We're looking for a strong foundation in:
Python or R
GIS tools (open-source preferred)
Environmental or earth science
Large datasets/computational workflows
Bonus experience (not required):
C++
Google Earth Engine
Ecological or vegetation modeling
Rangeland ecology

We encourage applications that may not meet all of the criteria listed, as there are many unique combinations of interest and experience that can fit this position. For more about the graduate program, visit https://csm.fresnostate.edu/ees/degrees-programs/grad.html.

To apply, send the following to Dr. Nikki Inglis at ninglis@mail.fresnostate.edu by April 17:
Cover letter expressing how your interest and experience is relevant to the project
Resume/CV
Github, website or portfolio if available 


Contact
Nikki Inglis
ninglis@mail.fresnostate.edu (preferred contact method)","Hours per Week:
10 - 20
Salary:
$23 per hour
Education Required:
Bachelors
Experience Required:
none","graduate research assistant for a funded project modeling and forecasting carbon stocks and wildland fire fuels in California's non-forested landscapes. in Environmental Science from Fresno State while contributing to research funded by the California Air Resources Board. Project work will include:

Updating ecological equations based on current research
Improving data workflows to incorporate newly available input sources
Adding fuel treatment options that reflect current land management practices
Scaling model applications across large spatial areas using HPC and cloud computing
Writing reports and presenting at conferences and workshops


You will collaborate with state and federal agencies and a broader community of researchers invested in the model's development, contributing directly to tools that inform real land use decisions in California",,"04/17/2026
Published:
03/24/2026
Starting Date:
after 8/1/2026
Hours per Week:
10 - 20
Salary:
$23 per hour
Education Required:
Bachelors
Experience Required:
none
Location:
Fresno, California
Tags:
Graduate Opportunities
Description

The Department of Earth & Environmental Sciences at California State University, Fresno is recruiting an M",True,0.85,Graduate Position,Forestry and Habitat,0.0,[],False,,2026-03-29T05:32:31.957675+00:00,scrape_20260329_053157_53240a30,2.0,2026-03-29T05:32:31.957675+00:00,2026-03-29T05:32:31.957675+00:00,Forestry and Habitat,,rule,,,,,True,California,US,,,,,,,,,,,,,
Ecosystem modeling Ph.D. Student Assistantship - University of Vermont,U.S. Geological Survey (Federal),"81 Carrigan Dr (Burlington, Vermont)","$33,000 per year",between 5/4/2026 and 9/1/2026,03/24/2026,Graduate Opportunities,https://jobs.rwfm.tamu.edu/view-job/?id=115043,"Ecosystem modeling Ph.D. Student Assistantship - University of Vermont
U.S. Geological Survey (Federal) | https://www.uvm.edu/rsenr/profile/mark-henderson
Details
Application Deadline:
04/30/2026
Published:
03/24/2026
Starting Date:
between 5/4/2026 and 9/1/2026
Ending Date:
between 5/23/2030 and 9/23/2032
Hours per Week:
40
Salary:
$33,000 per year
Education Required:
Masters
Experience Required:
at least 1 year
Location:
81 Carrigan Dr (Burlington, Vermont)
Tags:
Graduate Opportunities
Description
Project: The Henderson Lab at the USGS Vermont Cooperative Fish and Wildlife Research unit in the Rubenstein School of Environment and Natural Resources at the University of Vermont is seeking highly motivated applicants for a Ph.D. position focused on modeling water quality and habitat characteristics in a large lake. This project will use aquatic drones to conduct water quality and benthic habitat surveys throughout Lake Champlain. Data from these surveys will be used to: 1) better understand the abundance, distribution, and connectivity of different habitats important to fish throughout Lake Champlain, 2) study how habitat availability is related to fish distributions throughout Lake Champlain. The primary duties for these two assistantships include assisting with aquatic drone surveys, developing spatially explicit water quality models, statistical analyses, and manuscript preparation. 

Qualifications: Applicants require a M.Sc. degree in biology, ecology, fisheries, marine science, or a related field. The positions have an anticipated start date of August 2026, but a summer start date is also possible. 

Compensation: There is currently funding available for two PhDs and each position includes an annual stipend of $33,000, tuition, and health insurance.

Application: To apply, please submit a 1-page letter of interest, CV, and transcripts to Dr. Mark Henderson (mark.henderson@uvm.edu). Review of applications will begin on April 24th and continue until the position is filled. 

Contact
Mark Henderson
206-914-2641
mark.henderson@uvm.edu (preferred contact method)","Qualifications: Applicants require a M.Sc. degree in biology, ecology, fisheries, marine science, or a related field. The positions have an anticipated start date of August 2026, but a summer start date is also possible.","edu/rsenr/profile/mark-henderson
Details
Application Deadline:
04/30/2026
Published:
03/24/2026
Starting Date:
between 5/4/2026 and 9/1/2026
Ending Date:
between 5/23/2030 and 9/23/2032
Hours per Week:
40
Salary:
$33,000 per year
Education Required:
Masters
Experience Required:
at least 1 year
Location:
81 Carrigan Dr (Burlington, Vermont)
Tags:
Graduate Opportunities
Description
Project: The Henderson Lab at the USGS Vermont Cooperative Fish and Wildlife Research unit in the Rubenstein School of Environment and Natural Resources at the University of Vermont is seeking highly motivated applicants for a Ph",,"04/30/2026
Published:
03/24/2026
Starting Date:
between 5/4/2026 and 9/1/2026
Ending Date:
between 5/23/2030 and 9/23/2032
Hours per Week:
40
Salary:
$33,000 per year
Education Required:
Masters
Experience Required:
at least 1 year
Location:
81 Carrigan Dr (Burlington, Vermont)
Tags:
Graduate Opportunities
Description
Project: The Henderson Lab at the USGS Vermont Cooperative Fish and Wildlife Research unit in the Rubenstein School of Environment and Natural Resources at the University of Vermont is seeking highly motivated applicants for a Ph",True,0.85,Graduate Position,Fisheries and Aquatic,0.21,"[""fish"", ""fisheries"", ""aquatic"", ""marine"", ""lake""]",False,,2026-03-29T05:32:32.062808+00:00,scrape_20260329_053157_53240a30,2.0,2026-03-29T05:32:32.062808+00:00,2026-03-29T05:32:32.062808+00:00,Fisheries and Aquatic,Environmental Sciences,rule,33000.0,1.05,31428.57,analytics_backfill,True,Vermont,US,,,,,,,,,,,,,
PhD Student Position - Climate Change Biology - University of Wyoming,Marketa Zimova (State),Wyoming,"starting at $28,000 per year",after 8/31/2026,03/18/2026,Graduate Opportunities,https://jobs.rwfm.tamu.edu/view-job/?id=114896,"PhD Student Position - Climate Change Biology - University of Wyoming
Marketa Zimova (State) | https://www.marketazimova.com/
Details
Posting:
https://www.marketazimova.com/opportunities
Application Deadline:
04/19/2026
Published:
03/18/2026
Starting Date:
after 8/31/2026
Hours per Week:
at least 40
Salary:
starting at $28,000 per year
Education Required:
Bachelors
Experience Required:
at least 3 years
Location:
Wyoming
Tags:
Graduate Opportunities
Description
The Zimova Lab at the University of Wyoming (UW), Dept of Zoology and Physiology is looking for 1-2 PhD students to join our group. The PhD students will work with Dr. Marketa Zimova on research related to camouflage mismatch in white-tailed jackrabbits, snowshoe hares, and other seasonally color-molting species.
All students will develop strong field ecology and quantitative analysis, with additional opportunities to build expertise aligned with their interests (e.g., evolutionary biology, movement ecology, behavioral ecology, remote sensing, AI, museum collections, genomics). Both positions are highly collaborative and will involve a combination of data collection by the student, existing datasets, and interaction with interdisciplinary collaborators.
Students admitted to the program will be supported by a combination of teaching and research assistantships (min $28,000/year plus tuition waiver and health insurance) for the duration of their studies. The start date is Fall 2026 or Spring 2027.

 Required Qualifications
MS degree (awarded or anticipated) in biology, zoology, wildlife and fisheries science, or related field, or commensurate experience designing and leading research projects
Interest in addressing key questions in conservation biology, animal ecology, and or evolutionary biology
Ability to safely conduct field work in all seasons and remote environments
Experience managing and analyzing data in R, Python, and or ArcGIS
Strong interpersonal, written, and verbal communication skills, with demonstrated ability to work collaboratively
Valid US driver’s license
 
Preferred Qualifications
Interest in applying research to wildlife management and conservation
Strong background in quantitative analysis and or spatial modeling
Experience with wildlife field methods (eg live-trapping, radiotelemetry, camera trapping)
Experience leading field crews
Track record of peer-reviewed publications

About Zimova lab
The research in Zimova lab focuses on quantifying the consequences of climate change for vertebrate populations and understanding the potential for evolutionary change to facilitate adaptation to climate change-related stressors. Our work integrates diverse approaches including field studies, museum collections, high-resolution environmental data, genetics, and advanced statistical modeling.

About Zoology & Physiology and Laramie, Wyoming
The Dept of Zoology and Physiology at UW is a collaborative and interdisciplinary community with strong ties to state, federal and other wildlife agencies. The department has particular strengths in wildlife biology, ecology, and physiology, with many opportunities for applied conservation research. The university is located in Laramie, a small, vibrant college town in southeastern Wyoming. Laramie sits at the base of the Medicine Bow Mountains and offers immediate access to exceptional outdoor recreation, including hiking, climbing, and skiing.

Application Instructions
To apply, please fill out this Google Form: https://forms.gle/hTmNJbjqNmwsodju6 by April 12th 2026. Please include the following materials:
Cover letter: Describe your research motivations, relevant experience, and clearly indicate which aspects of the lab’s research interest you most and why. In addition, outline a potential research direction you would be excited to pursue in the lab. This should include general questions or hypotheses, possible approaches or methods, and how your ideas align with ongoing work in the lab. This proposal does not need to represent your final PhD project; rather, it is an opportunity to demonstrate your scientific interests, creativity, and communication skills.
CV: Include academic and professional experience, as well as names and email addresses of three references.
Unofficial transcripts: Upload copies of transcripts or a list of coursework including undergraduate GPA. GRE scores are not required and should not be included.

PI Zimova will begin reviewing applications immediately and will contact suitable candidates on a rolling basis. Applicants are encouraged to apply as early as possible.
Contact
Marketa Zimova
mzimova@uwyo.edu (preferred contact method)","The Zimova Lab at the University of Wyoming (UW), Dept of Zoology and Physiology is looking for 1-2 PhD students to join our group. The PhD students will work with Dr. Marketa Zimova on research related to camouflage mismatch in white-tailed jackrabbits, snowshoe hares, and other seasonally color-molting species.
All students will develop strong field ecology and quantitative analysis, with additional opportunities to build expertise aligned with their interests (e.g., evolutionary biology, movement ecology, behavioral ecology, remote sensing, AI, museum collections, genomics). Both positions are highly collaborative and will involve a combination of data collection by the student, existing datasets, and interaction with interdisciplinary collaborators.
Students admitted to the program will be supported by a combination of teaching and research assistantships (min $28,000/year plus tuition waiver and health insurance) for the duration of their studies. The start date is Fall 2026 or Spring 2027.

 Required Qualifications","Marketa Zimova on research related to camouflage mismatch in white-tailed jackrabbits, snowshoe hares, and other seasonally color-molting species. Students admitted to the program will be supported by a combination of teaching and research assistantships (min $28,000/year plus tuition waiver and health insurance) for the duration of their studies. Required Qualifications
MS degree (awarded or anticipated) in biology, zoology, wildlife and fisheries science, or related field, or commensurate experience designing and leading research projects
Interest in addressing key questions in conservation biology, animal ecology, and or evolutionary biology
Ability to safely conduct field work in all seasons and remote environments
Experience managing and analyzing data in R, Python, and or ArcGIS
Strong interpersonal, written, and verbal communication skills, with demonstrated ability to work collaboratively
Valid US driver’s license
 
Preferred Qualifications
Interest in applying research to wildlife management and conservation
Strong background in quantitative analysis and or spatial modeling
Experience with wildlife field methods (eg live-trapping, radiotelemetry, camera trapping)
Experience leading field crews
Track record of peer-reviewed publications

About Zimova lab
The research in Zimova lab focuses on quantifying the consequences of climate change for vertebrate populations and understanding the potential for evolutionary change to facilitate adaptation to climate change-related stressors",,"04/19/2026
Published:
03/18/2026
Starting Date:
after 8/31/2026
Hours per Week:
at least 40
Salary:
starting at $28,000 per year
Education Required:
Bachelors
Experience Required:
at least 3 years
Location:
Wyoming
Tags:
Graduate Opportunities
Description
The Zimova Lab at the University of Wyoming (UW), Dept of Zoology and Physiology is looking for 1-2 PhD students to join our group",True,0.85,PhD Position,Environmental Sciences,0.25,"[""wildlife"", ""animal ecology"", ""wildlife management"", ""behavior"", ""telemetry""]",False,,2026-03-23T17:43:11.240983+00:00,scrape_20260323_174245_0f89e3a0,2.0,2026-03-22T05:16:05.598014+00:00,2026-03-23T17:43:11.240983+00:00,Environmental Sciences,,rule,28000.0,0.9,31111.11,analytics_backfill,True,Wyoming,US,,,,,,,,,,,,,
Graduate Research Assistantship (M.S. or Ph.D.) – Northern Bobwhite Ecology & Remote Sensing,University of Georgia (State),"Athens (Athens, Georgia)",Commensurate / Negotiable,between 4/1/2026 and 8/1/2026,03/18/2026,Graduate Opportunities,https://jobs.rwfm.tamu.edu/view-job/?id=114910,"Graduate Research Assistantship (M.S. or Ph.D.) – Northern Bobwhite Ecology & Remote Sensing
University of Georgia (State) | http://www.warnell.uga.edu
Details
Application Deadline:
03/27/2026
Published:
03/18/2026
Starting Date:
between 4/1/2026 and 8/1/2026
Hours per Week:
40
Salary:
Commensurate / Negotiable
Education Required:
Bachelors
Experience Required:
none
Location:
Athens (Athens, Georgia)
Tags:
Graduate Opportunities
Description
A fully funded M.S. (2) or Ph.D. (1) position is available to join a collaborative research project focused on advancing conservation and management of northern bobwhite through cutting-edge remote sensing and quantitative ecology.

Project Overview

This project integrates remote sensing, field ecology, and advanced statistical modeling to better understand how habitat structure and composition influence bobwhite populations across spatial scales.

The selected student will contribute to two primary objectives:

Objective 1: Landscape Mapping Using Remote Sensing

The student will develop spatial datasets to distinguish native grass-dominated systems from exotic grass pastures and quantify shrub cover across study landscapes.

Key approaches include:

Multispectral and hyperspectral satellite imagery

Vegetation indices (e.g., NDVI) and phenological signatures

Machine learning classification methods

LiDAR (USGS 3DEP; Q2) for shrub structure mapping

Integration of NAIP imagery and potential use of GEDI or SAR data

This component will result in high-resolution habitat maps to support ecological analyses and management decisions.

Objective 2: Multi-scale Habitat Selection of Northern Bobwhite

The student will quantify bobwhite habitat selection across micro-site, patch, and landscape scales using radio-telemetry data.

Field and analytical components include:

Intensive telemetry (year-round tracking)

Micro-site vegetation sampling (structure, composition, ground cover)

Patch-scale GIS analysis (composition, connectivity, edge density)

Integration of land management data (fire, grazing, etc.)

A central component of the project will be development of a Structural Equation Model (SEM) to:

Link habitat characteristics across scales

Quantify direct and indirect drivers of habitat selection

Evaluate mechanistic pathways influencing survival and reproduction

Qualifications

Preferred candidates will have:

B.S. or M.S. in wildlife ecology, ecology, natural resources, or related field

Strong interest in upland game bird ecology and conservation

Experience (or willingness to learn) R, GIS, and statistical modeling

Familiarity with remote sensing, LiDAR, or telemetry data is a plus

Ability to work independently in field conditions and collaboratively on a research team

Support & Benefits

Full tuition coverage

Competitive stipend

Health insurance

Opportunities for publication and professional development

Location

The student will be based at the University of Georgia (Athens, GA), with fieldwork conducted in Kansas.

How to Apply

Please send the following as a single PDF:

Cover letter describing interests and experience

CV

Contact information for 2–3 references

Send materials to: James Martin (jmart22@uga.edu)
Review of applications will begin immediately and continue until the position is filled.

Contact
James Martin
jmart22@uga.edu (preferred contact method)","Hours per Week:
40
Salary:
Commensurate / Negotiable
Education Required:
Bachelors
Experience Required:
none","Graduate Research Assistantship (M. (1) position is available to join a collaborative research project focused on advancing conservation and management of northern bobwhite through cutting-edge remote sensing and quantitative ecology. in wildlife ecology, ecology, natural resources, or related field

Strong interest in upland game bird ecology and conservation

Experience (or willingness to learn) R, GIS, and statistical modeling

Familiarity with remote sensing, LiDAR, or telemetry data is a plus

Ability to work independently in field conditions and collaboratively on a research team

Support & Benefits

Full tuition coverage

Competitive stipend

Health insurance

Opportunities for publication and professional development

Location

The student will be based at the University of Georgia (Athens, GA), with fieldwork conducted in Kansas",,"03/27/2026
Published:
03/18/2026
Starting Date:
between 4/1/2026 and 8/1/2026
Hours per Week:
40
Salary:
Commensurate / Negotiable
Education Required:
Bachelors
Experience Required:
none
Location:
Athens (Athens, Georgia)
Tags:
Graduate Opportunities
Description
A fully funded M",True,0.85,Graduate Assistantship,Wildlife,0.0,[],False,,2026-03-23T17:43:11.734068+00:00,scrape_20260323_174245_0f89e3a0,2.0,2026-03-22T05:16:06.222726+00:00,2026-03-23T17:43:11.734068+00:00,Wildlife,Forestry and Habitat,rule,,,,,True,Georgia,US,,,,,,,,,,,,,
Ph.D. graduate assistantship in coastal phytoplankton/harmful algal bloom dynamics,"Harte Research Institute, Texas A&M University-Corpus Christi (State)","6300 Ocean Drive (Corpus Christi, Texas)","$2,000 per month",between 8/1/2026 and 1/31/2027,03/18/2026,Graduate Opportunities,https://jobs.rwfm.tamu.edu/view-job/?id=114876,"Ph.D. graduate assistantship in coastal phytoplankton/harmful algal bloom dynamics
Harte Research Institute, Texas A&M University-Corpus Christi (State)
Details
Application Deadline:
03/31/2026
Published:
03/18/2026
Starting Date:
between 8/1/2026 and 1/31/2027
Hours per Week:
at least 40
Salary:
$2,000 per month
Education Required:
Masters
Experience Required:
at least 2 years
Location:
6300 Ocean Drive (Corpus Christi, Texas)
Tags:
Graduate Opportunities
Description
A Ph.D. graduate student position is available in the Coastal Water Health at the Harte Research Institute of Texas A&M University-Corpus Christi (https://www.harteresearch.org/research/coastal-water-health) to study phytoplankton/harmful algal bloom dynamics in Texas estuaries. The position is available for an August 2026, or January 2027 start date. Students may apply to either the Marine Biology (https://www.tamucc.edu/science/departments/life-sciences/marine-biology/) or Coastal and Marine System Science (https://www.tamucc.edu/science/departments/physical-sciences/coastal-marine/) program at Texas A&M University-Corpus Christi. 
 Required Qualifications
·       Completion of an M.S. degree in ecology, marine biology, or related field
·       Demonstrated experience conducting quantitative analyses with statistical programs such as R, PRIMER, etc. 
·       Excellent scientific writing skills 
·       Ability to work independently and solve problems 
 Preferred Qualifications
·       Previous working experience with marine phytoplankton taxonomy
·       At least one peer-reviewed article published or in review as first author 
 Compensation
·       Monthly stipend ($2,000/month)
·       Tuition
·       Health Insurance  
 Please email Dr. Mike Wetz with a copy of your CV, unofficial transcripts, a brief (<500 words) cover letter describing your interests and fit for this opportunity, and contact information for 3 references. Review of applications will begin March 23rd, 2026, and continue until filled.
 Contact information:
Michael Wetz
Michael.wetz@tamucc.edu
 

Contact
Mike Wetz
michael.wetz@tamucc.edu (preferred contact method)","Hours per Week:
at least 40
Salary:
$2,000 per month
Education Required:
Masters
Experience Required:
at least 2 years","graduate assistantship in coastal phytoplankton/harmful algal bloom dynamics
Harte Research Institute, Texas A&M University-Corpus Christi (State)
Details
Application Deadline:
03/31/2026
Published:
03/18/2026
Starting Date:
between 8/1/2026 and 1/31/2027
Hours per Week:
at least 40
Salary:
$2,000 per month
Education Required:
Masters
Experience Required:
at least 2 years
Location:
6300 Ocean Drive (Corpus Christi, Texas)
Tags:
Graduate Opportunities
Description
A Ph. graduate student position is available in the Coastal Water Health at the Harte Research Institute of Texas A&M University-Corpus Christi (https://www. harteresearch",,"03/31/2026
Published:
03/18/2026
Starting Date:
between 8/1/2026 and 1/31/2027
Hours per Week:
at least 40
Salary:
$2,000 per month
Education Required:
Masters
Experience Required:
at least 2 years
Location:
6300 Ocean Drive (Corpus Christi, Texas)
Tags:
Graduate Opportunities
Description
A Ph",True,0.85,Graduate Assistantship,Fisheries and Aquatic,0.0,[],False,,2026-03-23T17:43:11.925750+00:00,scrape_20260323_174245_0f89e3a0,2.0,2026-03-22T05:16:06.480550+00:00,2026-03-23T17:43:11.925750+00:00,Fisheries and Aquatic,,rule,24000.0,0.95,25263.16,analytics_backfill,True,Texas,US,,,,,,,,,,,,,
Doctoral Student in Environmental Toxicology,"Wildlife Toxicology Laboratory, Texas Tech University (State)","Texas Tech University (Lubbock, Tx, Texas)",Commensurate / Negotiable,between 7/31/2026 and 5/1/2027,03/18/2026,Graduate Opportunities,https://jobs.rwfm.tamu.edu/view-job/?id=114882,"Doctoral Student in Environmental Toxicology
Wildlife Toxicology Laboratory, Texas Tech University (State) | https://www.wildlifetoxicologylab.org
Details
Posting:
https://www.wildlifetoxicologylab.org
Application Deadline:
12/01/2026
Published:
03/18/2026
Starting Date:
between 7/31/2026 and 5/1/2027
Hours per Week:
at least 40
Salary:
Commensurate / Negotiable
Education Required:
Masters
Experience Required:
none
Location:
Texas Tech University (Lubbock, Tx, Texas)
Tags:
Graduate Opportunities
Description
We seek an outstanding individual to pursue a doctoral degree in environmental toxicology at Texas Tech University. This will be a tremendous opportunity for an individual to work in the area of wildlife toxicology. We are particularly interested in someone that can conduct interdisciplinary research at the interface of wildlife disease and toxicology. The doctoral candidate will work in an interdisciplinary team with other doctoral students. This will be cutting-edge research, particularly focusing on birds and integrating disease/toxic chemical interactions.  
 We are seeking a doctoral student with a Master of Science degree already in hand. In addition, we are looking for a student with a biology, wildlife biology, or environmental science background with a strong emphasis on toxicology. The graduate student should be comfortable in animal experiments, conducting field and laboratory research, and showing particular capabilities for research in birds.  This will be an exceptional opportunity for an outstanding student to make a significant contribution in the field of wildlife toxicology. The individual should be a team player and highly capable of interdisciplinary research. Strong analytical skills are a necessity, including a background in animal testing, toxicology, and computer skills, including statistical analysis.  
 Start date: Fall 2026 / Spring 2027
  Apply to:

 Ronald J. Kendall, Ph.D.
Professor
 Wildlife Toxicology Laboratory
Texas Tech University
Box 43290
Lubbock, TX 79409-3290
ron.kendall@ttu.edu
Contact
Ronald J. Kendall, Ph.D.
ron.kendall@ttu.edu (preferred contact method)","Hours per Week:
at least 40
Salary:
Commensurate / Negotiable
Education Required:
Masters
Experience Required:
none","We are particularly interested in someone that can conduct interdisciplinary research at the interface of wildlife disease and toxicology. This will be cutting-edge research, particularly focusing on birds and integrating disease/toxic chemical interactions. The graduate student should be comfortable in animal experiments, conducting field and laboratory research, and showing particular capabilities for research in birds",,"12/01/2026
Published:
03/18/2026
Starting Date:
between 7/31/2026 and 5/1/2027
Hours per Week:
at least 40
Salary:
Commensurate / Negotiable
Education Required:
Masters
Experience Required:
none
Location:
Texas Tech University (Lubbock, Tx, Texas)
Tags:
Graduate Opportunities
Description
We seek an outstanding individual to pursue a doctoral degree in environmental toxicology at Texas Tech University",True,0.85,PhD Position,Other,0.0,[],False,,2026-03-23T17:43:21.458288+00:00,scrape_20260323_174245_0f89e3a0,2.0,2026-03-22T05:16:16.857948+00:00,2026-03-23T17:43:21.458288+00:00,Other,,rule,,,,,True,Texas,US,,,,,,,,,,,,,
"University of Tennessee, Knoxville Graduate Assistantship - MS or PhD - Evaluating Success in Aquatic Connectivity Restorations","University of Tennessee, Knoxville - School of Natural Resources, Fisheries (State)","Knoxville, Tennessee","starting at $28,000 per year",after 8/1/2026,03/17/2026,Graduate Opportunities,https://jobs.rwfm.tamu.edu/view-job/?id=114839,"University of Tennessee, Knoxville Graduate Assistantship - MS or PhD - Evaluating Success in Aquatic Connectivity Restorations
University of Tennessee, Knoxville - School of Natural Resources, Fisheries (State) | https://naturalresources.tennessee.edu/
Details
Posting:
https://utkfisheriesconservationecology.com/opportunities.html
Application Deadline:
04/07/2026
Published:
03/17/2026
Starting Date:
after 8/1/2026
Hours per Week:
at least 40
Salary:
starting at $28,000 per year
Education Required:
Bachelors
Experience Required:
none
Location:
Knoxville, Tennessee
Tags:
Graduate Opportunities
Description
University of Tennessee, Knoxville (UTK) Graduate Assistantship – Evaluating success in aquatic connectivity restorations 

We are accepting applications for a M.S. or PhD graduate student research assistant that would develop a thesis or dissertation evaluating aquatic animal movements and the effectiveness of restorations of connectivity in stream ecosystems. 

Duties: In addition to classes and other requirements of the M.S. in Wildlife and Fisheries Science or the PhD in Natural resources program, the student will complete teaching assistant duties, lead their own comprehensive research project, and assist on other research projects. The objectives of the project that the student will address some or all of the following:

(1)    Characterizing changes in stream animal assemblages, habitat, and the spatial distribution of animals in response to connectivity restorations, including dam removals and aquatic organism passage (AOP) measures at dams and road-stream crossings
(2)     Measuring the dispersal capacity of select stream animals
(3)    Investigating the role of physical habitat characteristics, species life history, movement capacity, and the location and magnitude of potential source populations on the likelihood that species will recolonize an area in response to aquatic connectivity restoration

This assistantship will involve extensive and intensive field work, to be conducted in Tennessee and other locations where aquatic connectivity restorations have recently been completed or are ongoing/planned. Field research activities will involve sampling mobile stream organisms (primarily fishes) with multiple gears (i.e., backpack and/or boat electrofishing, seine, snorkeling, various traps etc.), implantation of passive integrated transponder (PIT) tags and marking with visual implant elastomer (VIE), operation of PIT tag arrays and/or portable antennas and may involve extensive travel and overnight stays at/near the field site locations. Lab and office duties will include data and literature reviews, equipment maintenance and construction, statistical analysis, and writing peer-reviewed publications and technical reports. 

Qualifications: Successful master’s degree applicants will have a B.S. degree in Biology, Ecology, Fisheries and Wildlife Science, or a closely related field, and PhD applicants are expected to hold an M.S. in one of the fields listed above. Applicants must meet all other qualifications for admission to the UTK School of Natural Resources Master's or PhD program. Applicants must have a strong desire to work in the field and laboratory and are expected to publish their research findings in peer-reviewed journals and present at professional conferences. Previous experience in aquatic field research, use of PIT tags and VIE marking techniques, data analysis using statistical software, and data management skills are preferred. The student must also possess a valid driver's license. Successful candidates will also have demonstrated the ability to manage multiple competing tasks for their time (e.g., writing, data collection, coursework), excellent abilities to work in a team setting, are goal oriented and self-directed.

Funding and Timeline: Guaranteed financial support is available for 2 years for a Master’s student or 3 years for a PhD student, beginning in August of 2026. Financial support includes a stipend, tuition, and insurance. Review of applications will begin on March 25th, 2026 and new applications will not be accepted after April 7th, 2026.

To Apply: please submit the following to Dr. Augustin Engman (aengman@utk.edu) and Dr. Lisa Izzo (lizzo1@utk.edu):

1) Personal statement of research interests and career goals

2) Resume or curriculum vitae

3) Transcripts (unofficial is OK)

4) Contact information for three references

Contact
Lisa Izzo & Augustin Engman
lizzo1@utk.edu (preferred contact method)","University of Tennessee, Knoxville (UTK) Graduate Assistantship – Evaluating success in aquatic connectivity restorations 

We are accepting applications for a M.S. or PhD graduate student research assistant that would develop a thesis or dissertation evaluating aquatic animal movements and the effectiveness of restorations of connectivity in stream ecosystems. 

Duties: In addition to classes and other requirements of the M.S. in Wildlife and Fisheries Science or the PhD in Natural resources program, the student will complete teaching assistant duties, lead their own comprehensive research project, and assist on other research projects. The objectives of the project that the student will address some or all of the following:

(1)    Characterizing changes in stream animal assemblages, habitat, and the spatial distribution of animals in response to connectivity restorations, including dam removals and aquatic organism passage (AOP) measures at dams and road-stream crossings
(2)     Measuring the dispersal capacity of select stream animals
(3)    Investigating the role of physical habitat characteristics, species life history, movement capacity, and the location and magnitude of potential source populations on the likelihood that species will recolonize an area in response to aquatic connectivity restoration

This assistantship will involve extensive and intensive field work, to be conducted in Tennessee and other locations where aquatic connectivity restorations have recently been completed or are ongoing/planned. Field research activities will involve sampling mobile stream organisms (primarily fishes) with multiple gears (i.e., backpack and/or boat electrofishing, seine, snorkeling, various traps etc.), implantation of passive integrated transponder (PIT) tags and marking with visual implant elastomer (VIE), operation of PIT tag arrays and/or portable antennas and may involve extensive travel and overnight stays at/near the field site locations. Lab and office duties will include data and literature reviews, equipment maintenance and construction, statistical analysis, and writing peer-reviewed publications and technical reports. 

Qualifications: Successful master’s degree applicants will have a B.S. degree in Biology, Ecology, Fisheries and Wildlife Science, or a closely related field, and PhD applicants are expected to hold an M.S. in one of the fields listed above. Applicants must meet all other qualifications for admission to the UTK School of Natural Resources Master's or PhD program. Applicants must have a strong desire to work in the field and laboratory and are expected to publish their research findings in peer-reviewed journals and present at professional conferences. Previous experience in aquatic field research, use of PIT tags and VIE marking techniques, data analysis using statistical software, and data management skills are preferred. The student must also possess a valid driver's license. Successful candidates will also have demonstrated the ability to manage multiple competing tasks for their time (e.g., writing, data collection, coursework), excellent abilities to work in a team setting, are goal oriented and self-directed.

Funding and Timeline: Guaranteed financial support is available for 2 years for a Master’s student or 3 years for a PhD student, beginning in August of 2026. Financial support includes a stipend, tuition, and insurance. Review of applications will begin on March 25th, 2026 and new applications will not be accepted after April 7th, 2026.

To Apply: please submit the following to Dr. Augustin Engman (aengman@utk.edu) and Dr. Lisa Izzo (lizzo1@utk.edu):

1) Personal statement of research interests and career goals

2) Resume or curriculum vitae

3) Transcripts (unofficial is OK)

4) Contact information for three references","or PhD graduate student research assistant that would develop a thesis or dissertation evaluating aquatic animal movements and the effectiveness of restorations of connectivity in stream ecosystems. in Wildlife and Fisheries Science or the PhD in Natural resources program, the student will complete teaching assistant duties, lead their own comprehensive research project, and assist on other research projects. Field research activities will involve sampling mobile stream organisms (primarily fishes) with multiple gears (i",,"04/07/2026
Published:
03/17/2026
Starting Date:
after 8/1/2026
Hours per Week:
at least 40
Salary:
starting at $28,000 per year
Education Required:
Bachelors
Experience Required:
none
Location:
Knoxville, Tennessee
Tags:
Graduate Opportunities
Description
University of Tennessee, Knoxville (UTK) Graduate Assistantship – Evaluating success in aquatic connectivity restorations 

We are accepting applications for a M",True,0.85,Graduate Assistantship,Fisheries and Aquatic,0.18,"[""fish"", ""fisheries"", ""aquatic"", ""stream"", ""river""]",False,,2026-03-23T17:43:11.335465+00:00,scrape_20260323_174245_0f89e3a0,2.0,2026-03-22T05:16:05.697413+00:00,2026-03-23T17:43:11.335465+00:00,Fisheries and Aquatic,Wildlife,rule,28000.0,0.85,32941.18,analytics_backfill,True,Tennessee,US,,,,,,,,,,,,,
Graduate Research Assistant (M.S.),University of Nebraska at Kearney (State),"2401 11th Ave (Kearney, Nebraska)","starting at $19,386 per year",between 7/1/2026 and 8/10/2026,03/16/2026,Graduate Opportunities,https://jobs.rwfm.tamu.edu/view-job/?id=114817,"Graduate Research Assistant (M.S.)
University of Nebraska at Kearney (State)
Details
Application Deadline:
04/15/2026
Published:
03/16/2026
Starting Date:
between 7/1/2026 and 8/10/2026
Hours per Week:
at least 40
Salary:
starting at $19,386 per year
Education Required:
Bachelors
Experience Required:
none
Location:
2401 11th Ave (Kearney, Nebraska)
Tags:
Graduate Opportunities
Description
A M.S.-level research project investigating ecosystem impacts of Common Carp and White Sucker recolonization at Lake Ogallala following a chemical renovation in 2023 and potential for targeted removals to sustain fishery benefits. In an open system, immigration or density-dependent compensatory responses may result in stable or increasing nuisance populations. In Lake Ogallala, high densities of Carp and White Sucker contribute to the degradation of the system through uprooting or ingestion of submerged aquatic vegetation resulting in a loss of macrophyte and macroinvertebrate production. Fish exclosures to protect macrophyte production in tandem with targeted fish removals may be able to maintain trophic conditions. Models involving population structure and dynamics of each species may provide insights as to whether biomass may be suppressed for longer benefits to other recreationally important fishes. 

Completion of the project will serve as partial fulfillment of the requirements for a MS degree from the University of Nebraska at Kearney (UNK). Other requirements include satisfactory completion of coursework, successful thesis defense, and submission of manuscripts for publication.  Each student will be supported on a year-round research assistantship, which includes monthly pay, full tuition waiver, and optional student health insurance. 

Qualifications: B.S. in fisheries or wildlife science/management, population ecology, environmental science, or related field. Experience in fisheries field work, understanding of recreational fisheries management, and data analysis is highly desirable, especially in a competitive selection process. Candidates with demonstrated written and oral communication skills, analytical skills, and strong academic credentials are preferred. Applicants must be self-motivated, demonstrate a strong work ethic, and be capable and willing to work long hours (within boundaries) to complete all aspects of the research, including in the field, laboratory, and office.

How to apply: Send application (cover letter, résumé/CV, transcripts, and contact information of 3 references) electronically to Dr. Melissa Wuellner, Department of Biology, UNK, wuellnermr@unk.edu.  Finalists moving to the next step will be notified and will receive a writing prompt that will be due within a short window of time (3 days from the date of notification).  
Contact
Melissa Wuellner
3088658006
wuellnermr@unk.edu (preferred contact method)","A M.S.-level research project investigating ecosystem impacts of Common Carp and White Sucker recolonization at Lake Ogallala following a chemical renovation in 2023 and potential for targeted removals to sustain fishery benefits. In an open system, immigration or density-dependent compensatory responses may result in stable or increasing nuisance populations. In Lake Ogallala, high densities of Carp and White Sucker contribute to the degradation of the system through uprooting or ingestion of submerged aquatic vegetation resulting in a loss of macrophyte and macroinvertebrate production. Fish exclosures to protect macrophyte production in tandem with targeted fish removals may be able to maintain trophic conditions. Models involving population structure and dynamics of each species may provide insights as to whether biomass may be suppressed for longer benefits to other recreationally important fishes. 

Completion of the project will serve as partial fulfillment of the requirements for a MS degree from the University of Nebraska at Kearney (UNK). Other requirements include satisfactory completion of coursework, successful thesis defense, and submission of manuscripts for publication.  Each student will be supported on a year-round research assistantship, which includes monthly pay, full tuition waiver, and optional student health insurance. 

Qualifications: B.S. in fisheries or wildlife science/management, population ecology, environmental science, or related field. Experience in fisheries field work, understanding of recreational fisheries management, and data analysis is highly desirable, especially in a competitive selection process. Candidates with demonstrated written and oral communication skills, analytical skills, and strong academic credentials are preferred. Applicants must be self-motivated, demonstrate a strong work ethic, and be capable and willing to work long hours (within boundaries) to complete all aspects of the research, including in the field, laboratory, and office.

How to apply: Send application (cover letter, résumé/CV, transcripts, and contact information of 3 references) electronically to Dr. Melissa Wuellner, Department of Biology, UNK, wuellnermr@unk.edu.  Finalists moving to the next step will be notified and will receive a writing prompt that will be due within a short window of time (3 days from the date of notification).","Graduate Research Assistant (M. -level research project investigating ecosystem impacts of Common Carp and White Sucker recolonization at Lake Ogallala following a chemical renovation in 2023 and potential for targeted removals to sustain fishery benefits. Each student will be supported on a year-round research assistantship, which includes monthly pay, full tuition waiver, and optional student health insurance",,"04/15/2026
Published:
03/16/2026
Starting Date:
between 7/1/2026 and 8/10/2026
Hours per Week:
at least 40
Salary:
starting at $19,386 per year
Education Required:
Bachelors
Experience Required:
none
Location:
2401 11th Ave (Kearney, Nebraska)
Tags:
Graduate Opportunities
Description
A M",True,0.85,Graduate Assistantship,Fisheries and Aquatic,0.0,[],True,University of Nebraska,2026-03-23T17:43:12.024023+00:00,scrape_20260323_174245_0f89e3a0,2.0,2026-03-22T05:16:06.589728+00:00,2026-03-23T17:43:12.024023+00:00,Fisheries and Aquatic,Wildlife,rule,19386.0,1.0,19386.0,analytics_backfill,True,Nebraska,US,,,,,,,,,,,,,
Ph.D. Position: Avian movement modeling,Berigan Lab at Auburn University (State),"auburn, Alabama","starting at $30,000 per year",before 8/17/2026,03/09/2026,Graduate Opportunities,https://jobs.rwfm.tamu.edu/view-job/?id=114522,"Ph.D. Position: Avian movement modeling
Berigan Lab at Auburn University (State) | https://liamaberigan.github.io
Details
Application Deadline:
06/01/2026
Published:
03/09/2026
Starting Date:
before 8/17/2026
Hours per Week:
at least 40
Salary:
starting at $30,000 per year
Education Required:
Masters
Experience Required:
none
Location:
auburn, Alabama
Tags:
Graduate Opportunities
Description
The Berigan lab (https://liamaberigan.github.io) at Auburn University College of Forestry, Wildlife and Environment is hiring a PhD student to research quantitative methods for modeling animal movement. The successful applicant will apply Bayesian state-space models or related techniques to large datasets, including both GPS and Motus data, to build improved movement models for avian migration. We anticipate this position to be highly collaborative and will focus mostly on leveraging preexisting datasets. Fieldwork will be up to the discretion of the student but will likely be a minor component of the dissertation.

Minimum qualifications:

·      Master’s degree (awarded or anticipated) in biology, statistics, or a related discipline
·      Extensive experience working with the programming language R
·      Strong communication skills in oral and written English
·      Ability to work independently and as part of an interdisciplinary team
·      Self-motivation, a positive attitude, and strong interpersonal skills

Desired qualifications:

·      Strong background in statistics, especially Bayesian methods
·      Experience collecting and/or analyzing avian movement data, especially using the Motus network
·      Record of publication in peer-reviewed journals

The successful applicant will be asked to apply to Auburn University’s College of Forestry, Wildlife and Environment for admission in Fall 2026, and will be expected to arrive prior to the first day of classes (August 17th). Note that GRE scores are not required for admission but may create opportunities for additional funding support (e.g., Auburn Presidential Graduate Opportunity Program). If you have GRE scores, please submit them as a part of your application package.

Compensation: Stipend of $30,000 per year, plus a tuition waiver. 

How to apply: Please email Dr. Liam Berigan (lib0016@auburn.edu) a single PDF document containing a 1) cover letter, 2) CV, 3) unofficial transcripts from all colleges attended, 4) GRE scores (if available), and 5) contact information for 3 professional references. Please title your email “PhD application” to ensure it is routed correctly. Application deadline is April 15th, but I encourage you to apply early as applications will be evaluated on a rolling basis until a suitable candidate is found. More information about our graduate program can be found here: https://cfwe.auburn.edu/graduate-study/graduate-degrees/.

Contact
Dr. Liam Berigan
lib0016@auburn.edu (preferred contact method)","The Berigan lab (https://liamaberigan.github.io) at Auburn University College of Forestry, Wildlife and Environment is hiring a PhD student to research quantitative methods for modeling animal movement. The successful applicant will apply Bayesian state-space models or related techniques to large datasets, including both GPS and Motus data, to build improved movement models for avian migration. We anticipate this position to be highly collaborative and will focus mostly on leveraging preexisting datasets. Fieldwork will be up to the discretion of the student but will likely be a minor component of the dissertation.

Minimum qualifications:

·      Master’s degree (awarded or anticipated) in biology, statistics, or a related discipline
·      Extensive experience working with the programming language R
·      Strong communication skills in oral and written English
·      Ability to work independently and as part of an interdisciplinary team
·      Self-motivation, a positive attitude, and strong interpersonal skills

Desired qualifications:

·      Strong background in statistics, especially Bayesian methods
·      Experience collecting and/or analyzing avian movement data, especially using the Motus network
·      Record of publication in peer-reviewed journals

The successful applicant will be asked to apply to Auburn University’s College of Forestry, Wildlife and Environment for admission in Fall 2026, and will be expected to arrive prior to the first day of classes (August 17th). Note that GRE scores are not required for admission but may create opportunities for additional funding support (e.g., Auburn Presidential Graduate Opportunity Program). If you have GRE scores, please submit them as a part of your application package.

Compensation: Stipend of $30,000 per year, plus a tuition waiver. 

How to apply: Please email Dr. Liam Berigan (lib0016@auburn.edu) a single PDF document containing a 1) cover letter, 2) CV, 3) unofficial transcripts from all colleges attended, 4) GRE scores (if available), and 5) contact information for 3 professional references. Please title your email “PhD application” to ensure it is routed correctly. Application deadline is April 15th, but I encourage you to apply early as applications will be evaluated on a rolling basis until a suitable candidate is found. More information about our graduate program can be found here: https://cfwe.auburn.edu/graduate-study/graduate-degrees/.","io) at Auburn University College of Forestry, Wildlife and Environment is hiring a PhD student to research quantitative methods for modeling animal movement",,"06/01/2026
Published:
03/09/2026
Starting Date:
before 8/17/2026
Hours per Week:
at least 40
Salary:
starting at $30,000 per year
Education Required:
Masters
Experience Required:
none
Location:
auburn, Alabama
Tags:
Graduate Opportunities
Description
The Berigan lab (https://liamaberigan",True,0.85,Graduate Position,Wildlife,0.0,[],False,,2026-03-15T05:25:24.180790+00:00,scrape_20260315_052459_a96d9800,2.0,2026-03-15T05:25:24.180790+00:00,2026-03-15T05:25:24.180790+00:00,Wildlife,Forestry and Habitat,rule,30000.0,0.8,37500.0,analytics_backfill,True,Alabama,US,,,,,,,,,,,,,
Ph.D. research assistantship,US Geological Survey (Federal),"2295 Mowry Rd (Gainesville, Florida)","$29,000 per year",after 8/1/2026,03/06/2026,Graduate Opportunities,https://jobs.rwfm.tamu.edu/view-job/?id=114512,"Ph.D. research assistantship
US Geological Survey (Federal)
Details
Application Deadline:
04/03/2026
Published:
03/06/2026
Starting Date:
after 8/1/2026
Hours per Week:
40
Salary:
$29,000 per year
Education Required:
Bachelors
Experience Required:
at least 3 years
Location:
2295 Mowry Rd (Gainesville, Florida)
Tags:
Graduate Opportunities
Description
Ph.D. Position

I am seeking applicants for a Ph.D. Student research assistantship in the University of Florida’s Wildlife Ecology and Conservation Program or the School of Natural Resources and the Environment. This is a readvertisement of a position posted in August of 2025. Funding was delayed due in part to the extended government shutdown, but the issues are resolved. This will be a fully funded 4-year assistantship focused on assessment and monitoring of Cape Sable Seaside Sparrow populations in the Everglades ecosystem. The student will develop skills in field work with elusive avian species, data analysis and statistics, structured decision making, and more over the course of their degree. The research will focus on estimating demographic rates for the species and predicting the species’ future risk, but there will also be opportunities to develop and pursue their own research questions related to the focal species and their management. I am seeking students with keen interest in quantitative ecology, decision support science, endangered species conservation, and some prior experience banding birds or with avian point counts. If interested, please send a letter of introduction, a C.V. and unofficial transcripts Conor McGowan (conor.mcgowan@ufl.edu).

 

Salary: ~$29,000 per year (+ health benefits and tuition waiver)

Start date: August 2026

Application deadline: April 3, 2026.

Location: Gainesville, FL 

Contact
Conor P McGowan
conor.mcgowan@ufl.edu (preferred contact method)","Hours per Week:
40
Salary:
$29,000 per year
Education Required:
Bachelors
Experience Required:
at least 3 years","research assistantship
US Geological Survey (Federal)
Details
Application Deadline:
04/03/2026
Published:
03/06/2026
Starting Date:
after 8/1/2026
Hours per Week:
40
Salary:
$29,000 per year
Education Required:
Bachelors
Experience Required:
at least 3 years
Location:
2295 Mowry Rd (Gainesville, Florida)
Tags:
Graduate Opportunities
Description
Ph. Student research assistantship in the University of Florida’s Wildlife Ecology and Conservation Program or the School of Natural Resources and the Environment. The research will focus on estimating demographic rates for the species and predicting the species’ future risk, but there will also be opportunities to develop and pursue their own research questions related to the focal species and their management",,"04/03/2026
Published:
03/06/2026
Starting Date:
after 8/1/2026
Hours per Week:
40
Salary:
$29,000 per year
Education Required:
Bachelors
Experience Required:
at least 3 years
Location:
2295 Mowry Rd (Gainesville, Florida)
Tags:
Graduate Opportunities
Description
Ph",True,0.85,Graduate Assistantship,Wildlife,0.0,[],False,,2026-03-08T05:05:47.035868+00:00,scrape_20260308_050526_c97f68ce,2.0,2026-03-08T05:05:47.035868+00:00,2026-03-08T05:05:47.035868+00:00,Wildlife,Human Dimensions,rule,29000.0,0.95,30526.32,analytics_backfill,True,Florida,US,,,,,,,,,,,,,
Ph.D. Graduate Assistantship - Estuarine Nekton Ecology,Texas A&M University - Corpus Christi (State),"6300 Ocean Drive (Corpus Christi, Texas)","$24,000 to $26,400 per year",after 8/24/2026,03/05/2026,Graduate Opportunities,https://jobs.rwfm.tamu.edu/view-job/?id=114485,"Ph.D. Graduate Assistantship - Estuarine Nekton Ecology
Texas A&M University - Corpus Christi (State)
Details
Application Deadline:
05/01/2026
Published:
03/05/2026
Starting Date:
after 8/24/2026
Hours per Week:
40
Salary:
$24,000 to $26,400 per year
Education Required:
Masters
Experience Required:
none
Location:
6300 Ocean Drive (Corpus Christi, Texas)
Tags:
Graduate Opportunities
Description
The Center for Sportfish Science and Conservation  (www.sportfishcenter.org) at the Harte Research Institute (www.harteresearch.org) at Texas A&M University-Corpus Christi (www.tamucc.edu) is seeking a Ph.D. student to study estuarine nekton ecology, with work primarily focused on understanding the impacts of directed freshwater inflows on marsh nekton productivity. This project represents a unique opportunity to use controlled water deliveries in a before-after control-impact framework. The student will be expected to conduct field work and use spatial and quantitative methods to analyze nekton distribution, abundance, and community structure and associated environmental data within the study area. While research should primarily focus on the impacts of directed freshwater inflows on nekton productivity, other synergistic questions can be pursued if deemed appropriate.
 The selected Ph.D. student will attend classes and be based at the Harte Research Institute on the campus of Texas A&M University-Corpus Christi. The student should be prepared for significant field work with long hours in South Texas conditions. There is significant staff/student support to help with field work.

Required Qualifications
 -         Completion of a M.S. degree in fisheries ecology, marine biology, or related field
-          Demonstrated experience conducting quantitative analyses with statistical programs such as R, PRIMER, etc.
-          Excellent scientific writing skills
-          Ability to work independently and problem solve
 Preferred Qualifications
-          Previous experience analyzing multivariate datasets
-          Significant field experience in estuarine environments
-          At least one peer-reviewed article published or in review as first author
 Compensation
 -          Monthly stipend ($24,000/yr; fully funded)
-          Tuition (fully covered)
-          Health Insurance 

To Apply

Prior to applying to the TAMU-CC MARB Ph.D. program, qualified applicants should send a single email containing: 1) a cover letter describing your background, skills, and interest in this position, 2) a CV, 3) unofficial transcripts of undergraduate/graduate work, and 4) contact information for 3 professional references to Dr. Matt Streich (matthew.streich@tamucc.edu). This position is open until filled, but application review will begin March 31st. Applicants will be notified before references are contacted.
Contact
Dr. Matthew Streich
matthew.streich@tamucc.edu (preferred contact method)","The selected Ph.D. student will attend classes and be based at the Harte Research Institute on the campus of Texas A&M University-Corpus Christi. The student should be prepared for significant field work with long hours in South Texas conditions. There is significant staff/student support to help with field work.

Required Qualifications","org) at the Harte Research Institute (www. harteresearch. While research should primarily focus on the impacts of directed freshwater inflows on nekton productivity, other synergistic questions can be pursued if deemed appropriate",,"05/01/2026
Published:
03/05/2026
Starting Date:
after 8/24/2026
Hours per Week:
40
Salary:
$24,000 to $26,400 per year
Education Required:
Masters
Experience Required:
none
Location:
6300 Ocean Drive (Corpus Christi, Texas)
Tags:
Graduate Opportunities
Description
The Center for Sportfish Science and Conservation  (www",True,0.85,Graduate Assistantship,Fisheries and Aquatic,0.0,[],False,,2026-03-08T05:05:47.232113+00:00,scrape_20260308_050526_c97f68ce,2.0,2026-03-08T05:05:47.232113+00:00,2026-03-08T05:05:47.232113+00:00,Fisheries and Aquatic,,rule,24000.0,0.95,25263.16,analytics_backfill,True,Texas,US,,,,,,,,,,,,,
M.S. Graduate Assistantship in Toucan Ecology and Seed Dispersal – Iowa State University,Iowa State University (State),"Ames, Iowa","starting at $28,000 per year",after 8/17/2026,03/03/2026,Graduate Opportunities,https://jobs.rwfm.tamu.edu/view-job/?id=114304,"M.S. Graduate Assistantship in Toucan Ecology and Seed Dispersal – Iowa State University
Iowa State University (State)
Details
Application Deadline:
03/31/2026
Published:
03/03/2026
Starting Date:
after 8/17/2026
Hours per Week:
at least 35
Salary:
starting at $28,000 per year
Education Required:
Bachelors
Experience Required:
none
Location:
Ames, Iowa
Tags:
Graduate Opportunities
Description
Description
One M.S. assistantship in toucan ecology and seed dispersal is available in the Department of Natural Resource Ecology and Management at Iowa State University beginning in August 2026. The student will be advised by Dr. Landon Jones and will largely work with available movement data collected on two species of toucans in a fragmented secondary rainforest landscape in Costa Rica to estimate spatial patterns of seed dispersal in an agent-based modeling framework. The student will be supported for 2 years by Teaching Assistantships with additional summer support. 

The Department of Natural Resource Ecology and Management has a robust graduate research program with >50 M.S. and Ph.D. students investigating a wide range of natural resource questions. Wildlife Ecology is the largest graduate discipline. Iowa State University has approximately 31,000 students with strong programs in ecology, statistics, evolution, and many other applied sciences. Ames has a small town feeling and reasonable living expenses with great opportunities for outdoor activities.

Qualifications
B.S. degree in ecology, wildlife science, biology, or related natural resources field with undergraduate GPA >3.0. Desired qualifications include an excellent academic record, strong quantitative skills, and excellent writing skills. Preferred specific skills include intermediate to advanced experience with R and geographic information systems (GIS), experience with agent-based modeling, experience with VHF or other radiotelemetry methods, field experience and knowledge of birds, and a strong interest in avian ecology. Fieldwork is unlikely for this project; however, there is a small possibility for a short (~1-2 month) field season in Costa Rica, in which case intermediate Spanish or better would be helpful. It is unlikely that the same candidate will have many to all of the above preferred qualifications; however, an established track record of related experience or evidence of work ethic and a strong willingness to learn the above skillsets will be crucial. Stipend is approximately $28,000 per year. The student will receive health insurance and a waiver of 75% of in-state graduate tuition (student cost is ~$5,000 per year). 

To apply, please email the following documents to Dr. Landon Jones (bateleur@iastate.edu) by March 31, 2026, with the subject line “Toucan Ecology MS applicant”: a cover letter describing professional interests and career goals, a curriculum vita, copies of all college transcripts, and the names, phone numbers, and email addresses of at least three references. 

Contact
Landon Jones
bateleur@iastate.edu (preferred contact method)","Hours per Week:
at least 35
Salary:
starting at $28,000 per year
Education Required:
Bachelors
Experience Required:
none",The Department of Natural Resource Ecology and Management has a robust graduate research program with >50 M,,"03/31/2026
Published:
03/03/2026
Starting Date:
after 8/17/2026
Hours per Week:
at least 35
Salary:
starting at $28,000 per year
Education Required:
Bachelors
Experience Required:
none
Location:
Ames, Iowa
Tags:
Graduate Opportunities
Description
Description
One M",True,0.85,Graduate Assistantship,Wildlife,0.0,[],True,University of Iowa,2026-03-08T05:05:47.331543+00:00,scrape_20260308_050526_c97f68ce,2.0,2026-03-08T05:05:47.331543+00:00,2026-03-08T05:05:47.331543+00:00,Wildlife,,rule,28000.0,0.85,32941.18,analytics_backfill,True,Iowa,US,,,,,,,,,,,,,
Funded MS graduate assistantship Wyoming Wildlife policy,University of Wyoming (State),"Laramie, Wyoming","starting at $23,000 per year",after 8/13/2026,02/27/2026,Graduate Opportunities,https://jobs.rwfm.tamu.edu/view-job/?id=114239,"Funded MS graduate assistantship Wyoming Wildlife policy
University of Wyoming (State)
Details
Posting:
https://static1.squarespace.com/static/650dcea8d65a4952dfd61831/t/69a1f01fa34bd15a9e3c61f8/1772220447572/2025+Oil+and+Gas+Posting.docx.pdf
Application Deadline:
03/13/2026
Published:
02/27/2026
Starting Date:
after 8/13/2026
Hours per Week:
at least 40
Salary:
starting at $23,000 per year
Education Required:
Bachelors
Experience Required:
none
Location:
Laramie, Wyoming
Tags:
Graduate Opportunities
Description
MS Graduate Research Assistantship: Funded MS on voluntary wildlife protection, policy, and law on oil & gas concessions in the American West 

Laramie, WY

Job Title: MS Graduate Research Assistantship, University of Wyoming

Location: Laramie, WY 

Overview: Dr. Kelly Dunning & Associate Dean Professor Temple Stoellinger are recruiting a student to join the Wildlife & Wilderness Recreation Lab in the Haub School of Environment and Natural Resources at the University of Wyoming. 

The Wildlife & Wilderness Recreation Lab works on sustainable nature-based tourism, hunting and fishing, and outdoor recreation issues in Wyoming and the Intermountain West. Our research focuses on public policy of wildlife, recreation, and natural resources making our research practical and impactful to resource management. The MS student will work on a project studying voluntary conservation activities for species like elk, deer, and grouse on oil and gas concessions. The MS student will have interdisciplinary opportunities to provide support to the Wildlife & Wilderness Recreation Lab as needed (please see: wildlifewildernessrecreationlab.org). Our lab has experience working with students of diverse backgrounds, veterans, and non-conventional students, and all are welcome to apply. 

Duties: The Graduate Research Assistant will focus on voluntary conservation activities and relevant conservation laws and policies for species protections on oil and gas concessions on both private land and leases of federal and state public land. This position is ideal for people who want to work in conservation with insights that are valuable to the private sector. This pragmatic focus allows you to follow political priorities of the current administration and be competitive on the job market.  

Ideal candidates for this position will possess outstanding written and oral communication skills, an interest in conservation, and a willingness to write research independently. 

Candidates should have experience 1) working as part of a team on conservation social science, wildlife, or environmental politics and policy in the United States or similar topics, 2) conducting research or outreach in natural or social science. Students with prior work experience in sectors like service or retail are encouraged to list these experiences on their resume as well as it demonstrates independence and ability to work with the public. Candidates should have an interest in fish and wildlife in the Intermountain West, oil and gas, wilderness recreation, and/or an appreciation for federal land recreation and tourism. Candidates should show in their cover letter examples of their ability to work independently. Preferred candidates will have experience with 1) wildlife science or social science such as hunter or angler surveys, political science/public policy/economics, 2) statistical analysis, 3) social science methods/surveys/human dimensions/interview methodologies, 4) scientific or academic writing. Students must possess a valid drivers license and be willing and able to conduct field work in rural communities that may require significant time spent outdoors and in nature. 

Start Date: Fall 2026 in Laramie, Wyoming 

End Date: An MS in the Wildlife & Wilderness Recreation Lab requires 5 semesters of field work and courses ending at the conclusion of spring term 2027 (fall ‘26, spring ‘27, summer ‘27, fall ‘27, spring ‘28). Dunning and Stoellinger will provide close supervision and career planning support to ensure completion on time. 

Degree information: The candidate(s) selected will pursue their MS through the University of Wyoming’s Environment, Natural Resources, and Society program (ENRS). A funded MS covers required credits of tuition and fees during the fall/spring/summer semesters and student health insurance. 

Qualifications: Preference will be given to applicants with interest and/or experience in hunting/fishing surveys, outdoor recreation, and/or interdisciplinary research. Applicants should have a bachelor's degree and a strong positive professional reference from a few previous supervisors. Applicants who have a BA or BS in any field will be considered, with preference given to social science, fish and wildlife science, natural resources, political science, business, or interdisciplinary fields. Applicants must have an undergraduate GPA of 3.0 or higher. Standardized test scores (e.g., GRE) are not required although they can be used to supplement weaker applications. Candidates from all backgrounds are encouraged to apply. Veterans and spouse/children dependents are encouraged to apply. Legal right to work in the United States will need to be held by the applicant. Formal application to the UW ENRS program is required subsequent to selection of the successful candidate(s). 

Questions: Questions may be asked about the vacancy to Kelly Dunning via email, but all relevant information needed to apply to the vacancies is included in the above description. Due to the extremely high volume of interest of previous positions in the lab, feedback on individual applications is not possible and individual conversations prior to submission of application materials is not possible. 

Funding Package: The stipend for Fall 2026 through summer 2026 will be $23,000 (summer funding is included); the stipend for Fall 2026 through May 2027 will be $16,938. tuition, and health insurance. Graduation is May 2027.  

Application Deadline: March 13, 2026 at 5 p.m. MST, Apply early as review of applications will be on a rolling basis, and positions like this are often filled long before the closing date. 

How to apply: Please send the following materials as one PDF document to Dr. Kelly Dunning at kelly.dunning@uwyo.edu with the subject “Your Name MS Position”. This packet should include as a single combined PDF:
(1) Cover letter/narrative (roughly 1-2 pages) that explains your relevant skills and experience identifying specific requirements outlined in this position description, why you want to study at the Haub School, career goals, and your ability to work independently.  
(2) Resume or CV including degree(s) earned, GPA, and contact information for at least three references 
(3) an unofficial copy of your transcript
(4) a writing sample close to the focus of this MS this can be of any length and on any topic

Next steps: Finalists will be contacted for an interview and an optional short writing task to assess the applicant’s writing skills
Contact
Kelly Dunning
kelly.dunning@uwyo.edu (preferred contact method)","MS Graduate Research Assistantship: Funded MS on voluntary wildlife protection, policy, and law on oil & gas concessions in the American West 

Laramie, WY

Job Title: MS Graduate Research Assistantship, University of Wyoming

Location: Laramie, WY 

Overview: Dr. Kelly Dunning & Associate Dean Professor Temple Stoellinger are recruiting a student to join the Wildlife & Wilderness Recreation Lab in the Haub School of Environment and Natural Resources at the University of Wyoming. 

The Wildlife & Wilderness Recreation Lab works on sustainable nature-based tourism, hunting and fishing, and outdoor recreation issues in Wyoming and the Intermountain West. Our research focuses on public policy of wildlife, recreation, and natural resources making our research practical and impactful to resource management. The MS student will work on a project studying voluntary conservation activities for species like elk, deer, and grouse on oil and gas concessions. The MS student will have interdisciplinary opportunities to provide support to the Wildlife & Wilderness Recreation Lab as needed (please see: wildlifewildernessrecreationlab.org). Our lab has experience working with students of diverse backgrounds, veterans, and non-conventional students, and all are welcome to apply. 

Duties: The Graduate Research Assistant will focus on voluntary conservation activities and relevant conservation laws and policies for species protections on oil and gas concessions on both private land and leases of federal and state public land. This position is ideal for people who want to work in conservation with insights that are valuable to the private sector. This pragmatic focus allows you to follow political priorities of the current administration and be competitive on the job market.  

Ideal candidates for this position will possess outstanding written and oral communication skills, an interest in conservation, and a willingness to write research independently. 

Candidates should have experience 1) working as part of a team on conservation social science, wildlife, or environmental politics and policy in the United States or similar topics, 2) conducting research or outreach in natural or social science. Students with prior work experience in sectors like service or retail are encouraged to list these experiences on their resume as well as it demonstrates independence and ability to work with the public. Candidates should have an interest in fish and wildlife in the Intermountain West, oil and gas, wilderness recreation, and/or an appreciation for federal land recreation and tourism. Candidates should show in their cover letter examples of their ability to work independently. Preferred candidates will have experience with 1) wildlife science or social science such as hunter or angler surveys, political science/public policy/economics, 2) statistical analysis, 3) social science methods/surveys/human dimensions/interview methodologies, 4) scientific or academic writing. Students must possess a valid drivers license and be willing and able to conduct field work in rural communities that may require significant time spent outdoors and in nature. 

Start Date: Fall 2026 in Laramie, Wyoming 

End Date: An MS in the Wildlife & Wilderness Recreation Lab requires 5 semesters of field work and courses ending at the conclusion of spring term 2027 (fall ‘26, spring ‘27, summer ‘27, fall ‘27, spring ‘28). Dunning and Stoellinger will provide close supervision and career planning support to ensure completion on time. 

Degree information: The candidate(s) selected will pursue their MS through the University of Wyoming’s Environment, Natural Resources, and Society program (ENRS). A funded MS covers required credits of tuition and fees during the fall/spring/summer semesters and student health insurance. 

Qualifications: Preference will be given to applicants with interest and/or experience in hunting/fishing surveys, outdoor recreation, and/or interdisciplinary research. Applicants should have a bachelor's degree and a strong positive professional reference from a few previous supervisors. Applicants who have a BA or BS in any field will be considered, with preference given to social science, fish and wildlife science, natural resources, political science, business, or interdisciplinary fields. Applicants must have an undergraduate GPA of 3.0 or higher. Standardized test scores (e.g., GRE) are not required although they can be used to supplement weaker applications. Candidates from all backgrounds are encouraged to apply. Veterans and spouse/children dependents are encouraged to apply. Legal right to work in the United States will need to be held by the applicant. Formal application to the UW ENRS program is required subsequent to selection of the successful candidate(s). 

Questions: Questions may be asked about the vacancy to Kelly Dunning via email, but all relevant information needed to apply to the vacancies is included in the above description. Due to the extremely high volume of interest of previous positions in the lab, feedback on individual applications is not possible and individual conversations prior to submission of application materials is not possible. 

Funding Package: The stipend for Fall 2026 through summer 2026 will be $23,000 (summer funding is included); the stipend for Fall 2026 through May 2027 will be $16,938. tuition, and health insurance. Graduation is May 2027.  

Application Deadline: March 13, 2026 at 5 p.m. MST, Apply early as review of applications will be on a rolling basis, and positions like this are often filled long before the closing date. 

How to apply: Please send the following materials as one PDF document to Dr. Kelly Dunning at kelly.dunning@uwyo.edu with the subject “Your Name MS Position”. This packet should include as a single combined PDF:
(1) Cover letter/narrative (roughly 1-2 pages) that explains your relevant skills and experience identifying specific requirements outlined in this position description, why you want to study at the Haub School, career goals, and your ability to work independently.  
(2) Resume or CV including degree(s) earned, GPA, and contact information for at least three references 
(3) an unofficial copy of your transcript
(4) a writing sample close to the focus of this MS this can be of any length and on any topic

Next steps: Finalists will be contacted for an interview and an optional short writing task to assess the applicant’s writing skills","pdf
Application Deadline:
03/13/2026
Published:
02/27/2026
Starting Date:
after 8/13/2026
Hours per Week:
at least 40
Salary:
starting at $23,000 per year
Education Required:
Bachelors
Experience Required:
none
Location:
Laramie, Wyoming
Tags:
Graduate Opportunities
Description
MS Graduate Research Assistantship: Funded MS on voluntary wildlife protection, policy, and law on oil & gas concessions in the American West 

Laramie, WY

Job Title: MS Graduate Research Assistantship, University of Wyoming

Location: Laramie, WY 

Overview: Dr. Our research focuses on public policy of wildlife, recreation, and natural resources making our research practical and impactful to resource management. Duties: The Graduate Research Assistant will focus on voluntary conservation activities and relevant conservation laws and policies for species protections on oil and gas concessions on both private land and leases of federal and state public land",,"03/13/2026
Published:
02/27/2026
Starting Date:
after 8/13/2026
Hours per Week:
at least 40
Salary:
starting at $23,000 per year
Education Required:
Bachelors
Experience Required:
none
Location:
Laramie, Wyoming
Tags:
Graduate Opportunities
Description
MS Graduate Research Assistantship: Funded MS on voluntary wildlife protection, policy, and law on oil & gas concessions in the American West 

Laramie, WY

Job Title: MS Graduate Research Assistantship, University of Wyoming

Location: Laramie, WY 

Overview: Dr",True,0.85,Graduate Assistantship,Human Dimensions,0.37,"[""natural resources"", ""resource management"", ""recreation"", ""outdoor recreation"", ""hunting""]",False,,2026-03-01T05:14:49.931222+00:00,scrape_20260301_051421_e852c440,2.0,2026-03-01T05:14:49.931222+00:00,2026-03-01T05:14:49.931222+00:00,Human Dimensions,Wildlife,rule,23000.0,0.9,25555.56,analytics_backfill,True,Wyoming,US,,,,,,,,,,,,,
UMaine PhD Assistantship in Fish Environmental RNA (eRNA),University of Maine (State),"Orono, Maine","$31,500 per year",after 6/1/2026,02/26/2026,Graduate Opportunities,https://jobs.rwfm.tamu.edu/view-job/?id=114180,"UMaine PhD Assistantship in Fish Environmental RNA (eRNA)
University of Maine (State)
Details
Application Deadline:
03/31/2026
Published:
02/26/2026
Starting Date:
after 6/1/2026
Hours per Week:
40
Salary:
$31,500 per year
Education Required:
Bachelors
Experience Required:
at least 2 years
Location:
Orono, Maine
Tags:
Graduate Opportunities
Description
UMaine PhD Assistantship in Fish Environmental RNA (eRNA)

Institutions:  University of Maine, Orono, in collaboration with Dublin City University, Ireland and Queen’s University Belfast, North Ireland.

Responsibilities: The PhD student will advance research of an aquaculture environmental RNA (eRNA) project funded by the U.S. Department of Agriculture in collaboration with agencies in the Republic of Ireland and North Ireland. The project will investigate the scope and application of cutting-edge eRNA technology for assessing fish health from water samples. Specifically, the research will involve a combination of field, laboratory, and bioinformatic approaches aimed at characterizing eRNA in water from aquaculture settings for the assessment of Atlantic salmon (Salmo salar) disease, stress and development.  The student will be responsible for conducting fish environmental stress and pathogen exposure experiments, collecting water and tissue DNA and RNA samples, performing laboratory preparation and analysis of samples, analyzing associated bioinformatic datasets, and summarizing research in project reports, a dissertation, and peer-reviewed journal publications.
 Qualifications:  M.S. or extensive B.S./B.A. experience in fish biology, molecular genetics, bioinformatics or other relevant discipline(s) required. Additional quantitative skills or experiences in environmental DNA/RNA or aquaculture are desirable. A willingness to learn and attention to detail and research ethics are required. Potential for effective communication (written and verbal) and teamwork skills will be considered.

Compensation: Up to 4 years of PhD Research Assistantship stipend starting at $31,500 and increasing 3% each year, tuition, and half of graduate health insurance. There also may be opportunities for training and support under university Teaching Assistantships.
 
TO APPLY FOR THIS POSITION PLEASE COMPLETE THIS GOOGLE FORM, INCLUDING ATTACHED DOCUMENTS: https://forms.gle/ndyDAB4T3Ltw7QFF6
Please be aware that if you are selected, admission to graduate school at the University of Maine will include an additional institutional application process. 
 Application and Start Dates: Applications will be accepted until the position is filled, with initial review of the applicant pool beginning March 23rd, 2026. Anticipated position start date is as early as June 1, 2026 or as late as Sept 1, 2026. 

If you cannot fill out the Google application form or have further questions, please email mkinnison@maine.edu and/or erin.grey@maine.edu with the subject header ""eRNA-Fish Assistantship""
 The University of Maine System is an EEO/AA employer, and does not discriminate on the grounds of race, color, religion, sex, sexual orientation, transgender status, gender expression, national origin, citizenship status, age, disability, genetic information or veteran’s status in employment, education, and all other programs and activities. The following person has been designated to handle inquiries regarding non-discrimination policies: Director of Equal Opportunity, 101 North Stevens Hall, University of Maine, Orono, ME 04469-5754, 207.581.1226, TTY 711 (Maine Relay System) or by email to: equal.opportunity@maine.edu
 

Contact
Erin Grey
erin.grey@maine.edu (preferred contact method)","Qualifications:  M.S. or extensive B.S./B.A. experience in fish biology, molecular genetics, bioinformatics or other relevant discipline(s) required. Additional quantitative skills or experiences in environmental DNA/RNA or aquaculture are desirable. A willingness to learn and attention to detail and research ethics are required. Potential for effective communication (written and verbal) and teamwork skills will be considered.","Responsibilities: The PhD student will advance research of an aquaculture environmental RNA (eRNA) project funded by the U. Specifically, the research will involve a combination of field, laboratory, and bioinformatic approaches aimed at characterizing eRNA in water from aquaculture settings for the assessment of Atlantic salmon (Salmo salar) disease, stress and development. The student will be responsible for conducting fish environmental stress and pathogen exposure experiments, collecting water and tissue DNA and RNA samples, performing laboratory preparation and analysis of samples, analyzing associated bioinformatic datasets, and summarizing research in project reports, a dissertation, and peer-reviewed journal publications",,"03/31/2026
Published:
02/26/2026
Starting Date:
after 6/1/2026
Hours per Week:
40
Salary:
$31,500 per year
Education Required:
Bachelors
Experience Required:
at least 2 years
Location:
Orono, Maine
Tags:
Graduate Opportunities
Description
UMaine PhD Assistantship in Fish Environmental RNA (eRNA)

Institutions:  University of Maine, Orono, in collaboration with Dublin City University, Ireland and Queen’s University Belfast, North Ireland",True,0.85,PhD Position,Fisheries and Aquatic,0.0,[],False,,2026-03-01T05:14:49.830961+00:00,scrape_20260301_051421_e852c440,2.0,2026-03-01T05:14:49.830961+00:00,2026-03-01T05:14:49.830961+00:00,Fisheries and Aquatic,Agriculture,rule,31500.0,1.0,31500.0,analytics_backfill,True,Maine,US,,,,,,,,,,,,,
"M.S. Assistantship – Habitat use, movements, and survival of female Mottled Ducks",Tennessee Technological University (State),"Cookeville, Tennessee","starting at $22,000 per year",after 8/1/2026,02/26/2026,Graduate Opportunities,https://jobs.rwfm.tamu.edu/view-job/?id=114178,"M.S. Assistantship – Habitat use, movements, and survival of female Mottled Ducks
Tennessee Technological University (State) | https://www.cohenwildlifelab.com/
Details
Application Deadline:
04/01/2026
Published:
02/26/2026
Starting Date:
after 8/1/2026
Hours per Week:
at least 20
Salary:
starting at $22,000 per year
Education Required:
Bachelors
Experience Required:
none
Location:
Cookeville, Tennessee
Tags:
Graduate Opportunities
Description
We are seeking applicants for an M.S. assistantship focused on mottled duck (Anas fulvigula) ecology and management.  Available survey data suggest western Gulf Coast mottled ducks have experienced a long-term population decline, and the species has been identified as a focal species by the Louisiana Department of Wildlife & Fisheries, U.S. Fish and Wildlife Service, and Gulf Coast Joint Venture. This project will involve deploying GPS/GSM implant transmitters on female mottled ducks across the Chenier and Deltaic Plains of Louisiana to evaluate habitat selection and movement characteristics during the breeding and nonbreeding seasons, quantify how movements and habitat selection contribute to survival and nest success, identify habitat characteristics at nesting sites, and assess season-specific survival and cause-specific mortality. The selected student will work in close collaboration with the Louisiana Department of Wildlife and Fisheries, Ducks Unlimited, and other regional conservation partners. The successful applicant will receive a $22,000 per year stipend and tuition and fee waiver. The student will be advised by Dr. Bradley Cohen to start fall semester 2026. Applications can be sent to Bradley Cohen (bcohen@tntech.edu) until 4/1/2026 and should include a brief cover letter, a CV, contact information for 3 resumes, and unofficial transcripts. 
Contact
Bradley Cohen
bcohen@tntech.edu (preferred contact method)","Hours per Week:
at least 20
Salary:
starting at $22,000 per year
Education Required:
Bachelors
Experience Required:
none","This project will involve deploying GPS/GSM implant transmitters on female mottled ducks across the Chenier and Deltaic Plains of Louisiana to evaluate habitat selection and movement characteristics during the breeding and nonbreeding seasons, quantify how movements and habitat selection contribute to survival and nest success, identify habitat characteristics at nesting sites, and assess season-specific survival and cause-specific mortality",,"04/01/2026
Published:
02/26/2026
Starting Date:
after 8/1/2026
Hours per Week:
at least 20
Salary:
starting at $22,000 per year
Education Required:
Bachelors
Experience Required:
none
Location:
Cookeville, Tennessee
Tags:
Graduate Opportunities
Description
We are seeking applicants for an M",True,0.85,Graduate Position,Wildlife,0.0,[],False,,2026-03-01T05:14:50.030411+00:00,scrape_20260301_051421_e852c440,2.0,2026-03-01T05:14:50.030411+00:00,2026-03-01T05:14:50.030411+00:00,Wildlife,Fisheries and Aquatic,rule,22000.0,0.85,25882.35,analytics_backfill,True,Tennessee,US,,,,,,,,,,,,,
Graduate Assistant,"Center for Wildlife Sustainability Research, Southern Illinois University Carbondale (State)","Mailcode 6504, Room 252, Life Science II (Carbondale, Illinois)","$1,805 to $2,518 per month",8/17/2026,02/24/2026,Graduate Opportunities,https://jobs.rwfm.tamu.edu/view-job/?id=114072,"Graduate Assistant
Center for Wildlife Sustainability Research, Southern Illinois University Carbondale (State) | https://wildlife.siu.edu/
Details
Application Deadline:
03/31/2026
Published:
02/24/2026
Starting Date:
8/17/2026
Hours per Week:
20
Salary:
$1,805 to $2,518 per month
Education Required:
Masters
Experience Required:
none
Location:
Mailcode 6504, Room 252, Life Science II (Carbondale, Illinois)
Tags:
Graduate Opportunities
Description
The Center for Wildlife Sustainability Research, Southern Illinois University Carbondale is inviting applications for a PhD level Graduate Assistantship beginning 17 August 2026.  The successful candidate will begin studies with a Teaching Assistantship for the first 1.5 years at a salary of 1,805/month, then transfer to a Research Assistantship at a salary of 2,518/month. This assistantship is on a 12-month basis and include a full tuition waiver and approximately $200,000/year to support for research activities. The student will be part of an ongoing 10-year project studying the influence of grassland plant communities on grassland dependent wildlife communities with an emphasis on avian reproductive success. 
 Graduate studies will lead to a PhD degree in Zoology or Ecology at Southern Illinois University Carbondale.  Competitive candidates will have completed a Bachelor’s and Master’s degree in Wildlife Ecology, Zoology, or a related field.  Demonstrated ability to identify passerines by sight and sound and conduct rigorous field work under extreme conditions will be necessary.  Previous experience or a desire to continue a career in avian ecology is desirable, but not essential.
            Applicants should provide a letter of interest that includes a brief biological sketch and career goals, a resume, GRE scores if available, and GPA. I will review applications as they are received and continue until the position is filled. Application packets will be provided to candidates selected for further consideration. 
Contact
Mike Eichholz
6184536951
eichholz@siu.edu (preferred contact method)","Hours per Week:
20
Salary:
$1,805 to $2,518 per month
Education Required:
Masters
Experience Required:
none","Graduate Assistant
Center for Wildlife Sustainability Research, Southern Illinois University Carbondale (State) | https://wildlife. edu/
Details
Application Deadline:
03/31/2026
Published:
02/24/2026
Starting Date:
8/17/2026
Hours per Week:
20
Salary:
$1,805 to $2,518 per month
Education Required:
Masters
Experience Required:
none
Location:
Mailcode 6504, Room 252, Life Science II (Carbondale, Illinois)
Tags:
Graduate Opportunities
Description
The Center for Wildlife Sustainability Research, Southern Illinois University Carbondale is inviting applications for a PhD level Graduate Assistantship beginning 17 August 2026. 5 years at a salary of 1,805/month, then transfer to a Research Assistantship at a salary of 2,518/month",,"03/31/2026
Published:
02/24/2026
Starting Date:
8/17/2026
Hours per Week:
20
Salary:
$1,805 to $2,518 per month
Education Required:
Masters
Experience Required:
none
Location:
Mailcode 6504, Room 252, Life Science II (Carbondale, Illinois)
Tags:
Graduate Opportunities
Description
The Center for Wildlife Sustainability Research, Southern Illinois University Carbondale is inviting applications for a PhD level Graduate Assistantship beginning 17 August 2026",True,1.0,Graduate Assistantship,Wildlife,0.0,[],True,University of Illinois,2026-03-01T05:14:50.231018+00:00,scrape_20260301_051421_e852c440,2.0,2026-03-01T05:14:50.231018+00:00,2026-03-01T05:14:50.231018+00:00,Wildlife,Environmental Sciences,rule,21660.0,1.05,20628.57,analytics_backfill,True,Illinois,US,,,,,,,,,,,,,
M.S. Graduate Research Assistantship — Crayfish Population Ecology (Fall 2026),Texas A&M University-Kingsville (State),"Kingsville, Texas","starting at $2,000 per month",after 8/17/2026,02/23/2026,Graduate Opportunities,https://jobs.rwfm.tamu.edu/view-job/?id=114035,"M.S. Graduate Research Assistantship — Crayfish Population Ecology (Fall 2026)
Texas A&M University-Kingsville (State)
Details
Posting:
https://www.aquatic-ecology.org/
Application Deadline:
03/13/2026
Published:
02/23/2026
Starting Date:
after 8/17/2026
Ending Date:
after 8/17/2028
Hours per Week:
20 - 40
Salary:
starting at $2,000 per month
Education Required:
Bachelors
Experience Required:
at least 1 year
Location:
Kingsville, Texas
Tags:
Graduate Opportunities
Description
M.S. Graduate Research Assistantship — Crayfish Population Ecology (Fall 2026)
Texas A&M University–Kingsville | Aquatic Ecology Lab (Dr. Zachary Mitchell)

A funded M.S. graduate research assistantship is available beginning August 2026 to support research on Texas crayfish ecology and conservation. This position is part of a larger project examining the distribution, habitat use, environmental tolerances, and population dynamics of imperiled Texas crayfish species.

The selected student will focus specifically on the population monitoring and mark–recapture component of two SGCN crayfish species. Responsibilities will include intensive field sampling, tagging and recapture efforts, demographic analyses, and interpretation of environmental drivers of population dynamics. Work will involve regular field travel across South Texas and substantial data analysis.

Funding and Duration
The assistantship provides $2,000/month (+ fringe benefits) for 24 months. A non-resident tuition waiver is available for out-of-state students (resident tuition and fees still apply).

Qualifications
Applicants should be comfortable working outdoors in challenging field conditions. Experience with aquatic ecology, crayfish, fisheries, or macroinvertebrate sampling is preferred but not required. Strong interest in quantitative ecology, conservation, or freshwater ecosystems is required.

Application Details
The position will remain open until filled, but full consideration will be given to applications received by March 13, 2026.

Please email the following as a single PDF to:
zachary.mitchell@tamuk.edu

Include:
 • Cover letter describing research interests and experience
 • Curriculum vitae or résumé

Prospective applicants are encouraged to visit my lab website (aqautic-ecology.org) to learn more about ongoing research and lab philosophy.

Contact
Zachary Mitchell
zachary.mitchell@tamuk.edu (preferred contact method)","Qualifications
Applicants should be comfortable working outdoors in challenging field conditions. Experience with aquatic ecology, crayfish, fisheries, or macroinvertebrate sampling is preferred but not required. Strong interest in quantitative ecology, conservation, or freshwater ecosystems is required.","Graduate Research Assistantship — Crayfish Population Ecology (Fall 2026)
Texas A&M University-Kingsville (State)
Details
Posting:
https://www. Graduate Research Assistantship — Crayfish Population Ecology (Fall 2026)
Texas A&M University–Kingsville | Aquatic Ecology Lab (Dr. graduate research assistantship is available beginning August 2026 to support research on Texas crayfish ecology and conservation",,"03/13/2026
Published:
02/23/2026
Starting Date:
after 8/17/2026
Ending Date:
after 8/17/2028
Hours per Week:
20 - 40
Salary:
starting at $2,000 per month
Education Required:
Bachelors
Experience Required:
at least 1 year
Location:
Kingsville, Texas
Tags:
Graduate Opportunities
Description
M",True,0.85,Graduate Assistantship,Fisheries and Aquatic,0.27,"[""fish"", ""fisheries"", ""aquatic"", ""freshwater"", ""river""]",False,,2026-03-01T05:14:50.330633+00:00,scrape_20260301_051421_e852c440,2.0,2026-03-01T05:14:50.330633+00:00,2026-03-01T05:14:50.330633+00:00,Fisheries and Aquatic,Forestry and Habitat,rule,24000.0,0.95,25263.16,analytics_backfill,True,Texas,US,,,,,,,,,,,,,
PhD assistantship: Rio Grande cutthroat trout conservation and genetics,New Mexico State University (State),"New Mexico State University (Las Cruces, New Mexico)","$28,384 to $29,041 per year",8/17/2026,02/18/2026,Graduate Opportunities,https://jobs.rwfm.tamu.edu/view-job/?id=113814,"PhD assistantship: Rio Grande cutthroat trout conservation and genetics
New Mexico State University (State)
Details
Application Deadline:
03/18/2026
Published:
02/18/2026
Starting Date:
8/17/2026
Hours per Week:
at least 20
Salary:
$28,384 to $29,041 per year
Education Required:
Bachelors
Experience Required:
none
Location:
New Mexico State University (Las Cruces, New Mexico)
Tags:
Graduate Opportunities
Description
RIO GRANDE CUTTHROAT TROUT PHD ASSISTANTSHIP

Description & project background: 

The Pregler Lab at New Mexico State University in the Department of Fish, Wildlife, and Conservation Ecology invites applications for a PhD research assistantship focused on Rio Grande cutthroat trout conservation. The successful applicant will begin in the Fall 2026 semester.

Rio Grande cutthroat trout (RGCT) are the southernmost species of cutthroat trout and have experienced a severe decline in both range and abundance, now occupying only ~12 percent of its historical distribution and requires targeted management interventions to support recovery. Major components of the recovery plan detail the need to secure extant populations and reintroduce individuals within their native range in Colorado and New Mexico. Recent efforts to date include development of a multi-source, genetically diverse broodstock for the Rio Grande basin that is used for reintroduction efforts.

Individuals from this multi-source broodstock were stocked at multiple sites throughout the recently restored Rio Costilla watershed which represents one of the largest native fish restoration projects in the country. While recent research has shown that this composite broodstock is more genetically diverse compared to using single source populations there is a need to evaluate how these fish are performing in the wild. The present project has a number of goals:

          1. Evaluate genetic structure and diversity of reintroduced Rio Costilla RGCT populations
                     a. There is also opportunity to develop questions with demographic monitoring data in this system.
          2. Genetic assessment of Rio Grande, Canadian, and Pecos basins. 
                     a. Results will help inform multi-source broodstock development for Canadian & Pecos basins and identify additional source populations for Rio Grande basin.
                     b. Results will also provide an updated genetic assessment for RGCT.
          3. There are additional opportunities for the student to develop their own questions using genetic and demographic data.

This project is a collaborative effort funded by the New Mexico Department of Wildlife and there may be potential to collaborate with other university researchers and agencies. Benefits include a salary range of ~$28-29k/year, full tuition waiver, and subsidized health insurance. Funding will also be available for conference travel, workshop training for data analyses, and safety training (e.g., wilderness first aid). The hired candidate will begin in Fall 2026 and will be based at NMSU in Las Cruces, NM.

How to apply: If interested, please compile the following: (1) a statement of interest that describes your educational and research background, as well as your research interests and how this position fits in your career goals (2) curriculum vitae or resume, (3) contact information for three professional references, and (4) unofficial transcripts compiled in a single PDF and save as ‘Lastname_RGCT_PhD.pdf’.  Applicants are also asked to upload a writing sample in the application portal. Applications should be submitted through the airtable linked here:  https://airtable.com/app3jNqbQZsYstwx7/pagrpU5GqaI6FnSTg/form 

Applications are due 03/18/26 by 11:59p MT. You can learn more about the Pregler Lab at https://preglerlab.com and any questions about the position can be sent to Dr. Kasey Pregler at kpregler@nmsu.edu.   

Qualifications: 

Required: B.S. in fisheries, biology, or related field and possession of a valid U.S. driver’s license. The successful applicant must also meet the minimum requirements for admission to the NMSU Graduate School (3.0 GPA in last two years of undergrad). Applicants should also have demonstrated excellent written and oral communication skills, and an ability to work independently. 

Preference will be given to applicants with an M.S. degree in fisheries, biology, or related field and have experience working in the backcountry and are willing to lead field work crews in backcountry conditions.

Successful candidates will have proficiency in R, and an interest in genetics and working with large datasets. They should also demonstrate the ability to work as part of a team and have a willingness to lead field work crews in remote backcountry locations. Applicants with experience in fish ecology, statistical & genetic analysis, and hierarchical modeling are encouraged to apply.  

Salary: 

~$28-29k /year
Full tuition waiver 
Subsidized health insurance

Contact
Kasey Pregler
kpregler@nmsu.edu (preferred contact method)","RIO GRANDE CUTTHROAT TROUT PHD ASSISTANTSHIP

Description & project background: 

The Pregler Lab at New Mexico State University in the Department of Fish, Wildlife, and Conservation Ecology invites applications for a PhD research assistantship focused on Rio Grande cutthroat trout conservation. The successful applicant will begin in the Fall 2026 semester.

Rio Grande cutthroat trout (RGCT) are the southernmost species of cutthroat trout and have experienced a severe decline in both range and abundance, now occupying only ~12 percent of its historical distribution and requires targeted management interventions to support recovery. Major components of the recovery plan detail the need to secure extant populations and reintroduce individuals within their native range in Colorado and New Mexico. Recent efforts to date include development of a multi-source, genetically diverse broodstock for the Rio Grande basin that is used for reintroduction efforts.

Individuals from this multi-source broodstock were stocked at multiple sites throughout the recently restored Rio Costilla watershed which represents one of the largest native fish restoration projects in the country. While recent research has shown that this composite broodstock is more genetically diverse compared to using single source populations there is a need to evaluate how these fish are performing in the wild. The present project has a number of goals:

          1. Evaluate genetic structure and diversity of reintroduced Rio Costilla RGCT populations
                     a. There is also opportunity to develop questions with demographic monitoring data in this system.
          2. Genetic assessment of Rio Grande, Canadian, and Pecos basins. 
                     a. Results will help inform multi-source broodstock development for Canadian & Pecos basins and identify additional source populations for Rio Grande basin.
                     b. Results will also provide an updated genetic assessment for RGCT.
          3. There are additional opportunities for the student to develop their own questions using genetic and demographic data.

This project is a collaborative effort funded by the New Mexico Department of Wildlife and there may be potential to collaborate with other university researchers and agencies. Benefits include a salary range of ~$28-29k/year, full tuition waiver, and subsidized health insurance. Funding will also be available for conference travel, workshop training for data analyses, and safety training (e.g., wilderness first aid). The hired candidate will begin in Fall 2026 and will be based at NMSU in Las Cruces, NM.

How to apply: If interested, please compile the following: (1) a statement of interest that describes your educational and research background, as well as your research interests and how this position fits in your career goals (2) curriculum vitae or resume, (3) contact information for three professional references, and (4) unofficial transcripts compiled in a single PDF and save as ‘Lastname_RGCT_PhD.pdf’.  Applicants are also asked to upload a writing sample in the application portal. Applications should be submitted through the airtable linked here:  https://airtable.com/app3jNqbQZsYstwx7/pagrpU5GqaI6FnSTg/form 

Applications are due 03/18/26 by 11:59p MT. You can learn more about the Pregler Lab at https://preglerlab.com and any questions about the position can be sent to Dr. Kasey Pregler at kpregler@nmsu.edu.   

Qualifications: 

Required: B.S. in fisheries, biology, or related field and possession of a valid U.S. driver’s license. The successful applicant must also meet the minimum requirements for admission to the NMSU Graduate School (3.0 GPA in last two years of undergrad). Applicants should also have demonstrated excellent written and oral communication skills, and an ability to work independently. 

Preference will be given to applicants with an M.S. degree in fisheries, biology, or related field and have experience working in the backcountry and are willing to lead field work crews in backcountry conditions.

Successful candidates will have proficiency in R, and an interest in genetics and working with large datasets. They should also demonstrate the ability to work as part of a team and have a willingness to lead field work crews in remote backcountry locations. Applicants with experience in fish ecology, statistical & genetic analysis, and hierarchical modeling are encouraged to apply.  

Salary: 

~$28-29k /year
Full tuition waiver 
Subsidized health insurance","PhD assistantship: Rio Grande cutthroat trout conservation and genetics
New Mexico State University (State)
Details
Application Deadline:
03/18/2026
Published:
02/18/2026
Starting Date:
8/17/2026
Hours per Week:
at least 20
Salary:
$28,384 to $29,041 per year
Education Required:
Bachelors
Experience Required:
none
Location:
New Mexico State University (Las Cruces, New Mexico)
Tags:
Graduate Opportunities
Description
RIO GRANDE CUTTHROAT TROUT PHD ASSISTANTSHIP

Description & project background: 

The Pregler Lab at New Mexico State University in the Department of Fish, Wildlife, and Conservation Ecology invites applications for a PhD research assistantship focused on Rio Grande cutthroat trout conservation. While recent research has shown that this composite broodstock is more genetically diverse compared to using single source populations there is a need to evaluate how these fish are performing in the wild. This project is a collaborative effort funded by the New Mexico Department of Wildlife and there may be potential to collaborate with other university researchers and agencies",,"03/18/2026
Published:
02/18/2026
Starting Date:
8/17/2026
Hours per Week:
at least 20
Salary:
$28,384 to $29,041 per year
Education Required:
Bachelors
Experience Required:
none
Location:
New Mexico State University (Las Cruces, New Mexico)
Tags:
Graduate Opportunities
Description
RIO GRANDE CUTTHROAT TROUT PHD ASSISTANTSHIP

Description & project background: 

The Pregler Lab at New Mexico State University in the Department of Fish, Wildlife, and Conservation Ecology invites applications for a PhD research assistantship focused on Rio Grande cutthroat trout conservation",True,0.85,PhD Position,Fisheries and Aquatic,0.0,[],False,,2026-02-22T05:12:37.886723+00:00,scrape_20260222_051211_d86124e9,2.0,2026-02-19T17:48:42.863486+00:00,2026-02-22T05:12:37.886723+00:00,Fisheries and Aquatic,Wildlife,rule,28384.0,0.85,33392.94,analytics_backfill,True,New Mexico,US,,,,,,,,,,,,,
"Large Mammal/AI Graduate Assistantship (MS), Colorado State University",Colorado State University (State),"Fort Collins, Colorado","$3,000 per month",after 8/1/2026,02/18/2026,Graduate Opportunities,https://jobs.rwfm.tamu.edu/view-job/?id=113840,"Large Mammal/AI Graduate Assistantship (MS), Colorado State University
Colorado State University (State) | https://colostate.edu
Details
Application Deadline:
03/02/2026
Published:
02/18/2026
Starting Date:
after 8/1/2026
Ending Date:
after 12/30/2028
Hours per Week:
40
Salary:
$3,000 per month
Education Required:
Bachelors
Experience Required:
at least 1 year
Location:
Fort Collins, Colorado
Tags:
Graduate Opportunities
Description
A graduate assistantship for a master’s student is expected to be funded at Colorado State University (Fort Collins, CO) working with Dr. Brian D. Gerber (https://bgerber123.github.io/) at the Colorado Cooperative Fish and Wildlife Research Unit and wildlife researchers at Colorado Parks and Wildlife. The graduate research assistantship will cover university tuition, fees, health coverage, and includes a pre-tax monthly pay of $3000/month. The position is expected to start Fall 2026 and be funded through December 2028.

Study Context: Sex and age class are important demographic parameters used in population modeling, in which the results help guide management decisions and annual harvest quotas of large mammals (e.g., elk, bighorn sheep, pronghorn, mule deer). This work will help develop new methodology and workflows that will aid Colorado Parks and Wildlife’s objective of producing robust empirical demographic data and population estimates for harvested wildlife. 

Focus: The focus of this study will be to collect data on the size distribution of elk sex and age classes (cow, calf, bull) to train and test a predictive approach using AI algorithms (developed by Colorado Parks and Wildlife) to classify animals from high-resolution aerial imagery. Field observations and size measurements (via 3D camera) will be collected to help test the accuracy of AI predictions. An additional avenue of exploration may be data collection and AI classification of sex/age class from camera trap images. The student will be expected to develop a project proposal outlining study objectives in coordination with Colorado Parks and Wildlife and a graduate committee at Colorado State University. The student will focus on technological and software workflows to meet study objectives, however, there will likely be field work opportunities as well (e.g., field observations, drone/aerial surveys). Given the trajectory of the wildlife field, the skills gained in this study will likely be desirable for future employers. 

 Preferred Qualifications: 

-          Ungulate field research experience in the intermountain west
-          Clear interest or experience developing data analysis workflows
-          Clear interest or experience advancing technological innovation (hardware/software) in wildlife science
-          Experience deploying camera traps and managing large data sets
-          Experience with AI algorithms, for example MegaDetector or SpeciesNet
 
Minimum Qualifications:
-          A Bachelor of Science degree in wildlife ecology, biology, natural resource management, or related field
-          A year or more of wildlife related professional research/work experience
-          Strong writing skills
-          Strong work ethic 
-          Desire to collaborate with state wildlife management agencies

To be considered, please send the following materials via email with “AI/Elk Application” as the subject line to Dr. Brian D. Gerber (brian.gerber@colostate.edu) by March 2, 2026: 1) Cover letter outlining career goals, academic interests, and relevant experience related to the minimum and preferred qualifications, 2) resume with contact information for 3-4 personal references, and unofficial copy of B.S. transcripts. 

Contact
Brian D. Gerber
brian.gerber@colostate.edu (preferred contact method)","Hours per Week:
40
Salary:
$3,000 per month
Education Required:
Bachelors
Experience Required:
at least 1 year","io/) at the Colorado Cooperative Fish and Wildlife Research Unit and wildlife researchers at Colorado Parks and Wildlife. The graduate research assistantship will cover university tuition, fees, health coverage, and includes a pre-tax monthly pay of $3000/month. Preferred Qualifications: 

-          Ungulate field research experience in the intermountain west
-          Clear interest or experience developing data analysis workflows
-          Clear interest or experience advancing technological innovation (hardware/software) in wildlife science
-          Experience deploying camera traps and managing large data sets
-          Experience with AI algorithms, for example MegaDetector or SpeciesNet
 
Minimum Qualifications:
-          A Bachelor of Science degree in wildlife ecology, biology, natural resource management, or related field
-          A year or more of wildlife related professional research/work experience
-          Strong writing skills
-          Strong work ethic 
-          Desire to collaborate with state wildlife management agencies

To be considered, please send the following materials via email with “AI/Elk Application” as the subject line to Dr",,"03/02/2026
Published:
02/18/2026
Starting Date:
after 8/1/2026
Ending Date:
after 12/30/2028
Hours per Week:
40
Salary:
$3,000 per month
Education Required:
Bachelors
Experience Required:
at least 1 year
Location:
Fort Collins, Colorado
Tags:
Graduate Opportunities
Description
A graduate assistantship for a master’s student is expected to be funded at Colorado State University (Fort Collins, CO) working with Dr",True,0.85,Graduate Assistantship,Wildlife,0.194,"[""wildlife"", ""wildlife management"", ""deer"", ""elk"", ""mammal""]",False,,2026-02-22T05:12:38.193547+00:00,scrape_20260222_051211_d86124e9,2.0,2026-02-19T17:48:43.161929+00:00,2026-02-22T05:12:38.193547+00:00,Wildlife,Human Dimensions,rule,36000.0,1.1,32727.27,analytics_backfill,True,Colorado,US,,,,,,,,,,,,,
"MS Assistantship: Pinyon Jay management, Deschutes County, Oregon. Masters of Natural Resources program, Oregon Tech, Klamath Falls, OR",Oregon Institute of Technology (State),"Oregon Tech (Klamath Falls, Oregon)",starting at $18 per hour,between 2/28/2026 and 9/14/2026,02/18/2026,Graduate Opportunities,https://jobs.rwfm.tamu.edu/view-job/?id=113786,"MS Assistantship: Pinyon Jay management, Deschutes County, Oregon. Masters of Natural Resources program, Oregon Tech, Klamath Falls, OR
Oregon Institute of Technology (State) | https://www.oit.edu/
Details
Posting:
https://jherimekellermann.weebly.com/
Application Deadline:
03/31/2026
Published:
02/18/2026
Starting Date:
between 2/28/2026 and 9/14/2026
Ending Date:
between 6/12/2028 and 8/1/2028
Hours per Week:
6 - 40
Salary:
starting at $18 per hour
Education Required:
Bachelors
Experience Required:
at least 2 years
Location:
Oregon Tech (Klamath Falls, Oregon)
Tags:
Graduate Opportunities
Description
ROJECT TITLE: Pinyon Jay response to juniper management, Deschutes County, Oregon.

BACKGROUND: Pinyon Jays (PIJA, Gymnorhinus cyanocephalus) have experienced significant, range-wide declines over the past 50 years, and are currently under Status Review for ESA listing. Deschutes County, Oregon represents the northwestern-most extent of the species range and lies far outside the extant range of pinyon pine species. Extensive treatments of juniper woodlands have been expedited throughout western states for restoration of sagebrush ecosystems, sage grouse habitat, and altered fire regimes. However, we lack clear understanding of how these treatments impact PIJA populations.  

Management priorities for PIJA in Oregon include assessing impacts of juniper treatments on PIJA and determining state-wide distribution. The primary goals of this project are to experimentally study how juniper treatments impact occupancy, habitat use, and nesting of PIJA on BLM lands in Deschutes County, Oregon. We are implementing a before-after-control-impact study and use bioacoustics monitoring, point counts, and nest searching methods. The MS project will focus on at least one component of the project. This work is in partnership with the East Cascades Bird Alliance, US Fish and Wildlife, and Deschutes BLM. We also contribute to the PIJA Western Working Group and the PIJA Conservation Action Strategy (CAS). The MS candidate will be expected to coordinate with and contribute findings to larger range-wide intiatives. 

LOCATION & PROGRAM: This position supports a student in the Masters of Science in Natural Resources at Oregon Tech in Klamath Falls, OR. Our MS program started in 2024 and is in the Natural Sciences Department, which also encompasses the MS of Medical Science program, and BS programs in Environmental Science and Biology-Health Science. Program description and requirements are here https://www.oit.edu/academics/degrees/natural-resources 

SUPPORT: This position includes the opportunity for a Graduate Teaching Assistantship for the Academic Years 2026-2026 and 2027-2028. The GTA will teach labs in the 200-level Principles of Biology series for majors, &/or similar courses within the students expertise. GTAs cover two 3-hour sections per term. Oregon Tech is on a quarter system. Fall, Winter, and Spring terms are 11 weeks. Our academic year runs from mid-September to Mid-June.  The GTA provides a per-term stipend and partial tuition remission during the academic year (Fall through Spring terms). In addition, this research assistantship will provide additional part-time stipend during the spring term, and full-time hourly salary over the summer. Some travel costs from Klamath Falls to Bend, OR will be covered. The graduate student will be expected to use their own vehicle, preferably one that can handle rugged, rocky roads to access field sites. If the student would prefer to forgo the GTA position and cover their own academic costs, that would be an option. 

POSITION REQUIREMENTS: The candidate should have a Bachelors degree in Natural Resources, Wildlife, Ecology, Environmental Science or a closely related program of study and should meet the requirements for acceptance into the Masters of Natural Resources program at Oregon Tech. Ideally, the applicant will have at least 2 years of field experience studying birds, particularly nest searching and point counts. Experience with bioacoustics monitoring (ARUs, BirdNET) will be especially helpful. Additionally, experience doing habitat analyses (Occupancy modeling, RSFs, SDMs) using program R and GIS will be very valuable.  The candidate should have proven ability to work independently in remote areas, and as a member of a team, including supervising undergraduates and working with volunteers. 

 

DATES: Start date is flexible. We are beginning the greater project design and implementation this winter 2026, therefore, the candidate could start as early as March, 2026 as a temporary hire. The academic year begins in mid-September, 2026. 

LOCATION: Oregon Tech is in Klamath Falls, OR, a small rural region of south-central Oregon. The field research about 3 hours north, near Bend and Sisters, Oregon in the east Cascades, sage-steppe biome. This region is famous for its scenic beauty, biodiversity, and outdoor recreation including hiking and trail running, mountain biking, skiing, and water sports.  

APPLICATIONS: Please email a cover letter detailing your experience, interest in the project, and career goals, along with your CV to Jherime.kellermann@oit.edu ASAP.  We will review packages as they are received.

Contact
Jherime Kellermann
5418515156
jherime.kellermann@oit.edu (preferred contact method)","ROJECT TITLE: Pinyon Jay response to juniper management, Deschutes County, Oregon.

BACKGROUND: Pinyon Jays (PIJA, Gymnorhinus cyanocephalus) have experienced significant, range-wide declines over the past 50 years, and are currently under Status Review for ESA listing. Deschutes County, Oregon represents the northwestern-most extent of the species range and lies far outside the extant range of pinyon pine species. Extensive treatments of juniper woodlands have been expedited throughout western states for restoration of sagebrush ecosystems, sage grouse habitat, and altered fire regimes. However, we lack clear understanding of how these treatments impact PIJA populations.  

Management priorities for PIJA in Oregon include assessing impacts of juniper treatments on PIJA and determining state-wide distribution. The primary goals of this project are to experimentally study how juniper treatments impact occupancy, habitat use, and nesting of PIJA on BLM lands in Deschutes County, Oregon. We are implementing a before-after-control-impact study and use bioacoustics monitoring, point counts, and nest searching methods. The MS project will focus on at least one component of the project. This work is in partnership with the East Cascades Bird Alliance, US Fish and Wildlife, and Deschutes BLM. We also contribute to the PIJA Western Working Group and the PIJA Conservation Action Strategy (CAS). The MS candidate will be expected to coordinate with and contribute findings to larger range-wide intiatives. 

LOCATION & PROGRAM: This position supports a student in the Masters of Science in Natural Resources at Oregon Tech in Klamath Falls, OR. Our MS program started in 2024 and is in the Natural Sciences Department, which also encompasses the MS of Medical Science program, and BS programs in Environmental Science and Biology-Health Science. Program description and requirements are here https://www.oit.edu/academics/degrees/natural-resources 

SUPPORT: This position includes the opportunity for a Graduate Teaching Assistantship for the Academic Years 2026-2026 and 2027-2028. The GTA will teach labs in the 200-level Principles of Biology series for majors, &/or similar courses within the students expertise. GTAs cover two 3-hour sections per term. Oregon Tech is on a quarter system. Fall, Winter, and Spring terms are 11 weeks. Our academic year runs from mid-September to Mid-June.  The GTA provides a per-term stipend and partial tuition remission during the academic year (Fall through Spring terms). In addition, this research assistantship will provide additional part-time stipend during the spring term, and full-time hourly salary over the summer. Some travel costs from Klamath Falls to Bend, OR will be covered. The graduate student will be expected to use their own vehicle, preferably one that can handle rugged, rocky roads to access field sites. If the student would prefer to forgo the GTA position and cover their own academic costs, that would be an option. 

POSITION REQUIREMENTS: The candidate should have a Bachelors degree in Natural Resources, Wildlife, Ecology, Environmental Science or a closely related program of study and should meet the requirements for acceptance into the Masters of Natural Resources program at Oregon Tech. Ideally, the applicant will have at least 2 years of field experience studying birds, particularly nest searching and point counts. Experience with bioacoustics monitoring (ARUs, BirdNET) will be especially helpful. Additionally, experience doing habitat analyses (Occupancy modeling, RSFs, SDMs) using program R and GIS will be very valuable.  The candidate should have proven ability to work independently in remote areas, and as a member of a team, including supervising undergraduates and working with volunteers. 

 

DATES: Start date is flexible. We are beginning the greater project design and implementation this winter 2026, therefore, the candidate could start as early as March, 2026 as a temporary hire. The academic year begins in mid-September, 2026. 

LOCATION: Oregon Tech is in Klamath Falls, OR, a small rural region of south-central Oregon. The field research about 3 hours north, near Bend and Sisters, Oregon in the east Cascades, sage-steppe biome. This region is famous for its scenic beauty, biodiversity, and outdoor recreation including hiking and trail running, mountain biking, skiing, and water sports.  

APPLICATIONS: Please email a cover letter detailing your experience, interest in the project, and career goals, along with your CV to Jherime.kellermann@oit.edu ASAP.  We will review packages as they are received.","In addition, this research assistantship will provide additional part-time stipend during the spring term, and full-time hourly salary over the summer. The field research about 3 hours north, near Bend and Sisters, Oregon in the east Cascades, sage-steppe biome",,"03/31/2026
Published:
02/18/2026
Starting Date:
between 2/28/2026 and 9/14/2026
Ending Date:
between 6/12/2028 and 8/1/2028
Hours per Week:
6 - 40
Salary:
starting at $18 per hour
Education Required:
Bachelors
Experience Required:
at least 2 years
Location:
Oregon Tech (Klamath Falls, Oregon)
Tags:
Graduate Opportunities
Description
ROJECT TITLE: Pinyon Jay response to juniper management, Deschutes County, Oregon",True,0.85,Masters Position,Wildlife,0.0,[],True,University of Oregon,2026-02-22T05:12:39.055606+00:00,scrape_20260222_051211_d86124e9,2.0,2026-02-19T17:48:44.126685+00:00,2026-02-22T05:12:39.055606+00:00,Wildlife,Forestry and Habitat,rule,,,,,True,Oregon,US,,,,,,,,,,,,,
PhD Scholarship – Transforming Climate Action,Memorial University (Federal),"St. John's, Canada","starting at $30,000 per year",after 9/1/2026,02/17/2026,Graduate Opportunities,https://jobs.rwfm.tamu.edu/view-job/?id=113794,"PhD Scholarship – Transforming Climate Action
Memorial University (Federal) | https://www.thelifeaquatic.xyz
Details
Posting:
https://thelifeaquatic.xyz/opportunities
Application Deadline:
05/31/2026
Published:
02/17/2026
Starting Date:
after 9/1/2026
Hours per Week:
at least 40
Salary:
starting at $30,000 per year
Education Required:
Masters
Experience Required:
none
Location:
St. John's, Canada
Tags:
Graduate Opportunities
Description
PhD Scholarship
Transforming Climate Action – Uncertain Seas 
 
A PhD Scholarship is available at the Centre for Fisheries Ecosystems Research, Fisheries & Marine Institute, Memorial University, St. John’s, NL, Canada.

Transforming Climate Action is a seven year, $397 million collaboration among Dalhousie University, Laval University, University Québec at Rimouski, and Memorial University. The largest research theme within Transforming Climate Action is Reducing Uncertainties in Carbon Cycling in the Northwest Atlantic Seas (Uncertain Seas). The goal of Uncertain Seas is to better constrain the role of the ocean in the Earth’s climate system by reducing uncertainties with physical and biogeochemical processes that control the global ocean carbon cycle. The focus is on the Northwest Atlantic gateway as a major contributor to ocean carbon uptake and sequestration, particularly with respect to the biological carbon pump.
We are seeking a PhD Student to estimate carbon fluxes in the Northwest Atlantic from Earth system and ecosystem models. As a part of Transforming Climate Action, there will be opportunities to participate in workshops with other graduate students from the four institutions. There will also be opportunities for research visits to collaborating labs and conference travel. There may be opportunities to participate in research expeditions, although not a requirement.  

Location: The student will be enrolled in the PhD in Fisheries Science graduate program at the Fisheries & Marine Institute, Memorial University, in St. John’s, NL, Canada.  Memorial University is a hub of ocean sciences located in the Province’s capital. St. John’s is a safe and friendly city with great historical charm, known for its hospitality, live music, a vibrant cultural life, and easy access to wilderness and a wide range of outdoor activities.

Requirements: 
 MSc or equivalent in Fisheries Science, Ecology, Statistics, Mathematics, Marine Ecology, Biology, Oceanography or related discipline 
 Demonstrated quantitative skills in ecosystem and/or statistical modelling
 Strong writing and communication skills

Start date: Flexible, ideally September 1, 2026

Stipend: $30K/year for four years

To apply: Please send a cover letter explaining your relevant experience to, and interest in, the project, CV with academic references (contact information, reference letters not required), and university transcripts to Dr. Tyler Eddy tyler.eddy@mi.mun.ca. If you have an interest in one of the four project areas, please elaborate in your cover letter.

Application deadline: Applications will be reviewed as received. To ensure that your application is given priority consideration, apply by May 31, 2026.
Contact
Tyler Eddy
tyler.eddy@mi.mun.ca (preferred contact method)","PhD Scholarship
Transforming Climate Action – Uncertain Seas 
 
A PhD Scholarship is available at the Centre for Fisheries Ecosystems Research, Fisheries & Marine Institute, Memorial University, St. John’s, NL, Canada.

Transforming Climate Action is a seven year, $397 million collaboration among Dalhousie University, Laval University, University Québec at Rimouski, and Memorial University. The largest research theme within Transforming Climate Action is Reducing Uncertainties in Carbon Cycling in the Northwest Atlantic Seas (Uncertain Seas). The goal of Uncertain Seas is to better constrain the role of the ocean in the Earth’s climate system by reducing uncertainties with physical and biogeochemical processes that control the global ocean carbon cycle. The focus is on the Northwest Atlantic gateway as a major contributor to ocean carbon uptake and sequestration, particularly with respect to the biological carbon pump.
We are seeking a PhD Student to estimate carbon fluxes in the Northwest Atlantic from Earth system and ecosystem models. As a part of Transforming Climate Action, there will be opportunities to participate in workshops with other graduate students from the four institutions. There will also be opportunities for research visits to collaborating labs and conference travel. There may be opportunities to participate in research expeditions, although not a requirement.  

Location: The student will be enrolled in the PhD in Fisheries Science graduate program at the Fisheries & Marine Institute, Memorial University, in St. John’s, NL, Canada.  Memorial University is a hub of ocean sciences located in the Province’s capital. St. John’s is a safe and friendly city with great historical charm, known for its hospitality, live music, a vibrant cultural life, and easy access to wilderness and a wide range of outdoor activities.

Requirements: 
 MSc or equivalent in Fisheries Science, Ecology, Statistics, Mathematics, Marine Ecology, Biology, Oceanography or related discipline 
 Demonstrated quantitative skills in ecosystem and/or statistical modelling
 Strong writing and communication skills

Start date: Flexible, ideally September 1, 2026

Stipend: $30K/year for four years

To apply: Please send a cover letter explaining your relevant experience to, and interest in, the project, CV with academic references (contact information, reference letters not required), and university transcripts to Dr. Tyler Eddy tyler.eddy@mi.mun.ca. If you have an interest in one of the four project areas, please elaborate in your cover letter.

Application deadline: Applications will be reviewed as received. To ensure that your application is given priority consideration, apply by May 31, 2026.","John's, Canada
Tags:
Graduate Opportunities
Description
PhD Scholarship
Transforming Climate Action – Uncertain Seas 
 
A PhD Scholarship is available at the Centre for Fisheries Ecosystems Research, Fisheries & Marine Institute, Memorial University, St. The largest research theme within Transforming Climate Action is Reducing Uncertainties in Carbon Cycling in the Northwest Atlantic Seas (Uncertain Seas). There will also be opportunities for research visits to collaborating labs and conference travel",,"05/31/2026
Published:
02/17/2026
Starting Date:
after 9/1/2026
Hours per Week:
at least 40
Salary:
starting at $30,000 per year
Education Required:
Masters
Experience Required:
none
Location:
St",True,1.0,Graduate Position,Environmental Sciences,0.0,[],False,,2026-02-22T05:12:37.987771+00:00,scrape_20260222_051211_d86124e9,2.0,2026-02-18T19:00:01.438848+00:00,2026-02-22T05:12:37.987771+00:00,Environmental Sciences,Fisheries and Aquatic,rule,30000.0,1.1,27272.73,analytics_backfill,False,,,,,,,,,,,,,,,
Graduate Assistantship at WVU: Aquatic Species Responses to Changing River Conditions,Aquatic lab- West Virginia University (Private),"West Virginia University (Morgantown, West Virginia)","$21,000 to $27,000 per year",8/17/2026,02/13/2026,Graduate Opportunities,https://jobs.rwfm.tamu.edu/view-job/?id=113704,"Graduate Assistantship at WVU: Aquatic Species Responses to Changing River Conditions
Aquatic lab- West Virginia University (Private)
Details
Application Deadline:
04/01/2026
Published:
02/13/2026
Starting Date:
8/17/2026
Hours per Week:
at least 40
Salary:
$21,000 to $27,000 per year
Education Required:
Bachelors
Experience Required:
at least 2 years
Location:
West Virginia University (Morgantown, West Virginia)
Tags:
Graduate Opportunities
Description
The Davis College of Agriculture, Natural Resources, and Design at West Virginia University, through Dr. Carol Arantes’s lab, is recruiting a Master’s or PhD student to begin in Fall 2026 to study how changes in river conditions affect aquatic ecosystems and biodiversity. 

The student will be part of a collaborative, interdisciplinary project examining how global hydraulic infrastructure and river management over the past century have altered river discharge regimes and aquatic ecosystems, and how uncertainty in reconstructed historical records affects confidence in global assessments of river change. Working within a multi-institutional research team, the student will collaborate closely with a modeling group to develop and apply new models and indicators of river processes that integrate hydrologic alteration, river fragmentation, sediment transport, river temperature, and patterns of fish diversity and abundance. 

The student will work closely with the PI, postdoctoral researchers, and a multi-institutional team of project partners to integrate ecological data with large-scale environmental and infrastructure datasets. Expected outcomes include peer-reviewed publications, technical reports, and presentations for both scientific and non-scientific audiences. The position offers strong training opportunities in quantitative analysis, interdisciplinary research, and professional development. 

Qualifications 
Applicants must hold a B.S. or M.S. degree in ecology, fisheries, zoology, aquatic sciences, or a closely related field, with a minimum GPA of 3.0/4.0. Successful candidates will demonstrate strong written and oral communication skills, solid analytical abilities, and the capacity to work independently and collaboratively. Experience or strong interest in fish and aquatic ecology is required. Experience with or interest in computer modeling, statistical analysis (Bayesian and/or frequentist approaches), and GIS is highly desirable. 

 Funding:
The selected student will be supported through a combination of Teaching Assistantships (TAships) and Research Assistantships (RAships), for a total of three years of funding.

M.S. students will receive a stipend of $21,000 per year plus a full tuition waiver.

Ph.D. students will receive 9 months of funding per year plus a full tuition waiver, with opportunities for additional summer salary contingent upon successful completion of stream surveys and project fieldwork.

 How to Apply
Interested students should email the following materials as a single PDF directly to:
Dr. Carol Arantes
caroline.arantes@mail.wvu.edu 

Application materials should include: 

A brief cover letter describing research background, interests, career goals, and motivation for pursuing an MS or PhD
A current CV or résumé
Names and contact information for three professional references
Unofficial transcripts and GRE scores (if available)

 Please do not submit materials to the WVU Graduate School at this stage.

Additional Information
 Davis College of Agriculture, Natural Resources, and Design
 https://www.davis.wvu.edu/
School of Natural Resources and the Environment
https://www.davis.wvu.edu/schools/natural-resources-and-the-environment
Dr. Arantes’s lab
https://www.davis.wvu.edu/faculty-staff/directory/carol-arantes
https://aranteslab.weebly.com/ 

 


  Contact
Caroline C. Arantes
caroline.arantes@mail.wvu.edu (preferred contact method)","Qualifications 
Applicants must hold a B.S. or M.S. degree in ecology, fisheries, zoology, aquatic sciences, or a closely related field, with a minimum GPA of 3.0/4.0. Successful candidates will demonstrate strong written and oral communication skills, solid analytical abilities, and the capacity to work independently and collaboratively. Experience or strong interest in fish and aquatic ecology is required. Experience with or interest in computer modeling, statistical analysis (Bayesian and/or frequentist approaches), and GIS is highly desirable.","Working within a multi-institutional research team, the student will collaborate closely with a modeling group to develop and apply new models and indicators of river processes that integrate hydrologic alteration, river fragmentation, sediment transport, river temperature, and patterns of fish diversity and abundance. The student will work closely with the PI, postdoctoral researchers, and a multi-institutional team of project partners to integrate ecological data with large-scale environmental and infrastructure datasets. The position offers strong training opportunities in quantitative analysis, interdisciplinary research, and professional development",,"04/01/2026
Published:
02/13/2026
Starting Date:
8/17/2026
Hours per Week:
at least 40
Salary:
$21,000 to $27,000 per year
Education Required:
Bachelors
Experience Required:
at least 2 years
Location:
West Virginia University (Morgantown, West Virginia)
Tags:
Graduate Opportunities
Description
The Davis College of Agriculture, Natural Resources, and Design at West Virginia University, through Dr",True,0.85,Graduate Assistantship,Fisheries and Aquatic,0.21,"[""fish"", ""fisheries"", ""aquatic"", ""stream"", ""river""]",False,,2026-02-19T18:11:49.778953+00:00,scrape_20260219_181116_cb92cc01,2.0,2026-02-18T19:00:01.533945+00:00,2026-02-19T18:11:49.778953+00:00,Fisheries and Aquatic,,rule,21000.0,0.75,28000.0,analytics_backfill,True,West Virginia,US,,,,,,,,,,,,,
Graduate Research Assistant--Bat Ecology and Conservation,Texas Tech University (State),"TTU Natural Resources Management 2903 15th Street 2903 15th Street (Lubbock, Texas)","$18,000 to $22,000 per year",between 5/1/2025 and 8/31/2025,02/07/2025,Graduate Opportunities,,,,,,,True,0.85,Graduate Assistantship,Wildlife,,,,,,,,2025-07-11T10:29:13.350435,2025-07-11T10:29:13.350435,Wildlife,,rule,18000.0,0.95,18947.368421052633,source_data,True,Texas,US,Southwest,7673773242882531476,,,,,,,,,,"{""min_salary"": null, ""max_salary"": null, ""salary_text"": """"}","{""full_location"": ""TTU Natural Resources Management 2903 15th Street 2903 15th Street (Lubbock, Texas)"", ""city"": ""TTU Natural Resources Management 2903 15th Street 2903 15th Street"", ""state"": null, ""cleaned_location"": ""TTU Natural Resources Management 2903 15th Street 2903 15th Street""}"
Graduate Assistantship (MS/PhD),University of Tennessee (State),"School of Natural Resources, University of Tennessee (Knoxville, Tennessee)","up to $35,328 per year",after 8/17/2026,02/06/2026,Graduate Opportunities,https://jobs.rwfm.tamu.edu/view-job/?id=113464,"Graduate Assistantship (MS/PhD)
University of Tennessee (State) | https://naturalresources.tennessee.edu
Details
Application Deadline:
04/15/2026
Published:
02/06/2026
Starting Date:
after 8/17/2026
Hours per Week:
at most 36
Salary:
up to $35,328 per year
Education Required:
Bachelors
Experience Required:
none
Location:
School of Natural Resources, University of Tennessee (Knoxville, Tennessee)
Tags:
Graduate Opportunities
Description
Funding in anticipated for Graduate Assistantship at the MS (2 years) or PhD (3 years) level in the School of Natural Resources at the University of Tennessee, beginning August 2026, to work on projects in conservation social science. Applicants should hold a degree in wildlife, forestry, natural resources, environmental science, ecology, geography, agricultural economics or a closely related field.

The research will focus on economics, policy, or other social science dimensions of conservation depending upon the interest and background of the student. The position provides annual stipend support of $35,328, health insurance, and a full waiver of tuition fees. The successful candidate will have opportunities to collaborate with other members of the research lab on related projects and to participate in teaching activities. Interested students should email an expression of interest, a current CV, and unofficial copies of all college transcripts to npoudyal@utk.edu.

Contact
Neelam C. Poudyal
npoudyal@utk.edu (preferred contact method)","Hours per Week:
at most 36
Salary:
up to $35,328 per year
Education Required:
Bachelors
Experience Required:
none","The research will focus on economics, policy, or other social science dimensions of conservation depending upon the interest and background of the student. The successful candidate will have opportunities to collaborate with other members of the research lab on related projects and to participate in teaching activities",,"04/15/2026
Published:
02/06/2026
Starting Date:
after 8/17/2026
Hours per Week:
at most 36
Salary:
up to $35,328 per year
Education Required:
Bachelors
Experience Required:
none
Location:
School of Natural Resources, University of Tennessee (Knoxville, Tennessee)
Tags:
Graduate Opportunities
Description
Funding in anticipated for Graduate Assistantship at the MS (2 years) or PhD (3 years) level in the School of Natural Resources at the University of Tennessee, beginning August 2026, to work on projects in conservation social science",True,0.85,Graduate Assistantship,Human Dimensions,0.0,[],False,,2026-02-19T18:11:48.633233+00:00,scrape_20260219_181116_cb92cc01,2.0,2026-02-19T18:11:48.633233+00:00,2026-02-19T18:11:48.633233+00:00,Human Dimensions,Wildlife,rule,35328.0,0.85,41562.35,analytics_backfill,True,Tennessee,US,,,,,,,,,,,,,
"PhD Assistanship: Virtual Fencing, Grazing Behavior, and Animal Welfare",The University of Arizona (State),multiple,"starting at $30,000 per year",between 6/1/2026 and 8/10/2026,02/06/2026,Graduate Opportunities,https://jobs.rwfm.tamu.edu/view-job/?id=113438,"PhD Assistanship: Virtual Fencing, Grazing Behavior, and Animal Welfare
The University of Arizona (State) | https://snre.arizona.edu
Details
Application Deadline:
04/15/2026
Published:
02/06/2026
Starting Date:
between 6/1/2026 and 8/10/2026
Hours per Week:
at least 40
Salary:
starting at $30,000 per year
Education Required:
Masters
Experience Required:
none
Locations:
1064 E Lowell Street (Tucson, Arizona)
Green Valley, Arizona
Tags:
Graduate Opportunities
Description
Description:
Recent advances in virtual fencing (VF) technology are creating new opportunities to transform grazing management and livestock production systems across the western United States. We seek a highly motivated PhD student to contribute to the University of Arizona’s virtual fence research initiative focusing on animal welfare. The successful candidate will lead research looking at seasonal and reproductive-stage differences in grazing behavior, as well as cattle stress and welfare responses associated with interactions with the Halter virtual fencing system in Arizona. This knowledge generated will inform best practices for VF adoption by beef cattle producers in the western U.S. 
 The student will be advised by Flavie Audoin and will be enrolled in the Ecology, Management, and Restoration of Rangelands program within the School of Natural Resources & the Environment (https://snre.arizona.edu/).

Required Qualifications:
- Hold a MS degree in animal sciences, natural resources, or related field.
- Interest in beef cattle physiology, extensive grazing systems, rangeland ecology, animal behavior, animal welfare, or precision livestock technologies.
- Demonstrated diligence and strong work ethic.
- Ability to work independently and collectively as part of an interdisciplinary team.
 Preferred Qualifications:
- Experience with statistical software and analysis as well as data management.
- Large livestock animal experience and laboratory training.
- Strong oral and written communication skills.
 Salary & Benefits: 
Academic and summer compensation available for 5 years [combination of RA and TAships ~ $30K] 
Health insurance, ERE and tuition are provided.

Application Instructions:
1-    A cover letter.
2-    Curriculum Vitae / Resume.
3-    Unofficial or official university transcripts.
4-    Contact information for 3 references.
  Contact
Flavie Audoin
faudoin@arizona.edu (preferred contact method)","The student will be advised by Flavie Audoin and will be enrolled in the Ecology, Management, and Restoration of Rangelands program within the School of Natural Resources & the Environment (https://snre.arizona.edu/).

Required Qualifications:","We seek a highly motivated PhD student to contribute to the University of Arizona’s virtual fence research initiative focusing on animal welfare. The successful candidate will lead research looking at seasonal and reproductive-stage differences in grazing behavior, as well as cattle stress and welfare responses associated with interactions with the Halter virtual fencing system in Arizona",,"04/15/2026
Published:
02/06/2026
Starting Date:
between 6/1/2026 and 8/10/2026
Hours per Week:
at least 40
Salary:
starting at $30,000 per year
Education Required:
Masters
Experience Required:
none
Locations:
1064 E Lowell Street (Tucson, Arizona)
Green Valley, Arizona
Tags:
Graduate Opportunities
Description
Description:
Recent advances in virtual fencing (VF) technology are creating new opportunities to transform grazing management and livestock production systems across the western United States",True,0.75,PhD Position,Agriculture,0.0,[],False,,2026-02-19T18:11:48.681291+00:00,scrape_20260219_181116_cb92cc01,2.0,2026-02-19T18:11:48.681291+00:00,2026-02-19T18:11:48.681291+00:00,Agriculture,Wildlife,rule,30000.0,1.0,30000.0,analytics_backfill,False,,,,,,,,,,,,,,,
"Graduate Teaching Assistantships (PhD): water snake ecology, Fall 2026: Indiana",Indiana State University (State),"Indiana State University (TERRE HAUTE, Indiana)","starting at $13,500 per year",after 8/10/2026,02/05/2026,Graduate Opportunities,https://jobs.rwfm.tamu.edu/view-job/?id=109288,"Graduate Teaching Assistantships (PhD): water snake ecology, Fall 2026: Indiana
Indiana State University (State) | https://www.indstate.edu/cas/biology
Details
Posting:
https://indianastate.edu/academics/academic-program-finder/biology-phd
Application Deadline:
02/28/2026
Published:
02/05/2026
Starting Date:
after 8/10/2026
Hours per Week:
at least 40
Salary:
starting at $13,500 per year
Education Required:
Bachelors
Experience Required:
at least 2 years
Location:
Indiana State University (TERRE HAUTE, Indiana)
Tags:
Graduate Opportunities
Description
Indiana State University Department of Biology is seeking graduate applications (PhD preferred) from highly motivated and capable students to study water snake ecology (diamondback, copperbelly, and common water snakes). This position’s research will build off of a current MS water snake project at Indiana State University that is studying distribution, status, and aspects of niche partitioning.
 A position supported by a teaching assistantship (5 of years of support for PhD; $13,500/year + tuition waiver) will be available starting August 2026. Additional summer assistantships may be available.
 There is opportunity for highly motivated and capable students to develop their own projects based on their interests and skills. Other current lab projects include comparing non-invasive monitoring methods, raccoon parasites, and analysis of stress hormones and ecological contaminants in bats and large carnivores. Graduate research projects can combine traditional field ecology studies with techniques and technology such as ecotoxicology, hormone analysis, GIS habitat analysis, mark-recapture, telemetry, and/or genetics/genomics.  Field-based data collection is typically conducted during the summer and laboratory work can be conducted throughout the year.  Fieldwork may involve canoeing/boating, mud, bugs, heat, handling animals, and other strenuous dirty-job type work (generally need to be able to lift ~50lbs).  
 For more information about the program and university, see:
 https://indianastate.edu/
https://indianastate.edu/academics/academic-program-finder/biology-phd
https://indianastate.edu/academics/academic-program-finder/biology-ms
  MINIMUM QUALIFICATIONS
 -          For PhD: MS by start date in ecology, biology, zoology, wildlife, or a related/supportive field (Exceptional students with a B.S. may be considered)
-          Minimum undergraduate GPA of 3.0 
-          GRE verbal and quantitative scores of at least 150 are required for PhD applicants that do not yet have a graduate degree or publications.
-          Valid US driver’s license (held for at least 2 years by start date)
-          US citizen or Greencard holder
 Successful applicants will be self-motivated, have a strong interest in wildlife ecology/management and/or related disciplines and possess excellent verbal and written communication skills (including proficiency searching and reviewing peer-reviewed literature).  Prior experience with research, fieldwork, boats/canoes, and common statistical software packages are preferred.  Experience with ecotoxicology/analytical chemistry (e.g., LC-MS/MS), flow-through respirometry/metabolic analysis, GIS, genetic analysis, or other modern analytical techniques/tools that could enhance a graduate project are a plus.
 

APPLICATION INSTRUCTIONS
 Interested applicants should submit the following documents as a single PDF to Dr. Aaron Gooley (aaron.gooley@indstate.edu). Include “Biology PhD Graduate Position - Watersnakes” in the email subject line.
 1. Cover letter summarizing your interest in the position, qualifications, and experience, as well as research interests and career aspirations
2. Curriculum vitae (including GPA and GRE scores if available)
3. Copies of academic transcripts (unofficial are OK)
4. Contact information for 3 professional references
 APPLICATIONS WILL BE REVIEWED AS THEY ARE RECEIVED AND THE POSITION MAY BE FILLED BEFORE THE DEADLINE. THIS TEACHING ASSISTANTISHIP/TUITION WAIVER IS COMPETITIVE WITH OTHER LAB OPENINGS WITIN THE BIOLOGY DEPARTMENT AND POSITIONS ARE LIMITED. 
 APPLICANTS MUST BE PREPARED TO SUBMIT THEIR OFFICIAL APPLICATION TO THE UNIVERSITY (TRANSCRIPTS, GRE SCORES IF REQUIRED, 3 LETTERS OF RECOMMENDATION) IF INSTRUCTED, FOLLOWING A ZOOM INTERVIEW.
 The general steps in the interview/selection process:
1. Initial review of unofficial materials by Dr. Gooley
2. An online interview with Dr. Gooley for select candidates
3. Submission of an official university application if instructed (https://indianastate.edu/apply)
4. Selection by the department’s graduate committee (may involve another online interview with additional faculty)
  Contact
Dr. Aaron Gooley
aaron.gooley@indstate.edu (preferred contact method)","Hours per Week:
at least 40
Salary:
starting at $13,500 per year
Education Required:
Bachelors
Experience Required:
at least 2 years","This position’s research will build off of a current MS water snake project at Indiana State University that is studying distribution, status, and aspects of niche partitioning. Graduate research projects can combine traditional field ecology studies with techniques and technology such as ecotoxicology, hormone analysis, GIS habitat analysis, mark-recapture, telemetry, and/or genetics/genomics. Prior experience with research, fieldwork, boats/canoes, and common statistical software packages are preferred",,"02/28/2026
Published:
02/05/2026
Starting Date:
after 8/10/2026
Hours per Week:
at least 40
Salary:
starting at $13,500 per year
Education Required:
Bachelors
Experience Required:
at least 2 years
Location:
Indiana State University (TERRE HAUTE, Indiana)
Tags:
Graduate Opportunities
Description
Indiana State University Department of Biology is seeking graduate applications (PhD preferred) from highly motivated and capable students to study water snake ecology (diamondback, copperbelly, and common water snakes)",True,0.8,Graduate Assistantship,Wildlife,0.0,[],True,Indiana University,2026-02-19T18:11:47.590504+00:00,scrape_20260219_181116_cb92cc01,2.0,2026-02-19T18:11:47.590504+00:00,2026-02-19T18:11:47.590504+00:00,Wildlife,Human Dimensions,rule,13500.0,0.85,15882.35,analytics_backfill,True,Indiana,US,,,,,,,,,,,,,
MS Assistantship - Forest Fire and LiDAR in Wyoming,"Dr. Sara Germain, University of Wyoming (State)","University of Wyoming (Laramie, Wyoming)","starting at $23,000 per year",between 5/20/2026 and 8/25/2026,02/05/2026,Graduate Opportunities,https://jobs.rwfm.tamu.edu/view-job/?id=113265,"MS Assistantship - Forest Fire and LiDAR in Wyoming
Dr. Sara Germain, University of Wyoming (State) | http://www.sjgermain.com
Details
Posting:
http://www.sjgermain.com/
Application Deadline:
03/01/2026
Published:
02/05/2026
Starting Date:
between 5/20/2026 and 8/25/2026
Ending Date:
after 5/1/2028
Hours per Week:
40
Salary:
starting at $23,000 per year
Education Required:
Bachelors
Experience Required:
none
Location:
University of Wyoming (Laramie, Wyoming)
Tags:
Graduate Opportunities
Description
Background
The Forest Forensics and Dendroecology Lab at the University of Wyoming is seeking a M.S. student to study wildfire risk and recovery in Wyoming beginning in Fall 2026. The student will create deep-learning models of fuel loading and regeneration using LiDAR, then organize and execute a field campaign to validate models by sampling forests across the state. The student will join a vibrant team of five graduate students for a collaborative graduate program located in Laramie, WY.
 Benefits and Stipend
This research assistantship is fully funded through the Wyoming Water Research Program and represents a collaboration between the Wyoming Geographic Information Science Center and Wyoming Forest Resilience Initiative. The student will receive a tuition waiver, health insurance, and annual stipend ($23,000 /yr). The start date is August 2026 and expected graduation is May 2028. 
 Required Qualifications
·    BS degree in Forestry, Environmental Science, Biology, or a related field 
·    Demonstrated ability to analyze large datasets with R statistical software 
·    Excellent interpersonal and communication skills 
 Additional Desired Qualifications
·    Experience processing and/or analyzing LiDAR datasets
·    Experience with deep learning and/or machine learning approaches
·    Experience conducting field work in remote settings
·    Experience writing and publishing peer-reviewed manuscripts
_________________________________________________________
 To Apply
Combine the following information into a single PDF file: (1) cover letter describing your research interests, career goals, and qualifications; (2) full CV; (3) unofficial transcripts; (4) email addresses and phone numbers for three professional references. Email to sgermain@uwyo.edu with the subject line: Fire MS Application.

Applications that do not follow these instructions will not be considered
 Application deadline is March 1, 2026

Applications will be reviewed in the order they are received 
Apply now for priority review
Contact
Sara Germain
sgermain@uwyo.edu (preferred contact method)","Hours per Week:
40
Salary:
starting at $23,000 per year
Education Required:
Bachelors
Experience Required:
none","Benefits and Stipend
This research assistantship is fully funded through the Wyoming Water Research Program and represents a collaboration between the Wyoming Geographic Information Science Center and Wyoming Forest Resilience Initiative. Required Qualifications
·    BS degree in Forestry, Environmental Science, Biology, or a related field 
·    Demonstrated ability to analyze large datasets with R statistical software 
·    Excellent interpersonal and communication skills 
 Additional Desired Qualifications
·    Experience processing and/or analyzing LiDAR datasets
·    Experience with deep learning and/or machine learning approaches
·    Experience conducting field work in remote settings
·    Experience writing and publishing peer-reviewed manuscripts
_________________________________________________________
 To Apply
Combine the following information into a single PDF file: (1) cover letter describing your research interests, career goals, and qualifications; (2) full CV; (3) unofficial transcripts; (4) email addresses and phone numbers for three professional references",,"03/01/2026
Published:
02/05/2026
Starting Date:
between 5/20/2026 and 8/25/2026
Ending Date:
after 5/1/2028
Hours per Week:
40
Salary:
starting at $23,000 per year
Education Required:
Bachelors
Experience Required:
none
Location:
University of Wyoming (Laramie, Wyoming)
Tags:
Graduate Opportunities
Description
Background
The Forest Forensics and Dendroecology Lab at the University of Wyoming is seeking a M",True,0.85,Graduate Assistantship,Forestry and Habitat,0.0,[],False,,2026-02-19T18:11:49.924238+00:00,scrape_20260219_181116_cb92cc01,2.0,2026-02-19T18:11:49.924238+00:00,2026-02-19T18:11:49.924238+00:00,Forestry and Habitat,,rule,23000.0,0.9,25555.56,analytics_backfill,True,Wyoming,US,,,,,,,,,,,,,
"Arkansas - MS Graduate Assistantship. Landscape Ecology, habitat suitability, and mallards",University of Arkansas Monticello (State),"Monticello, Arkansas","starting at $20,000 per year",between 5/4/2026 and 8/10/2026,02/04/2026,Graduate Opportunities,https://jobs.rwfm.tamu.edu/view-job/?id=113325,"Arkansas - MS Graduate Assistantship. Landscape Ecology, habitat suitability, and mallards
University of Arkansas Monticello (State) | http://www.uamont.edu
Details
Posting:
https://www.uamont.edu/academics/CFANR/snowdenwaterfowlcenter.html
Application Deadline:
04/30/2026
Published:
02/04/2026
Starting Date:
between 5/4/2026 and 8/10/2026
Ending Date:
between 12/29/2028 and 8/10/2029
Hours per Week:
at least 20
Salary:
starting at $20,000 per year
Education Required:
Bachelors
Experience Required:
none
Location:
Monticello, Arkansas
Tags:
Graduate Opportunities
Description
 Title: Graduate Research Assistant – M.Sc. in Forest Recourses, emphasis in Wildlife Management 
Affiliation: Snowden Waterfowl Center of Excellence, University of Arkansas at Monticello 
Location: Monticello, Arkansas 
Start date: May or August 2026 
Available funding – up to 3 years 
 Position Description: The Snowden Waterfowl Center of Excellence within the College of forestry, Agriculture, and Natural Resources at the University of Arkansas at Monticello is recruiting applicants for the position of Graduate Research Assistant (GRA) to pursue a Master’s of Science (M.Sc.) degree in Forest Resources studying the spatial arrangement of habitat components including bottomland hardwood reforestation on habitat suitability for midcontinent mallards. Specific aspects of the study will include the construction of a user-friendly, ArcGIS online decision support tool for prioritizing areas for reforestation that will maximize co-benefits for waterfowl. The position carries an annual stipend of $20,000 plus tuition waiver. Expected start date of May or August 2026. 
 Project Description: Bottomland hardwood forests are under extreme and accelerated pressure from anthropogenic and environmental stressors, subsequently impact many ecological processes including the degradation of habitat quality for forested wetland dependent waterfowl. The extent of historical loss from drainage and agricultural conversion; degradation of forest health from insects and disease; shifts in tree species composition from water stress, and excessive declines in abundance of wintering waterfowl in the Mississippi Alluvial Valley are overwhelmingly documented. Thus, restoration and reforestation effects are of utmost priority in the region and newly emerging carbon credit markets may provide the catalyst needed to accelerate reforestation in the region to improve habitat suitability for wintering mallards. The purpose of this project is to provide guidance for carbon-based reforestation efforts to maximize the co-benefits for waterfowl.   
 Requirements: Applicants must have a 2.7 overall undergraduate GPA or 3.0 GPA in the last 60 semester hours of undergraduate courses. Also required a B.S. degree in geospatial sciences, geography, wildlife management/conservation, or related field, while experiences with waterfowl, GIS, remote sensing, data science, and landscape ecology are preferred. Applicants must have a valid U.S. driver’s license or obtain the same within 60 days of starting employment. Overnight travel and fall/winter field work are required as well as the ability to work outdoors in all weather conditions. 
 Location and Facilities: The Snowden Waterfowl Center of Excellence is housed within the College of Forestry, Agriculture & Natural Resources at the University of Arkansas at Monticello, in southeastern Arkansas. Graduate students will have a designated office space and computer, and will work alongside faculty, staff, and other graduate students within the Snowden Waterfowl Center and College of Forestry, Agriculture & Natural Resources. 
 Application & Additional Information: Please send cover letter, CV or resume, and list of professional references to Dr. Douglas Osborne by email at osborne@uamont.edu. Specify ""BLH Mallard Assistantship"" in the subject line of the email. 
Contact
Dr. Douglas Osborne
8704601448
osborne@uamont.edu (preferred contact method)","Requirements: Applicants must have a 2.7 overall undergraduate GPA or 3.0 GPA in the last 60 semester hours of undergraduate courses. Also required a B.S. degree in geospatial sciences, geography, wildlife management/conservation, or related field, while experiences with waterfowl, GIS, remote sensing, data science, and landscape ecology are preferred. Applicants must have a valid U.S. driver’s license or obtain the same within 60 days of starting employment. Overnight travel and fall/winter field work are required as well as the ability to work outdoors in all weather conditions.","html
Application Deadline:
04/30/2026
Published:
02/04/2026
Starting Date:
between 5/4/2026 and 8/10/2026
Ending Date:
between 12/29/2028 and 8/10/2029
Hours per Week:
at least 20
Salary:
starting at $20,000 per year
Education Required:
Bachelors
Experience Required:
none
Location:
Monticello, Arkansas
Tags:
Graduate Opportunities
Description
 Title: Graduate Research Assistant – M. in Forest Recourses, emphasis in Wildlife Management 
Affiliation: Snowden Waterfowl Center of Excellence, University of Arkansas at Monticello 
Location: Monticello, Arkansas 
Start date: May or August 2026 
Available funding – up to 3 years 
 Position Description: The Snowden Waterfowl Center of Excellence within the College of forestry, Agriculture, and Natural Resources at the University of Arkansas at Monticello is recruiting applicants for the position of Graduate Research Assistant (GRA) to pursue a Master’s of Science (M",,"04/30/2026
Published:
02/04/2026
Starting Date:
between 5/4/2026 and 8/10/2026
Ending Date:
between 12/29/2028 and 8/10/2029
Hours per Week:
at least 20
Salary:
starting at $20,000 per year
Education Required:
Bachelors
Experience Required:
none
Location:
Monticello, Arkansas
Tags:
Graduate Opportunities
Description
 Title: Graduate Research Assistant – M",True,0.85,Graduate Assistantship,Wildlife,0.222,"[""wildlife"", ""wildlife management"", ""waterfowl"", ""habitat"", ""landscape ecology""]",False,,2026-02-19T18:12:09.962967+00:00,scrape_20260219_181116_cb92cc01,2.0,2026-02-19T18:12:09.962967+00:00,2026-02-19T18:12:09.962967+00:00,Wildlife,Forestry and Habitat,rule,20000.0,0.8,25000.0,analytics_backfill,True,Arkansas,US,,,,,,,,,,,,,
Arkansas - MS Graduate Assistantship. Movement ecology of Green-winged teal,University of Arkansas Monticello (State),"Monticello , Arkansas","starting at $20,000 per year",between 5/4/2026 and 8/10/2026,02/04/2026,Graduate Opportunities,https://jobs.rwfm.tamu.edu/view-job/?id=113324,"Arkansas - MS Graduate Assistantship. Movement ecology of Green-winged teal
University of Arkansas Monticello (State) | http://www.uamont.edu
Details
Posting:
https://www.uamont.edu/academics/CFANR/snowdenwaterfowlcenter.html
Application Deadline:
04/30/2026
Published:
02/04/2026
Starting Date:
between 5/4/2026 and 8/10/2026
Ending Date:
between 12/31/2028 and 8/1/2029
Hours per Week:
at least 20
Salary:
starting at $20,000 per year
Education Required:
Bachelors
Experience Required:
none
Location:
Monticello , Arkansas
Tags:
Graduate Opportunities
Description

Title: Graduate Research Assistant – M.Sc. in Forest Recourses, emphasis in Wildlife Management 
Affiliation: Snowden Waterfowl Center of Excellence, University of Arkansas at Monticello 
Location: Monticello, Arkansas
Start date: May or August 2026
Available funding – up to 3 years 
 Position Description: The Snowden Waterfowl Center of Excellence within the College of forestry, Agriculture, and Natural Resources at the University of Arkansas at Monticello is in search of applicants for a Graduate Research Assistant (GRA) to pursue a Master’s of Science (M.Sc.) degree studying the migration ecology of green-winged teal. Specific aspects of the study could include spring migration chronology and stop-over habitat selection, breeding settlement patterns, and winter site fidelity of transmitter-marked female green-winged teal that winter in the Red River Valley region of NW Louisiana and SW Arkansas. The position carries an annual stipend of $20,000 plus tuition waiver. Expected start date of May or August 2026.
 Project Description: Green-winged teal are among the most harvest species of dabbling duck in the Mississippi and Central Flyways, however little has been documented of their migration chronology, habitat use, cross-season effects on breeding location, and rate of site fidelity during the annual cycle. This project aims to evaluate the general migration ecology of the species, with some flexibility in objectives that can be defined by the incoming student. 
 Requirements: Applicants must have a 2.7 overall undergraduate GPA or 3.0 GPA in the last 60 semester hours of undergraduate courses. Also required a B.S. degree in geospatial sciences, geography, wildlife management/conservation, zoology, or related field, while experiences with GIS, remote sensing, data science, landscape ecology and waterfowl are preferred. Applicants must have a valid U.S. driver’s license or obtain the same within 60 days of starting employment. Overnight travel and fall/winter field work are required as well as the ability to work outdoors in all weather conditions. 
 Location and Facilities: The Snowden Waterfowl Center of Excellence is housed within the College of Forestry, Agriculture & Natural Resources at the University of Arkansas at Monticello, in southeastern Arkansas. Graduate students will have a designated office space and computer, and will work alongside faculty, staff, and other graduate students within the Snowden Waterfowl Center and College of Forestry, Agriculture & Natural Resources.
 Application & Additional Information: Please send cover letter, CV or resume, and list of professional references to Dr. Douglas Osborne by email at osborne@uamont.edu. Specify AGWT Assistantship in the subject line of the email.
  Contact
Dr. Douglas Osborne
8704601448
osborne@uamont.edu (preferred contact method)","Requirements: Applicants must have a 2.7 overall undergraduate GPA or 3.0 GPA in the last 60 semester hours of undergraduate courses. Also required a B.S. degree in geospatial sciences, geography, wildlife management/conservation, zoology, or related field, while experiences with GIS, remote sensing, data science, landscape ecology and waterfowl are preferred. Applicants must have a valid U.S. driver’s license or obtain the same within 60 days of starting employment. Overnight travel and fall/winter field work are required as well as the ability to work outdoors in all weather conditions.","html
Application Deadline:
04/30/2026
Published:
02/04/2026
Starting Date:
between 5/4/2026 and 8/10/2026
Ending Date:
between 12/31/2028 and 8/1/2029
Hours per Week:
at least 20
Salary:
starting at $20,000 per year
Education Required:
Bachelors
Experience Required:
none
Location:
Monticello , Arkansas
Tags:
Graduate Opportunities
Description

Title: Graduate Research Assistant – M. in Forest Recourses, emphasis in Wildlife Management 
Affiliation: Snowden Waterfowl Center of Excellence, University of Arkansas at Monticello 
Location: Monticello, Arkansas
Start date: May or August 2026
Available funding – up to 3 years 
 Position Description: The Snowden Waterfowl Center of Excellence within the College of forestry, Agriculture, and Natural Resources at the University of Arkansas at Monticello is in search of applicants for a Graduate Research Assistant (GRA) to pursue a Master’s of Science (M",,"04/30/2026
Published:
02/04/2026
Starting Date:
between 5/4/2026 and 8/10/2026
Ending Date:
between 12/31/2028 and 8/1/2029
Hours per Week:
at least 20
Salary:
starting at $20,000 per year
Education Required:
Bachelors
Experience Required:
none
Location:
Monticello , Arkansas
Tags:
Graduate Opportunities
Description

Title: Graduate Research Assistant – M",True,0.85,Graduate Assistantship,Wildlife,0.222,"[""wildlife"", ""wildlife management"", ""waterfowl"", ""migration"", ""habitat""]",False,,2026-02-19T18:12:10.009894+00:00,scrape_20260219_181116_cb92cc01,2.0,2026-02-19T18:12:10.009894+00:00,2026-02-19T18:12:10.009894+00:00,Wildlife,Forestry and Habitat,rule,20000.0,0.8,25000.0,analytics_backfill,True,Arkansas,US,,,,,,,,,,,,,
PhD Assistantship - Fisheries Science,"Department of Natural Resource Management, South Dakota State University (State)","200 US-14 BYP, Brookings, SD 57006, USA (Brookings, South Dakota)","$29,000 to $31,000 per year",between 5/20/2025 and 7/21/2025,02/03/2025,Graduate Opportunities,,,,,,,True,0.85,PhD Position,Fisheries and Aquatic,,,,,,,,2025-07-11T10:29:13.350435,2025-07-11T10:29:13.350435,Fisheries and Aquatic,,rule,29000.0,0.85,34117.64705882353,source_data,True,South Dakota,US,Midwest,4703801499141209639,,,,,,,,,,"{""min_salary"": null, ""max_salary"": null, ""salary_text"": """"}","{""full_location"": ""200 US-14 BYP, Brookings, SD 57006, USA (Brookings, South Dakota)"", ""city"": ""200 US-14 BYP"", ""state"": null, ""cleaned_location"": ""200 US-14 BYP, Brookings, SD 57006, USA""}"
"Mesocarnivore Graduate Assistantship (MS), Colorado State University",Colorado State University (State),"Fort Collins, Colorado","$3,000 per month",before 8/24/2026,01/28/2026,Graduate Opportunities,https://jobs.rwfm.tamu.edu/view-job/?id=113040,"Mesocarnivore Graduate Assistantship (MS), Colorado State University
Colorado State University (State) | https://colostate.edu
Details
Application Deadline:
03/05/2026
Published:
01/28/2026
Starting Date:
before 8/24/2026
Ending Date:
before 6/1/2029
Hours per Week:
20 - 40
Salary:
$3,000 per month
Education Required:
Bachelors
Experience Required:
at least 1 year
Location:
Fort Collins, Colorado
Tags:
Graduate Opportunities
Description
A graduate assistantship for a master’s student is expected to be funded at Colorado State University (Fort Collins, CO) working with Dr. Brian D. Gerber (https://bgerber123.github.io/) at the Colorado Cooperative Fish and Wildlife Research Unit and wildlife researchers at Colorado Parks and Wildlife. The funding will be a mixture of graduate research and teaching assistantships covering university tuition, fees, health coverage, and includes a pre-tax monthly pay of $3000/month. The position is expected to start Fall 2026 and be funded through Spring 2029.

The student will be expected to develop a project proposal in the first year that includes a sampling frame that will be used to guide field surveys that they lead. The focus of this study will be to better understand mesocarnivore distribution and habitat associations throughout the state of Colorado; priority species are gray fox and ring-tailed cats, and secondarily bobcat, American hog-nosed skunk, and the western spotted skunk. Surveys will be focused on deploying camera traps primarily within two summer field seasons. Results from this work will inform efforts by Colorado Parks and Wildlife to conserve and manage the populations of these species.

Preferred Qualifications: 
-          Experience leading field crews and managing logistical operations
-          Experience with deploying camera traps

Minimum Qualifications:
-          A Bachelor of Science degree in wildlife ecology, biology, natural resource management, or related field
-          A year or more of wildlife related field work experience
-          Desire to learn to plan, execute, and lead a field study from conception to scientific publication
-          Experience navigating safely through rugged environments (hiking and driving)  
-          Strong work ethic 
-          Desire to learn or expand on coding and statistical modeling knowledge and skills
-          Desire to collaborate with state wildlife management agencies

To apply, please send the following materials via email with “MS mesocarnivore” as the subject line to Dr. Brian D. Gerber (brian.gerber@colostate.edu) by March 1, 2026: 1) Cover letter outlining career goals, academic interests, and relevant experience related to the minimum and preferred qualifications, 2) resume with contact information for 3-4 personal references, and unofficial copy of B.S. transcripts. 

Contact
Brian Gerber
brian.gerber@colostate.edu (preferred contact method)","A graduate assistantship for a master’s student is expected to be funded at Colorado State University (Fort Collins, CO) working with Dr. Brian D. Gerber (https://bgerber123.github.io/) at the Colorado Cooperative Fish and Wildlife Research Unit and wildlife researchers at Colorado Parks and Wildlife. The funding will be a mixture of graduate research and teaching assistantships covering university tuition, fees, health coverage, and includes a pre-tax monthly pay of $3000/month. The position is expected to start Fall 2026 and be funded through Spring 2029.

The student will be expected to develop a project proposal in the first year that includes a sampling frame that will be used to guide field surveys that they lead. The focus of this study will be to better understand mesocarnivore distribution and habitat associations throughout the state of Colorado; priority species are gray fox and ring-tailed cats, and secondarily bobcat, American hog-nosed skunk, and the western spotted skunk. Surveys will be focused on deploying camera traps primarily within two summer field seasons. Results from this work will inform efforts by Colorado Parks and Wildlife to conserve and manage the populations of these species.

Preferred Qualifications: 
-          Experience leading field crews and managing logistical operations
-          Experience with deploying camera traps

Minimum Qualifications:
-          A Bachelor of Science degree in wildlife ecology, biology, natural resource management, or related field
-          A year or more of wildlife related field work experience
-          Desire to learn to plan, execute, and lead a field study from conception to scientific publication
-          Experience navigating safely through rugged environments (hiking and driving)  
-          Strong work ethic 
-          Desire to learn or expand on coding and statistical modeling knowledge and skills
-          Desire to collaborate with state wildlife management agencies

To apply, please send the following materials via email with “MS mesocarnivore” as the subject line to Dr. Brian D. Gerber (brian.gerber@colostate.edu) by March 1, 2026: 1) Cover letter outlining career goals, academic interests, and relevant experience related to the minimum and preferred qualifications, 2) resume with contact information for 3-4 personal references, and unofficial copy of B.S. transcripts.","io/) at the Colorado Cooperative Fish and Wildlife Research Unit and wildlife researchers at Colorado Parks and Wildlife. The funding will be a mixture of graduate research and teaching assistantships covering university tuition, fees, health coverage, and includes a pre-tax monthly pay of $3000/month",,"03/05/2026
Published:
01/28/2026
Starting Date:
before 8/24/2026
Ending Date:
before 6/1/2029
Hours per Week:
20 - 40
Salary:
$3,000 per month
Education Required:
Bachelors
Experience Required:
at least 1 year
Location:
Fort Collins, Colorado
Tags:
Graduate Opportunities
Description
A graduate assistantship for a master’s student is expected to be funded at Colorado State University (Fort Collins, CO) working with Dr",True,0.85,Graduate Assistantship,Wildlife,0.0,[],False,,2026-02-19T18:11:54.955760+00:00,scrape_20260219_181116_cb92cc01,2.0,2026-02-19T18:11:54.955760+00:00,2026-02-19T18:11:54.955760+00:00,Wildlife,Human Dimensions,rule,36000.0,1.1,32727.27,analytics_backfill,True,Colorado,US,,,,,,,,,,,,,
M.S. Research Assistantship - Stream Restoration,North Dakota State University (State),"North Dakota State University (Fargo, North Dakota)","$25,000 per year",after 6/1/2026,01/27/2026,Graduate Opportunities,https://jobs.rwfm.tamu.edu/view-job/?id=112882,"M.S. Research Assistantship - Stream Restoration
North Dakota State University (State) | http://www.travisseaborn.com
Details
Application Deadline:
02/21/2026
Published:
01/27/2026
Starting Date:
after 6/1/2026
Hours per Week:
20
Salary:
$25,000 per year
Education Required:
Bachelors
Experience Required:
none
Location:
North Dakota State University (Fargo, North Dakota)
Tags:
Graduate Opportunities
Description
M.S. Opportunity: Riparian restoration tools in working grasslands
The Genomics, Ecology, and Modeling for Conservation Lab at North Dakota State University, led by Travis Seaborn, is recruiting for one M.S. position to join our team working on a recently funded project in collaboration with the Albert K. Ekre Grassland Preserve. For more information on the preserve see: https://ndsufoundation.com/magazine/2021/09/ekre-grassland-preserve. 
 Anticipated start date: Summer 2026. Stiped ~$25,000 for 2-3 years. Tuition waiver also provided.
 The overall project will advance our ability to understand community responses to riparian restoration. Riparian ecosystems in the Northern Great Plains have been heavily altered by anthropogenic activities. Although there are numerous restoration options for riparian ecosystems, a common and effective restoration practice, in particular in incised stream systems, are beaver dam analogs. Using streams at the Ekre Grassland Preserve and nearby public land, we will be looking to do a restoration project using invasive buckthorn woody materials. To achieve this, we are beginning to plan a Before-After-Control-Impact design to assess riparian and floodplain ecosystem responses, including geomorphology, biological community, and water quality. Much of the beaver dam analog research that has been done has occurred in the western United States, and response to these activities in the Northern Great Plains is unknown. Surveys of the biological community may include electrofishing and minnow trapping for fish, camera traps for mammals, visual and auditory surveys for birds, and plant identification along transects.
 The primary goals of this position include:
1.    Identify the impact of beaver dam analogs.
2.    Using geographic information systems, develop beaver species distribution models for the region.
 To apply: Please email travis.seaborn@ndsu.edu a letter of interest, which should include an explanation of fit and past relevant experience, and CV by February 20th.
Contact
Travis Seaborn
2537973130
travis.seaborn@ndsu.edu (preferred contact method)","Hours per Week:
20
Salary:
$25,000 per year
Education Required:
Bachelors
Experience Required:
none","Research Assistantship - Stream Restoration
North Dakota State University (State) | http://www. Much of the beaver dam analog research that has been done has occurred in the western United States, and response to these activities in the Northern Great Plains is unknown",,"02/21/2026
Published:
01/27/2026
Starting Date:
after 6/1/2026
Hours per Week:
20
Salary:
$25,000 per year
Education Required:
Bachelors
Experience Required:
none
Location:
North Dakota State University (Fargo, North Dakota)
Tags:
Graduate Opportunities
Description
M",True,0.85,Graduate Assistantship,Fisheries and Aquatic,0.0,[],False,,2026-02-19T18:11:55.010916+00:00,scrape_20260219_181116_cb92cc01,2.0,2026-02-19T18:11:55.010916+00:00,2026-02-19T18:11:55.010916+00:00,Fisheries and Aquatic,Wildlife,rule,25000.0,0.9,27777.78,analytics_backfill,True,North Dakota,US,,,,,,,,,,,,,
MS Assistantship: Understanding how cattle foraging behavior influences weight gain in Central Arizona,University of Arizona (State),multiple,"starting at $27,500 per year",after 8/1/2026,01/20/2026,Graduate Opportunities,https://jobs.rwfm.tamu.edu/view-job/?id=112645,"MS Assistantship: Understanding how cattle foraging behavior influences weight gain in Central Arizona
University of Arizona (State) | https://www.arizona.edu/
Details
Application Deadline:
04/30/2026
Published:
01/20/2026
Starting Date:
after 8/1/2026
Hours per Week:
at least 40
Salary:
starting at $27,500 per year
Education Required:
Bachelors
Experience Required:
none
Locations:
Tucson, Arizona
Rimrock, Arizona
Tags:
Graduate Opportunities
Description
Project Background: 

We are hiring an MS student to examine whether foraging behavior metrics, like grazing bout duration and velocity while grazing, predict diet quality and average daily weight gain of beef cows on central Arizona rangelands. This region contains a wealth of native biodiversity with ecosystems ranging from mixed desert scrub, pinyon-juniper woodlands, and high-elevation ponderosa pine forest. The student will be co-advised by Drs. Jacob Hennig and Flavie Audoin and will be enrolled in the Ecology, Management, and Restoration of Rangelands program within the School of Natural Resources & the Environment (https://snre.arizona.edu/). Funding is available for 2 years and includes salary, tuition, and health insurance. The student will be based in Tucson, AZ but will conduct field work at the University of Arizona V-V Ranch near Rimrock, AZ. Tasks will consist of attaching GPS ear tags to cattle, conducting field behavioral observations, collecting fecal samples, and analysis of movement data. 

The University of Arizona is the state’s land grant university, located in Tucson, Arizona. The University of Arizona is on the land and territories of many Indigenous peoples; today, Arizona is home to 22 federally recognized tribes, with Tucson being home to the O’odham and the Yaqui.

Required Qualifications: 
·       B.S. in rangeland ecology, animal science, ecology, or a related discipline 
·       A valid US driver’s license 
·       Proficiency in English 

Preferred Qualifications: 
·       Prior experience with livestock handling 
·       Ability to operate 4x4 vehicles 
·       Experience driving and navigating in rugged and remote terrain 
·       Demonstrated written, verbal, and quantitative skills 
·       Field data collection experience 
·       Experience with data management, statistical analysis, and the R programming language 
·       Strong interpersonal skills, with demonstrated ability to work long hours independently and in teams under challenging conditions 
·       Willingness for frequent travel 

To apply, please submit application materials (CV, contact information for 3 professional references, unofficial transcripts, and a cover letter describing interest in the project and career goals) to jhennig@arizona.edu and faudoin@arizona.edu. The GRE is not required for admission or to work with our team, but applicants may also include GRE scores if they think it will improve their packet.  

Contact
Jacob Hennig
jhennig@arizona.edu (preferred contact method)","Required Qualifications: 
·       B.S. in rangeland ecology, animal science, ecology, or a related discipline","edu/
Details
Application Deadline:
04/30/2026
Published:
01/20/2026
Starting Date:
after 8/1/2026
Hours per Week:
at least 40
Salary:
starting at $27,500 per year
Education Required:
Bachelors
Experience Required:
none
Locations:
Tucson, Arizona
Rimrock, Arizona
Tags:
Graduate Opportunities
Description
Project Background: 

We are hiring an MS student to examine whether foraging behavior metrics, like grazing bout duration and velocity while grazing, predict diet quality and average daily weight gain of beef cows on central Arizona rangelands. in rangeland ecology, animal science, ecology, or a related discipline 
·       A valid US driver’s license 
·       Proficiency in English 

Preferred Qualifications: 
·       Prior experience with livestock handling 
·       Ability to operate 4x4 vehicles 
·       Experience driving and navigating in rugged and remote terrain 
·       Demonstrated written, verbal, and quantitative skills 
·       Field data collection experience 
·       Experience with data management, statistical analysis, and the R programming language 
·       Strong interpersonal skills, with demonstrated ability to work long hours independently and in teams under challenging conditions 
·       Willingness for frequent travel 

To apply, please submit application materials (CV, contact information for 3 professional references, unofficial transcripts, and a cover letter describing interest in the project and career goals) to jhennig@arizona",,"04/30/2026
Published:
01/20/2026
Starting Date:
after 8/1/2026
Hours per Week:
at least 40
Salary:
starting at $27,500 per year
Education Required:
Bachelors
Experience Required:
none
Locations:
Tucson, Arizona
Rimrock, Arizona
Tags:
Graduate Opportunities
Description
Project Background: 

We are hiring an MS student to examine whether foraging behavior metrics, like grazing bout duration and velocity while grazing, predict diet quality and average daily weight gain of beef cows on central Arizona rangelands",True,0.85,Graduate Assistantship,Agriculture,0.0,[],False,,2026-02-19T18:11:55.167681+00:00,scrape_20260219_181116_cb92cc01,2.0,2026-02-19T18:11:55.167681+00:00,2026-02-19T18:11:55.167681+00:00,Agriculture,Forestry and Habitat,rule,27500.0,1.0,27500.0,analytics_backfill,False,,,,,,,,,,,,,,,
Several MS positions in Applied Ecology and Conservation Biology - Frostburg State University,Frostburg State University (State),"Frostburg State University (Frostburg, Maryland)","$9,000 to $15,000 per year",between 8/11/2025 and 8/18/2025,01/17/2025,Graduate Opportunities,,,,,,,True,0.85,Masters Position,Other,,,,,,,,2025-07-11T10:29:13.350435,2025-07-11T10:29:13.350435,Other,,rule,9000.0,1.15,7826.08695652174,source_data,True,Maryland,US,Southeast,-8570958808494379428,,,,,,,,,,"{""min_salary"": null, ""max_salary"": null, ""salary_text"": """"}","{""full_location"": ""Frostburg State University (Frostburg, Maryland)"", ""city"": ""Frostburg State University"", ""state"": null, ""cleaned_location"": ""Frostburg State University""}"
Several MS positions in Applied Ecology and Conservation Biology,Frostburg State University (State),"Frostburg State University (Frostburg, Maryland)",,between 8/11/2025 and 8/18/2025,01/17/2025,"[""Graduate Opportunities""]",https://jobs.rwfm.tamu.edu/view/102817/,"Several MS positions in Applied Ecology and Conservation Biology - Frostburg State University
Frostburg State University (State)
Application Deadline:
08/01/2025
Published:
01/17/2025
Starting Date:
between 8/11/2025 and 8/18/2025
Ending Date:
between 5/21/2027 and 8/13/2027
Hours per Week:
at least 40
Salary:
$9,000 to $15,000 per year
Education Required:
Bachelors
Experience Required:
none
Location:
Frostburg State University (Frostburg, Maryland)
Tags:
Graduate Opportunities
5 months ago
Open in New Window",,,,08/01/2025,True,0.85,Masters Position,Other,,,,,2025-07-13T14:46:06.318528+00:00,,4.0-targeted,2025-07-13T14:47:11.245016+00:00,,Other,,rule,,,,,True,Maryland,US,,,102817,"$9,000 to $15,000 per year",at least 40,Bachelors,none,,,2026-02-19T18:06:18.298934+00:00,GraduatePositionDetector,,
Ph.D/MS Positions: Coastal/Urban wetland ecology - School of Ecology and Nature Conservation - Beijing Forestry University,Beijing Forestry University (Private),"QingHua Street, HaiDian District, Beijing Forestry University (Beijing, China)","$5,000 to $6,000 per year",after 9/1/2026,01/15/2026,Graduate Opportunities,https://jobs.rwfm.tamu.edu/view-job/?id=112393,"Ph.D/MS Positions: Coastal/Urban wetland ecology - School of Ecology and Nature Conservation - Beijing Forestry University
Beijing Forestry University (Private) | https://ic.bjfu.edu.cn/
Details
Posting:
https://zrbhq.bjfu.edu.cn/szdw/zrjs/sdstx1/390229.html
Application Deadline:
03/03/2026
Published:
01/15/2026
Starting Date:
after 9/1/2026
Ending Date:
before 7/15/2030
Hours per Week:
28 - 40
Salary:
$5,000 to $6,000 per year
Education Required:
Bachelors
Experience Required:
at least 1 year
Location:
QingHua Street, HaiDian District, Beijing Forestry University (Beijing, China)
Tags:
Graduate Opportunities
Description
Position Description: We are recruiting one M.S. student/one Ph.D. student to conduct research on “wetland ecology”. Our research team is dedicated to exploring various aspects of wetland ecology. Our main research areas include the eco-hydrological processes of coastal wetlands, biodiversity in Beijing, and the ecology of wetlands in Beijing. We strive to understand the complex relationships between wetland ecosystems and their surrounding environments by field study and modeling, aiming to contribute to the conservation and sustainable management of wetland resources.
By joining our team, students will have the opportunity to work with experienced researchers and use advanced research facilities. They will be immersed in a vibrant academic atmosphere and engage in in-depth studies on wetland ecology, which is of great significance in today's context of environmental protection and ecological restoration.

Key Responsibilities 
For Ph.D. Students:
·        Conduct in-depth research on specific topics within the scope of our team's research areas, such as detailed investigations into the mechanisms of eco-hydrological processes in coastal wetlands or comprehensive analyses of the biodiversity patterns in Beijing's wetlands.
·        Design and implement scientific experiments, collect and analyze relevant data accurately using appropriate research methods and techniques.
·        Keep up-to-date with the latest research advancements in wetland ecology both domestically and internationally, and contribute to the academic progress of the field through publishing high-quality research papers in renowned academic journals.
·        Participate in academic seminars, workshops, and collaborative projects within the team and with other relevant institutions, actively sharing ideas and insights.
For M.S. Students:
·        Assist in research projects related to wetland ecology, such as helping with field investigations of Beijing's wetland ecosystems or data collection for studies on wetland biodiversity.
·        Learn and apply basic research methods and techniques in wetland ecology, including data analysis software and field sampling procedures.
·        Participate in regular team discussions and academic activities, presenting their own research progress and ideas, and learning from the experiences of others.
·        Complete a master's thesis with high quality based on their research work during the study period, demonstrating their understanding and achievements in wetland ecology research.

Qualifications Required：
M.S. Assistantship:  
·        B.S. in ecology, wildlife biology, natural resources, or related discipline 
·        A minimum grade point average (GPA) of 3.0 (on a 4.0 scale)  
·        Some experience in field experiments or indoor experiments related to wetland ecology is preferred. Familiarity with at least one of the research methods such as meta-analysis, remote sensing interpretation, or hydrological models would be advantageous.
·        Basic skills in programming languages like GIS, R, or Python. Having the ability to use these tools for simple data analysis tasks, such as data cleaning, visualization, or basic statistical analysis in the context of wetland ecology research.
·        Good English communication skills, both written and spoken, to participate in academic discussions, read relevant literature, and write reports or theses.
·        A strong sense of responsibility and the ability to follow instructions carefully. Master's students will be involved in various research tasks under the guidance of supervisors, so being reliable and detail-oriented is important.

Ph.D. Assistantship:  
·        M.S. in ecology, wildlife biology, natural resources, or related discipline 
·        A minimum grade point average (GPA) of 3.0 (on a 4.0 scale)  
·        Strong background in ecological sciences or related fields, with a solid understanding of wetland ecosystems and their ecological processes.
·        Demonstrated experience in conducting field experiments, indoor experiments, meta-analysis, remote sensing interpretation, and using hydrological models. Proficiency in applying these research methods to address complex ecological questions is highly desirable.
·        Advanced skills in programming languages such as GIS (Geographic Information System), R, and Python. Experience in using these tools for data analysis, spatial analysis, and modeling related to wetland ecology is a plus. For example, being able to use GIS to analyze wetland spatial distribution patterns, R or Python for statistical analysis of ecological data.
·        Excellent written and oral communication skills in English, as doctoral students are expected to publish their research findings in international academic journals and present at conferences.
·        Ability to work independently and as part of a team. Doctoral research often requires self-motivation and the ability to collaborate effectively with team members, advisors, and other researchers in the field.

Preferred Qualifications
·        A proven track record of publishing research papers in internationally renowned academic journals within the field of ecology or related disciplines. Papers demonstrating in-depth research on topics such as wetland ecosystems, ecological processes, or environmental studies will be highly regarded.
·        Demonstrated strong motivation and ambition to pursue high-quality research output with the goal of publishing in top-tier international journals. This includes a proactive attitude towards identifying novel research questions, conducting rigorous experiments and analyses, and effectively communicating research findings.
·        Familiarity with the manuscript submission and review processes of leading international academic journals. Understanding the requirements and standards of these journals will enable students to prepare and present their work in a manner that meets the high expectations of the editorial boards.

Stipend/Salary:  
(M.S.) 3000RMB /month stipend and other benefits includes full tuition and accommodation waiver and medical insurance
 (Ph.D.) 3500RMB /month stipend and other benefits includes full tuition and accommodation waiver and medical insurance

For application related questions: admission@bjfu.edu.cn 
Contact
Prof Zhang Zhenming
jkliu@bjfu.edu.cn (preferred contact method)","Position Description: We are recruiting one M.S. student/one Ph.D. student to conduct research on “wetland ecology”. Our research team is dedicated to exploring various aspects of wetland ecology. Our main research areas include the eco-hydrological processes of coastal wetlands, biodiversity in Beijing, and the ecology of wetlands in Beijing. We strive to understand the complex relationships between wetland ecosystems and their surrounding environments by field study and modeling, aiming to contribute to the conservation and sustainable management of wetland resources.
By joining our team, students will have the opportunity to work with experienced researchers and use advanced research facilities. They will be immersed in a vibrant academic atmosphere and engage in in-depth studies on wetland ecology, which is of great significance in today's context of environmental protection and ecological restoration.

Key Responsibilities 
For Ph.D. Students:
·        Conduct in-depth research on specific topics within the scope of our team's research areas, such as detailed investigations into the mechanisms of eco-hydrological processes in coastal wetlands or comprehensive analyses of the biodiversity patterns in Beijing's wetlands.
·        Design and implement scientific experiments, collect and analyze relevant data accurately using appropriate research methods and techniques.
·        Keep up-to-date with the latest research advancements in wetland ecology both domestically and internationally, and contribute to the academic progress of the field through publishing high-quality research papers in renowned academic journals.
·        Participate in academic seminars, workshops, and collaborative projects within the team and with other relevant institutions, actively sharing ideas and insights.
For M.S. Students:
·        Assist in research projects related to wetland ecology, such as helping with field investigations of Beijing's wetland ecosystems or data collection for studies on wetland biodiversity.
·        Learn and apply basic research methods and techniques in wetland ecology, including data analysis software and field sampling procedures.
·        Participate in regular team discussions and academic activities, presenting their own research progress and ideas, and learning from the experiences of others.
·        Complete a master's thesis with high quality based on their research work during the study period, demonstrating their understanding and achievements in wetland ecology research.

Qualifications Required：
M.S. Assistantship:  
·        B.S. in ecology, wildlife biology, natural resources, or related discipline 
·        A minimum grade point average (GPA) of 3.0 (on a 4.0 scale)  
·        Some experience in field experiments or indoor experiments related to wetland ecology is preferred. Familiarity with at least one of the research methods such as meta-analysis, remote sensing interpretation, or hydrological models would be advantageous.
·        Basic skills in programming languages like GIS, R, or Python. Having the ability to use these tools for simple data analysis tasks, such as data cleaning, visualization, or basic statistical analysis in the context of wetland ecology research.
·        Good English communication skills, both written and spoken, to participate in academic discussions, read relevant literature, and write reports or theses.
·        A strong sense of responsibility and the ability to follow instructions carefully. Master's students will be involved in various research tasks under the guidance of supervisors, so being reliable and detail-oriented is important.

Ph.D. Assistantship:  
·        M.S. in ecology, wildlife biology, natural resources, or related discipline 
·        A minimum grade point average (GPA) of 3.0 (on a 4.0 scale)  
·        Strong background in ecological sciences or related fields, with a solid understanding of wetland ecosystems and their ecological processes.
·        Demonstrated experience in conducting field experiments, indoor experiments, meta-analysis, remote sensing interpretation, and using hydrological models. Proficiency in applying these research methods to address complex ecological questions is highly desirable.
·        Advanced skills in programming languages such as GIS (Geographic Information System), R, and Python. Experience in using these tools for data analysis, spatial analysis, and modeling related to wetland ecology is a plus. For example, being able to use GIS to analyze wetland spatial distribution patterns, R or Python for statistical analysis of ecological data.
·        Excellent written and oral communication skills in English, as doctoral students are expected to publish their research findings in international academic journals and present at conferences.
·        Ability to work independently and as part of a team. Doctoral research often requires self-motivation and the ability to collaborate effectively with team members, advisors, and other researchers in the field.

Preferred Qualifications
·        A proven track record of publishing research papers in internationally renowned academic journals within the field of ecology or related disciplines. Papers demonstrating in-depth research on topics such as wetland ecosystems, ecological processes, or environmental studies will be highly regarded.
·        Demonstrated strong motivation and ambition to pursue high-quality research output with the goal of publishing in top-tier international journals. This includes a proactive attitude towards identifying novel research questions, conducting rigorous experiments and analyses, and effectively communicating research findings.
·        Familiarity with the manuscript submission and review processes of leading international academic journals. Understanding the requirements and standards of these journals will enable students to prepare and present their work in a manner that meets the high expectations of the editorial boards.

Stipend/Salary:  
(M.S.) 3000RMB /month stipend and other benefits includes full tuition and accommodation waiver and medical insurance
 (Ph.D.) 3500RMB /month stipend and other benefits includes full tuition and accommodation waiver and medical insurance

For application related questions: admission@bjfu.edu.cn","student to conduct research on “wetland ecology”. Our research team is dedicated to exploring various aspects of wetland ecology. Our main research areas include the eco-hydrological processes of coastal wetlands, biodiversity in Beijing, and the ecology of wetlands in Beijing",,"03/03/2026
Published:
01/15/2026
Starting Date:
after 9/1/2026
Ending Date:
before 7/15/2030
Hours per Week:
28 - 40
Salary:
$5,000 to $6,000 per year
Education Required:
Bachelors
Experience Required:
at least 1 year
Location:
QingHua Street, HaiDian District, Beijing Forestry University (Beijing, China)
Tags:
Graduate Opportunities
Description
Position Description: We are recruiting one M",True,0.85,Masters Position,Forestry and Habitat,0.159,"[""wildlife"", ""ecosystem"", ""biodiversity"", ""wetland""]",False,,2026-02-19T18:12:17.674676+00:00,scrape_20260219_181116_cb92cc01,2.0,2026-02-19T18:12:17.674676+00:00,2026-02-19T18:12:17.674676+00:00,Forestry and Habitat,Wildlife,rule,5000.0,1.05,4761.9,analytics_backfill,False,,,,,,,,,,,,,,,
PhD Graduate Assistantship,University of Missouri (State),"Columbia, Missouri","starting at $28,000 per year",after 5/18/2026,01/14/2026,Graduate Opportunities,https://jobs.rwfm.tamu.edu/view-job/?id=112427,"PhD Graduate Assistantship
University of Missouri (State)
Details
Posting:
https://www.mosilviculture.com/
Application Deadline:
02/28/2026
Published:
01/14/2026
Starting Date:
after 5/18/2026
Hours per Week:
at least 20
Salary:
starting at $28,000 per year
Education Required:
Masters
Experience Required:
none
Location:
Columbia, Missouri
Tags:
Graduate Opportunities
Description
A doctoral Graduate Research Assistantship is available in the School of Natural Resources, University of Missouri with advisor Dr. Benjamin Knapp (Associate Professor of Silviculture). The successful applicant will develop and lead research on oak woodland restoration in north-central Pennsylvania. The project will include a large field experiment evaluating effectiveness of restoration treatments that include prescribed burning, herbicide, mastication, timber harvest, and deer fencing, with interest in how treatments affect understory plant communities, tree populations, and fire behavior/fire effects associated with prescribed burning. The project will also characterize structure and composition across stands with different treatment histories to refine management targets and develop realistic desired conditions of oak woodlands in this region. This project is in collaboration with the Pennsylvania Game Commission and will provide opportunity for close collaboration with Game Commission foresters. 

Applicants must have a Masters of Science degree in Forestry, Ecology, Natural Resources, Environmental Sciences, or a related field. Applicants must have a strong desire to work in the field and be capable of traveling between Pennsylvania field sites and the University of Missouri campus in Columbia, MO (travel costs covered by the project). The candidate will be responsible for publishing results in peer-reviewed journals and management guides to the Pennsylvania Game Commission. Applicants should have strong skills with field work, data management and analysis, and written and oral communication. To apply, submit the following to Dr. Benjamin Knapp (knappb@missouri.edu): 

1)      personal statement of career goals
2)      resume or curriculum vitae
3)      transcripts (unofficial)
4)      contact information for three references

The GRA will provide an annual stipend of $28,000, a tuition waiver, and the option of health insurance coverage. The position will start May 2026. Applications will be reviewed as they are received until the position is filled. Additional information about the University of Missouri School of Natural Resources graduate program can be found at https://snr.missouri.edu/graduate-studies/. 

Contact
Benjamin Knapp
573-882-0867
knappb@missouri.edu (preferred contact method)","Hours per Week:
at least 20
Salary:
starting at $28,000 per year
Education Required:
Masters
Experience Required:
none","com/
Application Deadline:
02/28/2026
Published:
01/14/2026
Starting Date:
after 5/18/2026
Hours per Week:
at least 20
Salary:
starting at $28,000 per year
Education Required:
Masters
Experience Required:
none
Location:
Columbia, Missouri
Tags:
Graduate Opportunities
Description
A doctoral Graduate Research Assistantship is available in the School of Natural Resources, University of Missouri with advisor Dr. The successful applicant will develop and lead research on oak woodland restoration in north-central Pennsylvania",,"02/28/2026
Published:
01/14/2026
Starting Date:
after 5/18/2026
Hours per Week:
at least 20
Salary:
starting at $28,000 per year
Education Required:
Masters
Experience Required:
none
Location:
Columbia, Missouri
Tags:
Graduate Opportunities
Description
A doctoral Graduate Research Assistantship is available in the School of Natural Resources, University of Missouri with advisor Dr",True,0.85,Graduate Assistantship,Forestry and Habitat,0.0,[],False,,2026-02-19T18:11:48.984008+00:00,scrape_20260219_181116_cb92cc01,2.0,2026-02-19T18:11:48.984008+00:00,2026-02-19T18:11:48.984008+00:00,Forestry and Habitat,Wildlife,rule,28000.0,0.85,32941.18,analytics_backfill,True,Missouri,US,,,,,,,,,,,,,
Graduate Assistantship (Master): Crop Physiology and Environmental Stress,Oregon institute of technology (State),"Oregon Tech (Klamath Falls, Oregon)","starting at $15,000 per year",before 9/15/2026,01/12/2026,Graduate Opportunities,https://jobs.rwfm.tamu.edu/view-job/?id=112224,"Graduate Assistantship (Master): Crop Physiology and Environmental Stress
Oregon institute of technology (State)
Details
Application Deadline:
03/31/2026
Published:
01/12/2026
Starting Date:
before 9/15/2026
Ending Date:
after 6/15/2028
Hours per Week:
at least 40
Salary:
starting at $15,000 per year
Education Required:
Bachelors
Experience Required:
none
Location:
Oregon Tech (Klamath Falls, Oregon)
Tags:
Graduate Opportunities
Description
I am seeking two motivated master’s students with an interest in crop physiology and environmental stress research. Our research program focuses on understanding how plants perceive and adapt to adverse environmental conditions, with the ultimate goal of protecting crops and mitigating damage caused by environmental stress.

Tomato will be used as the primary research model, as it is both one of the most important vegetable crops worldwide and an excellent model plant for environmental science research. Students will grow tomato plants in our greenhouse, harvest fruits at the mature green stage, and store them under different temperature conditions to investigate the effects of heat stress on fruit ripening.

Project 1: Stable Carbon Isotope Fractionation and Fruit Respiration
One student will focus on developing a novel approach using stable carbon isotope fractionation to monitor the effects of heat stress on fruit respiration pathways, which are closely linked to fruit productivity. Although stable isotope fractionation is widely used in geochemistry, it has rarely been applied to the study of fruit ripening. This approach will provide a multidimensional perspective on how heat stress influences fruit respiratory metabolism. This project includes a collaboration with Rice University, where the student will spend approximately one week each year conducting specialized isotope measurements.

Project 2: Role of Abscisic Acid (ABA) in Heat Stress Tolerance
The second student will investigate the role of the plant hormone abscisic acid (ABA) in tomato plant development and fruit ripening, with a particular focus on its involvement in heat stress responses and resistance mechanisms. This project will compare wild-type tomatoes with mutant lines that have reduced or enhanced ABA accumulation in fruits, with the goal of understanding how ABA influences fruit survival under heat stress conditions.

Through two years of research training, students will gain a strong foundation in the concepts and techniques of environmental stress research, develop proficiency with relevant laboratory and greenhouse instrumentation, and acquire skills essential for careers in environmental science research, agricultural chemistry, and environmental monitoring.

Funding and Qualifications
Prospective students with an interest in agricultural chemistry are encouraged to apply. Students will be supported as teaching assistants, receiving a $15,000 annual stipend and $7,000 in tuition remission, distributed equally across the three academic terms.

Applicants should have a bachelor’s degree in chemistry, biology, agriculture, environmental science, or a related discipline, along with strong written and verbal communication skills and the ability to work both independently and as part of a research team.

Application Process
Applications will be reviewed on a rolling basis, with the position closing on March 31, 2026. The anticipated start date is September 2026.

Please submit one PDF file containing a cover letter, curriculum vitae, transcripts, and the names and contact information of three references to:

Dr. Bing Yuan (Assistant Professor, Oregon Institute of Technology)
Email: bing.yuan@oit.edu

Contact
Bing Yuan
713-997-0857
bing.yuan@oit.edu (preferred contact method)","Funding and Qualifications
Prospective students with an interest in agricultural chemistry are encouraged to apply. Students will be supported as teaching assistants, receiving a $15,000 annual stipend and $7,000 in tuition remission, distributed equally across the three academic terms.","Graduate Assistantship (Master): Crop Physiology and Environmental Stress
Oregon institute of technology (State)
Details
Application Deadline:
03/31/2026
Published:
01/12/2026
Starting Date:
before 9/15/2026
Ending Date:
after 6/15/2028
Hours per Week:
at least 40
Salary:
starting at $15,000 per year
Education Required:
Bachelors
Experience Required:
none
Location:
Oregon Tech (Klamath Falls, Oregon)
Tags:
Graduate Opportunities
Description
I am seeking two motivated master’s students with an interest in crop physiology and environmental stress research. Our research program focuses on understanding how plants perceive and adapt to adverse environmental conditions, with the ultimate goal of protecting crops and mitigating damage caused by environmental stress. Tomato will be used as the primary research model, as it is both one of the most important vegetable crops worldwide and an excellent model plant for environmental science research",,"03/31/2026
Published:
01/12/2026
Starting Date:
before 9/15/2026
Ending Date:
after 6/15/2028
Hours per Week:
at least 40
Salary:
starting at $15,000 per year
Education Required:
Bachelors
Experience Required:
none
Location:
Oregon Tech (Klamath Falls, Oregon)
Tags:
Graduate Opportunities
Description
I am seeking two motivated master’s students with an interest in crop physiology and environmental stress research",True,0.85,Graduate Assistantship,Agriculture,0.159,"[""environmental science"", ""environmental monitoring""]",True,University of Oregon,2026-02-19T18:11:49.031696+00:00,scrape_20260219_181116_cb92cc01,2.0,2026-02-19T18:11:49.031696+00:00,2026-02-19T18:11:49.031696+00:00,Agriculture,Environmental Sciences,rule,15000.0,1.1,13636.36,analytics_backfill,True,Oregon,US,,,,,,,,,,,,,
Animal Microbiome PhD or MS student,Old Dominion University (State),"Norfolk, Virginia",Commensurate / Negotiable,after 8/15/2026,01/05/2026,Graduate Opportunities,https://jobs.rwfm.tamu.edu/view-job/?id=111954,"Animal Microbiome PhD or MS student
Old Dominion University (State) | https://www.odu.edu/biological-sciences
Details
Posting:
https://www.lauragrieneisen.com/join-the-lab-1
Application Deadline:
04/01/2026
Published:
01/05/2026
Starting Date:
after 8/15/2026
Hours per Week:
at least 40
Salary:
Commensurate / Negotiable
Education Required:
Bachelors
Experience Required:
none
Location:
Norfolk, Virginia
Tags:
Graduate Opportunities
Description
The Wild Animal Microbiome Science Lab (PI Dr. Laura Grieneisen) at Old Dominion University is recruiting graduate students for Fall 2026. 
 Our lab studies longitudinal microbiome dynamics within a behavioral ecology context, using a range of local and global systems. Current projects include:  
1.     Social behavior and microbial sharing in red-bellied lemurs in Madagascar
2.     Microbial acquisition and transmission in avian systems
3.     Social, environmental, and host genetic effects on microbial dynamics in mammal systems
See https://www.lauragrieneisen.com/research for more details. 
 Timeline. 
If you are interested in a graduate position, please reach out to lgrienei@odu.edu with the following information: 
1.     A cover letter that gives an overview of your background, your specific research interests, and why you are interested in joining the lab. Research projects in the lab generally involve a mix of fieldwork, wet lab, and R. You do not need to have background in all three. 
2.     An unofficial college transcript
3.     Your CV
 Applications to the ODU MS and PhD programs are due 1 February 2026. See links for more info on the MS (https://www.odu.edu/biological-sciences/academics/masters) and PhD (https://www.odu.edu/academics/programs/doctoral/ecological-sciences) programs. You are highly encouraged to email PI Grieneisen before 1 Feb. 
 Location. 
The Department of Biological Sciences at Old Dominion University is located in historic Norfolk, VA. Norfolk is an affordable and diverse city, with easy access to world-class museums, history, and beaches. 
Contact
Dr. Laura Grieneisen
lgrienei@odu.edu (preferred contact method)","Hours per Week:
at least 40
Salary:
Commensurate / Negotiable
Education Required:
Bachelors
Experience Required:
none","com/research for more details. A cover letter that gives an overview of your background, your specific research interests, and why you are interested in joining the lab. Research projects in the lab generally involve a mix of fieldwork, wet lab, and R",,"04/01/2026
Published:
01/05/2026
Starting Date:
after 8/15/2026
Hours per Week:
at least 40
Salary:
Commensurate / Negotiable
Education Required:
Bachelors
Experience Required:
none
Location:
Norfolk, Virginia
Tags:
Graduate Opportunities
Description
The Wild Animal Microbiome Science Lab (PI Dr",True,0.85,PhD Position,Wildlife,0.0,[],False,,2026-02-19T18:11:49.093735+00:00,scrape_20260219_181116_cb92cc01,2.0,2026-02-19T18:11:49.093735+00:00,2026-02-19T18:11:49.093735+00:00,Wildlife,,rule,,,,,True,Virginia,US,,,,,,,,,,,,,
