title,organization,location,salary,starting_date,published_date,tags,url,description,requirements,project_details,contact_info,application_deadline,is_graduate_position,grad_confidence,position_type,discipline,discipline_confidence,discipline_keywords,is_big10_university,university_name,scraped_at,scrape_run_id,scraper_version
Master's Student Assistantship - Grotto Sculpin Movement and Monitoring,"School of Natural Resources, University of Missouri (Federal)","105 Anheuser Busch Natural Resources Building (Columbia, Missouri)","starting at $27,000 per year",between 1/4/2027 and 1/22/2027,09/15/2026,Graduate Opportunities,https://jobs.rwfm.tamu.edu/view-job/?id=118808,"Master's Student Assistantship - Grotto Sculpin Movement and Monitoring
School of Natural Resources, University of Missouri (Federal) | http://www.aquaticdiversity.com
Details
Posting:
https://www.aquaticdiversity.com/current-opportunities
Application Deadline:
10/09/2026
Published:
09/15/2026
Starting Date:
between 1/4/2027 and 1/22/2027
Hours per Week:
40
Salary:
starting at $27,000 per year
Education Required:
Bachelors
Experience Required:
none
Location:
105 Anheuser Busch Natural Resources Building (Columbia, Missouri)
Tags:
Graduate Opportunities
Description
Location: Missouri Cooperative Fish and Wildlife Research Unit, School of Natural Resources, University of Missouri; Columbia, Missouri 

Start date: January 2027, but flexible based on funding approval and student availability

Responsibilities:
1. Develop a standardized, long-term monitoring strategy for Grotto Sculpin to aid the USFWS with species recovery actions
2. Conduct a mark-recapture and movement study of Grotto Sculpin to explore demographic and movement patterns

Background: This exciting project is part of a larger effort by state, university, and federal partners to advance recovery actions for Grotto Sculpin, a federally threatened and cave-adapted fish species known from only 5 cave systems in southeastern Missouri. The successful applicant will pursue their master’s degree at the University of Missouri while developing valuable field, writing, quantitative, and professional skills.

Qualifications: Undergraduate degree in natural resources or related field, strong written and verbal communication abilities, ability to work effectively in a team with agency biologists, and a passion for conservation of aquatic species. Preferred qualifications include a background in mark-recapture analysis, occupancy analysis, experience with passive integrated transponder tags and antennas, interest in cave ecology, good organizational skills, and ability to develop strong quantitative skills. This is a field-based project and will require sampling in subterranean systems, an ability to move through confined spaces, and leading/coordinating hourly field technicians.

Stipend: $27,000/year plus benefits and tuition waiver. Position will ideally be for 2.5 years but will be based on funding allocations and student performance.

Closing date: Review of applications will begin immediately and continue until the position is filled, but preference will be given to applications received by October 9, 2026.

Contact: Send letter of interest, resume or CV, unofficial transcripts, and contact information for three references to Jacob Westhoff, Missouri Cooperative Research Unit, University of Missouri-Columbia. 573-884-8464; westhoffj@missouri.edu; https://www.aquaticdiversity.com/
Contact
Jacob Westhoff
5738848464
westhoffj@umsystem.edu (preferred contact method)","Hours per Week:
40
Salary:
starting at $27,000 per year
Education Required:
Bachelors
Experience Required:
none","com/current-opportunities
Application Deadline:
10/09/2026
Published:
09/15/2026
Starting Date:
between 1/4/2027 and 1/22/2027
Hours per Week:
40
Salary:
starting at $27,000 per year
Education Required:
Bachelors
Experience Required:
none
Location:
105 Anheuser Busch Natural Resources Building (Columbia, Missouri)
Tags:
Graduate Opportunities
Description
Location: Missouri Cooperative Fish and Wildlife Research Unit, School of Natural Resources, University of Missouri; Columbia, Missouri 

Start date: January 2027, but flexible based on funding approval and student availability

Responsibilities:
1. Contact: Send letter of interest, resume or CV, unofficial transcripts, and contact information for three references to Jacob Westhoff, Missouri Cooperative Research Unit, University of Missouri-Columbia",,"10/09/2026
Published:
09/15/2026
Starting Date:
between 1/4/2027 and 1/22/2027
Hours per Week:
40
Salary:
starting at $27,000 per year
Education Required:
Bachelors
Experience Required:
none
Location:
105 Anheuser Busch Natural Resources Building (Columbia, Missouri)
Tags:
Graduate Opportunities
Description
Location: Missouri Cooperative Fish and Wildlife Research Unit, School of Natural Resources, University of Missouri; Columbia, Missouri 

Start date: January 2027, but flexible based on funding approval and student availability

Responsibilities:
1",True,0.9,Graduate,Unknown,0.0,[],False,,2026-09-20T08:53:53.470898+00:00,scrape_20260920_085322_f5d35acf,2.0
Cornell K. Lisa Yang Center for Wildlife Health PhD Fellowship,Cornell K. Lisa Yang Center for Wildlife Health (State),"Ithaca, New York","$61,008 to $74,088 per year",before 9/16/2027,09/15/2026,Graduate Opportunities,https://jobs.rwfm.tamu.edu/view-job/?id=118804,"Cornell K. Lisa Yang Center for Wildlife Health PhD Fellowship
Cornell K. Lisa Yang Center for Wildlife Health (State)
Details
Posting:
https://www.vet.cornell.edu/education/biomedical-biological-sciences-bbs-phd-program/research-areas/wildlife-conservation
Application Deadline:
12/01/2026
Published:
09/15/2026
Starting Date:
before 9/16/2027
Hours per Week:
at most 40
Salary:
$61,008 to $74,088 per year
Education Required:
Doctorate
Experience Required:
at least 1 year
Location:
Ithaca, New York
Tags:
Graduate Opportunities
Description
During the 2027-2028 application cycle, we are able to offer one five-year PhD fellowship to a DVM seeking a PhD student focused on wildlife health. This fellowship is awarded through the Cornell University College of Veterinary Medicine's Biomedical & Biological Sciences (BBS) PhD Program.

A DVM seeking a PhD student who completes the first year of the program and successfully matches with a wildlife health faculty mentor following laboratory rotations will be eligible for appointment to the Cornell K. Lisa Yang Wildlife Health Graduate Fellowship.

This fellowship provides up to five years of support, beginning in the summer of the first year of study.

For more information about the PhD fellowship and how to apply (including some specific application requirements related to the fellowship), visit the BBS PhD Program website.

The 2027-2028 application cycle will open on September 15, 2026 and close on December 1, 2026. To apply, visit: https://www.vet.cornell.edu/education/biomedical-biological-sciences-bbs-phd-program/prospective-students/admissions

Contact
Dr. Steve Osofsky
s.osofsky@cornell.edu
contact via the web posting is preferred (see Details section)","During the 2027-2028 application cycle, we are able to offer one five-year PhD fellowship to a DVM seeking a PhD student focused on wildlife health. This fellowship is awarded through the Cornell University College of Veterinary Medicine's Biomedical & Biological Sciences (BBS) PhD Program.

A DVM seeking a PhD student who completes the first year of the program and successfully matches with a wildlife health faculty mentor following laboratory rotations will be eligible for appointment to the Cornell K. Lisa Yang Wildlife Health Graduate Fellowship.

This fellowship provides up to five years of support, beginning in the summer of the first year of study.

For more information about the PhD fellowship and how to apply (including some specific application requirements related to the fellowship), visit the BBS PhD Program website.

The 2027-2028 application cycle will open on September 15, 2026 and close on December 1, 2026. To apply, visit: https://www.vet.cornell.edu/education/biomedical-biological-sciences-bbs-phd-program/prospective-students/admissions","edu/education/biomedical-biological-sciences-bbs-phd-program/research-areas/wildlife-conservation
Application Deadline:
12/01/2026
Published:
09/15/2026
Starting Date:
before 9/16/2027
Hours per Week:
at most 40
Salary:
$61,008 to $74,088 per year
Education Required:
Doctorate
Experience Required:
at least 1 year
Location:
Ithaca, New York
Tags:
Graduate Opportunities
Description
During the 2027-2028 application cycle, we are able to offer one five-year PhD fellowship to a DVM seeking a PhD student focused on wildlife health",,"12/01/2026
Published:
09/15/2026
Starting Date:
before 9/16/2027
Hours per Week:
at most 40
Salary:
$61,008 to $74,088 per year
Education Required:
Doctorate
Experience Required:
at least 1 year
Location:
Ithaca, New York
Tags:
Graduate Opportunities
Description
During the 2027-2028 application cycle, we are able to offer one five-year PhD fellowship to a DVM seeking a PhD student focused on wildlife health",True,0.95,Graduate,Unknown,0.0,[],False,,2026-09-20T08:53:53.541126+00:00,scrape_20260920_085322_f5d35acf,2.0
Graduate Opportunity in Rodent-borne Infectious Disease Ecology,Washington State University (State),"Pullman, Washington","starting at $2,510 per month",before 9/1/2027,09/18/2026,Graduate Opportunities,https://jobs.rwfm.tamu.edu/view-job/?id=118881,"Graduate Opportunity in Rodent-borne Infectious Disease Ecology
Washington State University (State)
Details
Application Deadline:
12/01/2026
Published:
09/18/2026
Starting Date:
before 9/1/2027
Hours per Week:
at least 20
Salary:
starting at $2,510 per month
Education Required:
Bachelors
Experience Required:
none
Location:
Pullman, Washington
Tags:
Graduate Opportunities
Description
The Veterinary and Medical Ecology Lab at Washington State University is seeking a highly motivated, ambitious, and organized student (MS or PhD), who is interested in the epidemiology and ecology of rodent-borne diseases to start in August 2027. The successful candidate would join a growing team of veterinary and undergraduate students conducting research within a One Health context. The position would include field work in the Pacific Northwest, lab work in Pullman, Washington, and quantitative modelling.

If you’re interested, please email Andreas Eleftheriou (Andreas.Eleftheriou@wsu.edu) by November 1st, 2026, with subject line “Graduate Application Rodent Disease” and include 1) a statement of your research interests, relevant experience, and career goals, 2) unofficial academic transcripts and 3) a CV with contact information for three professional or academic references. Applications will be reviewed on a rolling basis and top candidates will be contacted via email for further guidance. The successful candidate will be asked to submit a formal application through the Multidisciplinary program in Infectious Disease at the College of Veterinary Medicine. 
Contact
Andreas Eleftheriou
andreas.eleftheriou@wsu.edu (preferred contact method)","Hours per Week:
at least 20
Salary:
starting at $2,510 per month
Education Required:
Bachelors
Experience Required:
none","The successful candidate would join a growing team of veterinary and undergraduate students conducting research within a One Health context. edu) by November 1st, 2026, with subject line “Graduate Application Rodent Disease” and include 1) a statement of your research interests, relevant experience, and career goals, 2) unofficial academic transcripts and 3) a CV with contact information for three professional or academic references",,"12/01/2026
Published:
09/18/2026
Starting Date:
before 9/1/2027
Hours per Week:
at least 20
Salary:
starting at $2,510 per month
Education Required:
Bachelors
Experience Required:
none
Location:
Pullman, Washington
Tags:
Graduate Opportunities
Description
The Veterinary and Medical Ecology Lab at Washington State University is seeking a highly motivated, ambitious, and organized student (MS or PhD), who is interested in the epidemiology and ecology of rodent-borne diseases to start in August 2027",True,0.95,Graduate,Unknown,0.0,[],True,University of Washington,2026-09-20T08:53:53.611705+00:00,scrape_20260920_085322_f5d35acf,2.0
PhD assistantship in genomics and disease ecology,Auburn University (State),"Auburn, Alabama","starting at $30,000 per year",after 1/1/2027,09/18/2026,Graduate Opportunities,https://jobs.rwfm.tamu.edu/view-job/?id=118343,"PhD assistantship in genomics and disease ecology
Auburn University (State) | https://www.auburn.edu
Details
Application Deadline:
11/15/2026
Published:
09/18/2026
Starting Date:
after 1/1/2027
Hours per Week:
at least 40
Salary:
starting at $30,000 per year
Education Required:
Masters
Experience Required:
none
Location:
Auburn, Alabama
Tags:
Graduate Opportunities
Description
I am looking to fill a fully funded PhD assistantship in the College of Forestry, Wildlife, and Environment at Auburn University, beginning January or May, 2027. Research in the Willoughby lab broadly examines how genetic and genomic variation shapes the persistence, evolution, and health of wild populations. Our work combines whole-genome sequencing, bioinformatics, experiments, and quantitative modeling to address questions in conservation genetics, evolutionary biology, and disease ecology. Additional information about our research and lab group is available on the Willoughby Lab website (https://willoughbylab.auburn.edu).
 The student will contribute to a newly funded project investigating brown-spot needle blight, an emerging threat to loblolly pine forests and timber production in the southeastern United States. This project continues a large interdisciplinary effort to characterize the fungi associated with the disease and understand its effects on pine growth and forest ecology. The student’s research will examine how genomic characteristics of pine-associated fungi, their responses to environmental stress, and fungal community composition contribute to variation in disease severity. The research will likely combine whole-genome sequencing, controlled experiments, RNA sequencing, and predictive modeling. The student will gain experience in fungal culturing, comparative genomics, bioinformatics, gene-expression analysis, and the integration of genomic, environmental, and ecological data. The precise emphasis of the dissertation can be shaped around the student’s interests within the broader goals of the funded project.
 The project is part of a large, interdisciplinary collaboration involving forest pathologists, geneticists, spatial scientists, extension specialists, graduate and undergraduate students, and scientists from Auburn University and the U.S. Forest Service. The ability and willingness to communicate across disciplines will therefore be important. The student should be interested in learning both laboratory and computational approaches and in connecting fundamental biological questions with an applied forest-health problem. Previous experience with molecular laboratory methods, fungal biology, genomics, bioinformatics, statistics, or programming is desirable, but applicants are not expected to arrive with experience in all—or even most—of these areas. Please do not self-select yourself out of applying. There are many ways to acquire the skills needed for a successful graduate experience, and the position is designed to provide training across laboratory, computational, and quantitative components of the research. More important qualifications include intellectual curiosity, persistence, a willingness to learn unfamiliar methods, clear communication, and the ability to work both independently and as part of a collaborative team.
 Auburn University is a very high research activity institution located in a mid-sized community in east-central Alabama. Auburn and neighboring Opelika offer a relatively low cost of living, restaurants, farmers markets, community events, and the Gogue Performing Arts Center. The nearby Kreher Preserve and Nature Center, Tuskegee National Forest, and other public lands provide year-round opportunities for outdoor recreation. Graduate students in the College of Forestry, Wildlife, and Environment receive a competitive stipend, tuition remission, and opportunities for professional development.
 I will interview prospective students before they submit a formal application to Auburn’s graduate program. Interested candidates should email Dr. Janna Willoughby at jwilloughby@auburn.edu with: 1) a brief description of their background and research interests;
2) an explanation of why this project interests them; and a PDF of their CV.
 Informal inquiries are welcome. Applications will be evaluated on a rolling basis and interviews are likely to occur no later than October 1, 2026.
Contact
Janna Willoughby
jwilloughby@auburn.edu (preferred contact method)","I am looking to fill a fully funded PhD assistantship in the College of Forestry, Wildlife, and Environment at Auburn University, beginning January or May, 2027. Research in the Willoughby lab broadly examines how genetic and genomic variation shapes the persistence, evolution, and health of wild populations. Our work combines whole-genome sequencing, bioinformatics, experiments, and quantitative modeling to address questions in conservation genetics, evolutionary biology, and disease ecology. Additional information about our research and lab group is available on the Willoughby Lab website (https://willoughbylab.auburn.edu).
 The student will contribute to a newly funded project investigating brown-spot needle blight, an emerging threat to loblolly pine forests and timber production in the southeastern United States. This project continues a large interdisciplinary effort to characterize the fungi associated with the disease and understand its effects on pine growth and forest ecology. The student’s research will examine how genomic characteristics of pine-associated fungi, their responses to environmental stress, and fungal community composition contribute to variation in disease severity. The research will likely combine whole-genome sequencing, controlled experiments, RNA sequencing, and predictive modeling. The student will gain experience in fungal culturing, comparative genomics, bioinformatics, gene-expression analysis, and the integration of genomic, environmental, and ecological data. The precise emphasis of the dissertation can be shaped around the student’s interests within the broader goals of the funded project.
 The project is part of a large, interdisciplinary collaboration involving forest pathologists, geneticists, spatial scientists, extension specialists, graduate and undergraduate students, and scientists from Auburn University and the U.S. Forest Service. The ability and willingness to communicate across disciplines will therefore be important. The student should be interested in learning both laboratory and computational approaches and in connecting fundamental biological questions with an applied forest-health problem. Previous experience with molecular laboratory methods, fungal biology, genomics, bioinformatics, statistics, or programming is desirable, but applicants are not expected to arrive with experience in all—or even most—of these areas. Please do not self-select yourself out of applying. There are many ways to acquire the skills needed for a successful graduate experience, and the position is designed to provide training across laboratory, computational, and quantitative components of the research. More important qualifications include intellectual curiosity, persistence, a willingness to learn unfamiliar methods, clear communication, and the ability to work both independently and as part of a collaborative team.
 Auburn University is a very high research activity institution located in a mid-sized community in east-central Alabama. Auburn and neighboring Opelika offer a relatively low cost of living, restaurants, farmers markets, community events, and the Gogue Performing Arts Center. The nearby Kreher Preserve and Nature Center, Tuskegee National Forest, and other public lands provide year-round opportunities for outdoor recreation. Graduate students in the College of Forestry, Wildlife, and Environment receive a competitive stipend, tuition remission, and opportunities for professional development.
 I will interview prospective students before they submit a formal application to Auburn’s graduate program. Interested candidates should email Dr. Janna Willoughby at jwilloughby@auburn.edu with: 1) a brief description of their background and research interests;
2) an explanation of why this project interests them; and a PDF of their CV.
 Informal inquiries are welcome. Applications will be evaluated on a rolling basis and interviews are likely to occur no later than October 1, 2026.","Research in the Willoughby lab broadly examines how genetic and genomic variation shapes the persistence, evolution, and health of wild populations. Additional information about our research and lab group is available on the Willoughby Lab website (https://willoughbylab. The student’s research will examine how genomic characteristics of pine-associated fungi, their responses to environmental stress, and fungal community composition contribute to variation in disease severity",,"11/15/2026
Published:
09/18/2026
Starting Date:
after 1/1/2027
Hours per Week:
at least 40
Salary:
starting at $30,000 per year
Education Required:
Masters
Experience Required:
none
Location:
Auburn, Alabama
Tags:
Graduate Opportunities
Description
I am looking to fill a fully funded PhD assistantship in the College of Forestry, Wildlife, and Environment at Auburn University, beginning January or May, 2027",False,0.9,Professional,Natural Resource Management,0.34,"['public lands', 'national forest', 'forest service', 'forestry', 'timber']",False,,2026-09-20T08:53:53.681170+00:00,scrape_20260920_085322_f5d35acf,2.0
Ph.D. Graduate Assistantship in Aquaculture Economics and Marketing,Texas A&M University (State),"College Station, Texas","up to $24,000 per year",after 1/4/2027,09/18/2026,Graduate Opportunities,https://jobs.rwfm.tamu.edu/view-job/?id=118887,"Ph.D. Graduate Assistantship in Aquaculture Economics and Marketing
Texas A&M University (State) | https://rwfm.tamu.edu/
Details
Application Deadline:
10/02/2026
Published:
09/18/2026
Starting Date:
after 1/4/2027
Hours per Week:
at least 20
Salary:
up to $24,000 per year
Education Required:
Masters
Experience Required:
none
Location:
College Station, Texas
Tags:
Graduate Opportunities
Description
 Ph.D. Graduate Assistantship in Aquaculture Economics and Marketing

A Ph.D. graduate assistantship is available beginning Spring 2027 in the Department of Rangeland, Wildlife and Fisheries Management at Texas A&M University under the supervision of Dr. Shraddha Hegde.

The student will pursue a Ph.D. in Rangeland, Wildlife and Fisheries Management, with research focused on aquaculture economics and seafood marketing.

Research

The student will work on a seafood marketing project examining U.S. consumer preferences and purchasing behavior for domestic farm-raised seafood. Research will focus on identifying consumer segments with strong preferences for domestic farm-raised seafood and examining consumer information sources, values, and retail decision-making to inform effective marketing strategies for U.S. aquaculture producers.

The student will gain experience in survey research, quantitative and econometric analysis, manuscript preparation, and conference presentations.

Qualifications

Applicants should have:

A thesis-based master's degree in Agricultural Economics, Applied Economics, Marketing, Fisheries/Aquaculture, or a related field
Minimum GPA of 3.0
Research experience
Interest in quantitative analysis, consumer research, and seafood/aquaculture marketing
Students with knowledge of U.S. aquaculture industry are preferred

Experience with econometrics, agricultural or food marketing, seafood/aquaculture research, academic writing, or conference presentations is preferred.

We are particularly interested in applicants who are curious, proactive, enthusiastic about research, and willing to learn.

Assistantship

The position provides a $24,000 annual stipend, full tuition support, and funding for three years. Health insurance benefits are available according to university policy. The student may serve as a Teaching Assistant for one to two semesters as part of their teaching and professional development.

How to Apply

Please email the following to Dr. Shraddha Hegde at shraddha@tamu.edu:

CV or resume
Cover letter describing your research background, master's thesis, research interests, and interest in this Ph.D. opportunity in your own original voice.
Unofficial undergraduate and graduate transcripts
Names and contact information for three references

Use the email subject line: Spring 2027 Ph.D. Assistantship, Seafood Marketing

Review of applications will begin immediately. Applications received by October 1, 2026 will receive priority consideration. The final application deadline is October 10, 2026.

Contact
Shraddha Hegde, Ph.D.
shraddha@tamu.edu (preferred contact method)","Hours per Week:
at least 20
Salary:
up to $24,000 per year
Education Required:
Masters
Experience Required:
none","in Rangeland, Wildlife and Fisheries Management, with research focused on aquaculture economics and seafood marketing. Research

The student will work on a seafood marketing project examining U. Research will focus on identifying consumer segments with strong preferences for domestic farm-raised seafood and examining consumer information sources, values, and retail decision-making to inform effective marketing strategies for U",,"10/02/2026
Published:
09/18/2026
Starting Date:
after 1/4/2027
Hours per Week:
at least 20
Salary:
up to $24,000 per year
Education Required:
Masters
Experience Required:
none
Location:
College Station, Texas
Tags:
Graduate Opportunities
Description
 Ph",True,0.95,Graduate,Unknown,0.0,[],False,,2026-09-20T08:53:53.752299+00:00,scrape_20260920_085322_f5d35acf,2.0
"Ph.D. Graduate Research Assistantship - Oyster Reef Ecology, Restoration, and Management",Texas A&M University-Corpus Christi (State),"Corpus Christi , Texas","$2,000 to $2,200 per month",between 5/15/2027 and 9/1/2027,09/17/2026,Graduate Opportunities,https://jobs.rwfm.tamu.edu/view-job/?id=118867,"Ph.D. Graduate Research Assistantship - Oyster Reef Ecology, Restoration, and Management
Texas A&M University-Corpus Christi (State) | HTTP://WWW.TAMUCC.EDU
Details
Application Deadline:
12/15/2026
Published:
09/17/2026
Starting Date:
between 5/15/2027 and 9/1/2027
Hours per Week:
20
Salary:
$2,000 to $2,200 per month
Education Required:
Bachelors
Experience Required:
none
Location:
Corpus Christi , Texas
Tags:
Graduate Opportunities
Description
The Coastal Conservation and Restoration Lab at the Harte Research Institute for Gulf of Mexico Studies (HRI), Texas A&M University–Corpus Christi (TAMU-CC), is recruiting a PhD student to investigate how oyster reef restoration and management influence reef condition and ecological function in Texas. The anticipated start date is Summer or Fall 2027.

The student will join a newly funded, multi-year research project conducted in collaboration with resource managers and research partners. The project will compare natural, restored, and actively managed oyster reefs to understand how restoration and management practices influence oyster populations, reef structure, and ecological function.

The PhD student will have substantial opportunities to develop and take ownership of dissertation questions within this broader framework. Potential research directions include oyster population and reef dynamics; restoration ecology; relationships between reef structure and ecological function; effects of restoration and harvest management; habitat support and associated macrofaunal communities; and development of ecological indicators and thresholds for oyster reef monitoring and management.

Field research will include quantitative diver surveys and standard dredge sampling to characterize oyster density, size structure, mortality, and live and dead shell. Research will compare these measures among natural, restored, and actively managed reefs and evaluate whether routine fishery-monitoring metrics can provide useful indicators of broader reef condition and ecological function. Additional research will evaluate macrofaunal communities and habitat support.

Qualifications: Applicants should have demonstrated research experience and a strong interest in oyster reef ecology, restoration ecology, benthic ecology, fisheries, or coastal science. We are particularly interested in students who enjoy taking ownership of research questions, work well both independently and collaboratively, and approach research challenges with initiative, persistence, and creative problem-solving.

An M.S. degree in marine science, ecology, biology, fisheries, environmental science, or a related field is preferred but not required for applicants with substantial equivalent research experience. Experience with field research, oyster or benthic ecology, quantitative analysis/R, scientific writing, small-boat fieldwork, or scientific diving is beneficial but not required. SCUBA certification and scientific diving experience are preferred but not required.

The successful applicant will pursue a PhD through the Coastal and Marine System Science (CMSS) or Marine Biology (MARB) program at TAMU-CC and will be based at HRI in Corpus Christi, Texas. The project will involve substantial field research in Galveston Bay.

Funding: The position includes a graduate research assistantship with a stipend of $2,000/month, increasing to $2,200/month upon advancement to candidacy, plus tuition, required fees, and health insurance.

To apply: Email Dr. Jennifer Beseres Pollack at jennifer.pollack@tamucc.edu with (1) a CV, (2) unofficial transcripts, and (3) a brief email describing your research background and interests and why this opportunity interests you. Review of applications will begin immediately. For full consideration, materials should be received by December 15, 2026; the position will remain open until filled.
Contact
Jennifer Pollack
jennifer.pollack@tamucc.edu (preferred contact method)","Hours per Week:
20
Salary:
$2,000 to $2,200 per month
Education Required:
Bachelors
Experience Required:
none","Graduate Research Assistantship - Oyster Reef Ecology, Restoration, and Management
Texas A&M University-Corpus Christi (State) | HTTP://WWW. EDU
Details
Application Deadline:
12/15/2026
Published:
09/17/2026
Starting Date:
between 5/15/2027 and 9/1/2027
Hours per Week:
20
Salary:
$2,000 to $2,200 per month
Education Required:
Bachelors
Experience Required:
none
Location:
Corpus Christi , Texas
Tags:
Graduate Opportunities
Description
The Coastal Conservation and Restoration Lab at the Harte Research Institute for Gulf of Mexico Studies (HRI), Texas A&M University–Corpus Christi (TAMU-CC), is recruiting a PhD student to investigate how oyster reef restoration and management influence reef condition and ecological function in Texas. The student will join a newly funded, multi-year research project conducted in collaboration with resource managers and research partners",,"12/15/2026
Published:
09/17/2026
Starting Date:
between 5/15/2027 and 9/1/2027
Hours per Week:
20
Salary:
$2,000 to $2,200 per month
Education Required:
Bachelors
Experience Required:
none
Location:
Corpus Christi , Texas
Tags:
Graduate Opportunities
Description
The Coastal Conservation and Restoration Lab at the Harte Research Institute for Gulf of Mexico Studies (HRI), Texas A&M University–Corpus Christi (TAMU-CC), is recruiting a PhD student to investigate how oyster reef restoration and management influence reef condition and ecological function in Texas",False,0.9,Professional,Fisheries & Aquatic Science,0.159,"['fish', 'fisheries', 'marine', 'coastal']",False,,2026-09-20T08:53:53.822174+00:00,scrape_20260920_085322_f5d35acf,2.0
"Ph.D. Graduate Research Assistantship - Environmental Flows, Water Quality & Estuarine Ecology",Texas A&M University-Corpus Christi (State),"Corpus Christi, Texas","$2,000 to $2,200 per month",between 5/15/2027 and 9/1/2027,09/17/2026,Graduate Opportunities,https://jobs.rwfm.tamu.edu/view-job/?id=118865,"Ph.D. Graduate Research Assistantship - Environmental Flows, Water Quality & Estuarine Ecology
Texas A&M University-Corpus Christi (State) | HTTP://WWW.TAMUCC.EDU
Details
Application Deadline:
12/15/2026
Published:
09/17/2026
Starting Date:
between 5/15/2027 and 9/1/2027
Hours per Week:
20
Salary:
$2,000 to $2,200 per month
Education Required:
Bachelors
Experience Required:
none
Location:
Corpus Christi, Texas
Tags:
Graduate Opportunities
Description
The Coastal Conservation and Restoration Lab and the Coastal Water Health Lab at the Harte Research Institute for Gulf of Mexico Studies (HRI), Texas A&M University–Corpus Christi (TAMU-CC), are recruiting a Ph.D. student to investigate how changing freshwater inflows influence water quality and estuarine ecosystems along the Texas coast. The anticipated start date is Summer or Fall 2027.

The student will join a newly funded, multi-year project evaluating environmental flows across Texas. The project combines a statewide assessment of post-Senate Bill 3 environmental flows with intensive ecological and water-quality monitoring in the Nueces Estuary, providing opportunities to investigate questions spanning coast-wide patterns to local ecological responses.

The Ph.D. student will have substantial opportunities to develop and take ownership of dissertation questions within this broader framework. Potential research directions include coast-wide patterns in freshwater inflows and environmental-flow attainment; relationships among freshwater inflows, salinity, nutrients, primary productivity, water quality, and benthic communities; long-term ecological change; and development of biological indicators to support environmental-flow assessment and adaptive management.

Field research will include monthly water-quality sampling, quarterly benthic and sediment sampling, and targeted sampling following major freshwater inflow events or water-management changes. The student will also work with historical and contemporary environmental datasets to examine relationships among freshwater inflows, water quality, and ecological responses.

Qualifications: Applicants should have demonstrated research experience and a strong interest in estuarine or coastal science, including areas such as water quality, biogeochemistry, benthic ecology, or aquatic ecology. We are particularly interested in students who enjoy taking ownership of research questions, work well both independently and collaboratively, and approach research challenges with initiative, persistence, and creative problem-solving.

An M.S. degree in marine science, ecology, biology, environmental science, or a related field is preferred but not required for applicants with substantial equivalent research experience. Experience with field research, water-quality monitoring, benthic ecology, quantitative analysis/R, scientific writing, or environmental datasets is beneficial but not required.

The successful applicant will pursue a Ph.D. through the Coastal and Marine System Science (CMSS) or the Marine Biology (MARB) program at TAMU-CC and will be based at HRI in Corpus Christi, Texas.

The position includes a graduate research assistantship with a stipend of $2,000/month, increasing to $2,200/month upon advancement to candidacy, plus tuition, required fees, and health insurance.

To apply: Email Dr. Jennifer Beseres Pollack with (1) a CV, (2) unofficial transcripts, and (3) a brief email describing your research background and interests and why this opportunity interests you. Review of applications will begin immediately. For full consideration, materials should be received by December 15, 2026; the position will remain open until filled.
Contact
Jennifer Pollack
jennifer.pollack@tamucc.edu (preferred contact method)","Hours per Week:
20
Salary:
$2,000 to $2,200 per month
Education Required:
Bachelors
Experience Required:
none","Graduate Research Assistantship - Environmental Flows, Water Quality & Estuarine Ecology
Texas A&M University-Corpus Christi (State) | HTTP://WWW. EDU
Details
Application Deadline:
12/15/2026
Published:
09/17/2026
Starting Date:
between 5/15/2027 and 9/1/2027
Hours per Week:
20
Salary:
$2,000 to $2,200 per month
Education Required:
Bachelors
Experience Required:
none
Location:
Corpus Christi, Texas
Tags:
Graduate Opportunities
Description
The Coastal Conservation and Restoration Lab and the Coastal Water Health Lab at the Harte Research Institute for Gulf of Mexico Studies (HRI), Texas A&M University–Corpus Christi (TAMU-CC), are recruiting a Ph. Potential research directions include coast-wide patterns in freshwater inflows and environmental-flow attainment; relationships among freshwater inflows, salinity, nutrients, primary productivity, water quality, and benthic communities; long-term ecological change; and development of biological indicators to support environmental-flow assessment and adaptive management",,"12/15/2026
Published:
09/17/2026
Starting Date:
between 5/15/2027 and 9/1/2027
Hours per Week:
20
Salary:
$2,000 to $2,200 per month
Education Required:
Bachelors
Experience Required:
none
Location:
Corpus Christi, Texas
Tags:
Graduate Opportunities
Description
The Coastal Conservation and Restoration Lab and the Coastal Water Health Lab at the Harte Research Institute for Gulf of Mexico Studies (HRI), Texas A&M University–Corpus Christi (TAMU-CC), are recruiting a Ph",True,0.95,Graduate,Fisheries & Aquatic Science,0.27,"['aquatic', 'marine', 'freshwater', 'estuary', 'coastal']",False,,2026-09-20T08:53:53.892212+00:00,scrape_20260920_085322_f5d35acf,2.0
Graduate Research Assistant (PhD),University of Wyoming (State),"Laramie, Wyoming","starting at $2,418 per month",between 5/10/2027 and 8/27/2027,09/17/2026,Graduate Opportunities,https://jobs.rwfm.tamu.edu/view-job/?id=118862,"Graduate Research Assistant (PhD)
University of Wyoming (State) | https://wyocoopunit.org/
Details
Application Deadline:
11/20/2026
Published:
09/17/2026
Starting Date:
between 5/10/2027 and 8/27/2027
Ending Date:
between 9/1/2032 and 9/1/2033
Hours per Week:
40
Salary:
starting at $2,418 per month
Education Required:
Bachelors
Experience Required:
at least 1 year
Location:
Laramie, Wyoming
Tags:
Graduate Opportunities
Description
 Ph.D. Graduate Research Assistantship at the Wyoming Cooperative Fish and Wildlife Research Unit, University of Wyoming 

https://www.uwyo.edu/zoology/index.html; https://wyocoopunit.org/labs/chalfoun-lab/; https://www.uwyo.edu/uw/degree-programs/ecology-evolution-phd.html; https://wyobird.org/

Application Deadline: Open until filled. 
Starting date: August 30, 2027 (or earlier) 
Stipend: $2,418/month; plus tuition, fees, health insurance 
Location: Laramie, WY USA (field work in western WY) 
 Description: 
 The Chalfoun lab within the Wyoming Cooperative Fish and Wildlife Research Unit, Department of Zoology and Physiology, and Program in Ecology and Evolution; in partnership with the Ricketts Conservation Fund has a vacancy for a doctoral Graduate Research Assistant for fall 2027 (or earlier). The student will be part of the Coop Unit, campus-wide doctoral Program in Ecology and Evolution, and the WYOBIRD initiative (https://wyobird.org/). 
 The project will focus on understanding how the demography of forest songbirds in the southern portion of the Greater Yellowstone Ecosystem differs across habitat treatments including prescribed fire, wildfire and thinning. The work will leverage several previous years of IMBCR survey and MAPS netting data, and entail on-going fieldwork including bird surveys, netting and banding, nest searching and monitoring of focal species, and habitat measurements.  
 Minimum Requirements/Qualifications: 

1.      B.S. or B.A. in wildlife biology, biology, ecology, or a related field 
2.      Some relevant field research experience 
3.      Undergraduate (and MS if applicable) GPA of ≥ 3.0 
4.      Commitment to fostering an inclusive and respectful work environment 
5.      Commitment to dissemination of research results via publication in peer-reviewed journals, and presentations at conferences and to project partners 
6.      Strong work ethic and ability to work well independently and collaboratively 
7.      Strong interest in research, avian ecology, and wildlife conservation 
8.      Ability and willingness to communicate respectfully with project partners and other colleagues/peers 
9.      Valid Driver’s License 
10.  Ability to hike within steep and varied terrain 
 Highly Desirable Qualifications:

1.   M.S. degree in wildlife biology, biology, ecology, or a related field 
2.   Strong quantitative skills and some statistical analysis experience 
3.   At least one peer-reviewed scientific publication 
4.   Experience with capture, safe handling, and banding of small birds 
5.   Strong writing skills 

To express interest: 
 Please email (1) a cover letter highlighting interests and qualifications, (2) CV, and (3) names and contact information (phone and email) for three potential professional references, aggregated in a single pdf document to: Dr. Anna Chalfoun, achalfou@uwyo.edu. Review of applications will begin immediately and continue until qualified candidates are identified. Please address any questions to Dr. Anna Chalfoun at achalfou@uwyo.edu. 

Contact
Dr. Anna Chalfoun
achalfou@uwyo.edu (preferred contact method)","Hours per Week:
40
Salary:
starting at $2,418 per month
Education Required:
Bachelors
Experience Required:
at least 1 year","Graduate Research Assistant (PhD)
University of Wyoming (State) | https://wyocoopunit. Graduate Research Assistantship at the Wyoming Cooperative Fish and Wildlife Research Unit, University of Wyoming 

https://www. Starting date: August 30, 2027 (or earlier) 
Stipend: $2,418/month; plus tuition, fees, health insurance 
Location: Laramie, WY USA (field work in western WY) 
 Description: 
 The Chalfoun lab within the Wyoming Cooperative Fish and Wildlife Research Unit, Department of Zoology and Physiology, and Program in Ecology and Evolution; in partnership with the Ricketts Conservation Fund has a vacancy for a doctoral Graduate Research Assistant for fall 2027 (or earlier)",,"11/20/2026
Published:
09/17/2026
Starting Date:
between 5/10/2027 and 8/27/2027
Ending Date:
between 9/1/2032 and 9/1/2033
Hours per Week:
40
Salary:
starting at $2,418 per month
Education Required:
Bachelors
Experience Required:
at least 1 year
Location:
Laramie, Wyoming
Tags:
Graduate Opportunities
Description
 Ph",True,0.95,Graduate,Wildlife & Natural Resources,0.222,"['wildlife', 'wildlife conservation', 'bird', 'avian', 'capture']",False,,2026-09-20T08:53:53.961143+00:00,scrape_20260920_085322_f5d35acf,2.0
MS research assistantship,Alabama A & M University (State),"Alabama A & M University (Huntsville, Alabama)","$23,000 to $25,000 per year",between 9/18/2026 and 10/31/2026,09/17/2026,Graduate Opportunities,https://jobs.rwfm.tamu.edu/view-job/?id=118857,"MS research assistantship
Alabama A & M University (State) | https://www.aamu.edu
Details
Application Deadline:
10/31/2026
Published:
09/17/2026
Starting Date:
between 9/18/2026 and 10/31/2026
Hours per Week:
at least 20
Salary:
$23,000 to $25,000 per year
Education Required:
Bachelors
Experience Required:
none
Location:
Alabama A & M University (Huntsville, Alabama)
Tags:
Graduate Opportunities
Description
Agency: Alabama A&M University – Department of Natural Resources and Environmental Sciences. Graduate School of Alabama A&M University.
 Location: We will work in Alabama and the surrounding forest areas.  
 Project: We conduct a forest ecological study toward to MS.
 Job Description: The student will assist and collect field data, mainly related to trees.
 The selected candidate should have the ability to:
•        safely work outdoors in forest areas with others;
•        Measure tree DBH etc.
•        collect and record high-quality data
•        Familiar with local tree species.
 Applicants should have a positive attitude and willingness to work hard and adapt to the situation as needed. This includes being able to interact with members of the public while representing Alabama A&M University. Only US citizens or permanent residents will be considered. The position will begin at the spring semester of 2027. The assistantship will be $25k/year depending on experience. 
  Desired Qualifications: Individuals with previous forest work experience and a strong interest will be given priority. 
  To Apply: Email a cover letter, a resume/CV, and contact information of two references to: xiongwen.chen@aamu.edu. Applications will be reviewed as they are received.
Contact
Xiongwen Chen
xchen.aamu@gmail.com (preferred contact method)",Desired Qualifications: Individuals with previous forest work experience and a strong interest will be given priority.,"MS research assistantship
Alabama A & M University (State) | https://www",,"10/31/2026
Published:
09/17/2026
Starting Date:
between 9/18/2026 and 10/31/2026
Hours per Week:
at least 20
Salary:
$23,000 to $25,000 per year
Education Required:
Bachelors
Experience Required:
none
Location:
Alabama A & M University (Huntsville, Alabama)
Tags:
Graduate Opportunities
Description
Agency: Alabama A&M University – Department of Natural Resources and Environmental Sciences",True,0.95,Graduate,Unknown,0.0,[],False,,2026-09-20T08:53:54.032367+00:00,scrape_20260920_085322_f5d35acf,2.0
"M.S. Assistantship - Evaluating Professional Readiness in Wildlife, Fisheries, and Aquaculture",Mississippi State University (State),"Mississippi State University (Starkville, Mississippi)","starting at $20,000 per year",between 1/13/2027 and 8/17/2027,09/17/2026,Graduate Opportunities,https://jobs.rwfm.tamu.edu/view-job/?id=118852,"M.S. Assistantship - Evaluating Professional Readiness in Wildlife, Fisheries, and Aquaculture
Mississippi State University (State) | https://www.cfr.msstate.edu/
Details
Application Deadline:
01/13/2027
Published:
09/17/2026
Starting Date:
between 1/13/2027 and 8/17/2027
Hours per Week:
at least 20
Salary:
starting at $20,000 per year
Education Required:
Bachelors
Experience Required:
none
Location:
Mississippi State University (Starkville, Mississippi)
Tags:
Graduate Opportunities
Description
M.S. Assistantship in Evaluating Professional Readiness in Wildlife, Fisheries, and Aquaculture 

We are seeking applicants for a funded Master’s assistantship to examine the professional readiness of wildlife, fisheries, and aquaculture graduates and the competency needs of employers across public, private, and non-profit natural resource sectors. The position is in the Department of Wildlife, Fisheries and Aquaculture at Mississippi State University under the direction of Dr. Dan Pilgreen. 

This research will investigate how existing educational experiences prepare students for careers in the field and evaluate employer expectations and needs for entry-level professionals. Using surveys of recent graduates, employers, and other stakeholders, the project will identify areas of alignment and potential gaps between educational preparation and professional competency needs. The successful applicant will contribute to all aspects of the research process, including survey development, data collection, stakeholder engagement, qualitative and quantitative data analysis, scientific writing, and dissemination of findings. Results are expected to inform educational practices and provide insight into preparing future generations of wildlife, fisheries, and aquaculture professionals. 

Minimum Qualifications
·         Bachelor’s degree in natural resource management, applied social science, or a related field. 
·         Strong written and oral communication skills.
·         Ability to work independently and collaboratively as part of a research team.
·         Interest in social science research in natural resource contexts.

Desired Qualifications
·         Previous course work or experience in human dimensions of natural resources or related social science disciplines. 
·         Experience with survey research or program evaluation. 
·         Familiarity with statistical software such as R and SPSS.
·         Experience with scientific writing and/or research presentations.
·         Interest in pursuing a career in natural resource social science, extension, or related fields.

Salary: $20,000 (plus tuition, fees, and benefits)

Preferred Start Date: January, 2027. Summer or Fall, 2027 start dates are negotiable.

To Apply
Interested applicants should submit the following documentation to Dr. Dan Pilgreen by email at d.pilgreen@msstate.edu
·         Cover letter describing your interest in the position
·         Resume/CV
·         Unofficial transcripts
·         Contact information for three professional references

Review of applications will begin September 30 and continue until the position is filled.

Contact
Dan Pilgreen
662-325-3420
d.pilgreen@msstate.edu (preferred contact method)","Hours per Week:
at least 20
Salary:
starting at $20,000 per year
Education Required:
Bachelors
Experience Required:
none","This research will investigate how existing educational experiences prepare students for careers in the field and evaluate employer expectations and needs for entry-level professionals. The successful applicant will contribute to all aspects of the research process, including survey development, data collection, stakeholder engagement, qualitative and quantitative data analysis, scientific writing, and dissemination of findings. ·         Ability to work independently and collaboratively as part of a research team",,"01/13/2027
Published:
09/17/2026
Starting Date:
between 1/13/2027 and 8/17/2027
Hours per Week:
at least 20
Salary:
starting at $20,000 per year
Education Required:
Bachelors
Experience Required:
none
Location:
Mississippi State University (Starkville, Mississippi)
Tags:
Graduate Opportunities
Description
M",True,0.9,Graduate,Natural Resource Management,0.216,"['natural resources', 'resource management', 'human dimensions', 'stakeholder']",False,,2026-09-20T08:53:54.111569+00:00,scrape_20260920_085322_f5d35acf,2.0
"Graduate Student Position (MS or PhD) — Freshwater Ecology, University of North Dakota",University of North Dakota (State),"University of North Dakota (Grand Forks, North Dakota)","$1,888 to $2,388 per month",between 5/15/2027 and 8/15/2027,09/17/2026,Graduate Opportunities,https://jobs.rwfm.tamu.edu/view-job/?id=118802,"Graduate Student Position (MS or PhD) — Freshwater Ecology, University of North Dakota
University of North Dakota (State)
Details
Application Deadline:
02/01/2027
Published:
09/17/2026
Starting Date:
between 5/15/2027 and 8/15/2027
Hours per Week:
40
Salary:
$1,888 to $2,388 per month
Education Required:
Bachelors
Experience Required:
at least 4 years
Location:
University of North Dakota (Grand Forks, North Dakota)
Tags:
Graduate Opportunities
Description
Description
I am recruiting one or more MS or PhD students to join my lab in the Department of Biology at the
University of North Dakota, with a target start of Summer/Fall 2027*. This is a new lab so incoming
students will have real input into shaping its culture and research direction.

My research examines food web and trophic dynamics in freshwater ecosystems using diet, stable isotope
and other approaches, with particular interest in how climate change and disturbance (wildfire, shifting
thermal and hydrologic regimes) reshape lake and stream food webs. My own field experience spans
watersheds in Alaska and the Pacific Northwest, but I'm equally interested in students who want to
develop projects in North Dakota's own freshwater systems — prairie pothole lakes, the Red River, Devils
Lake — or Northern Minnesota’s boundary waters and prairie-to-boreal ecotone. Potential research
directions include, but are not limited to:
●Fish and invertebrate secondary production in streams, rivers, and lakes
●Trophic responses of lakes and streams to wildfire or other acute disturbances
●Climate-driven shifts in thermal regime and cascading effects on food webs
●Braided river channel production and food web dynamics
●Stable isotope and biomarker approaches to tracking energy flow in aquatic systems
●Comparative food web structure across gradients of hydrologic connectivity or land use

Students will be trained in traditional stream ecology, stable isotope methods, quantitative food web
analysis, field sampling design, statistical/programming approaches (R), and scientific writing, and will
be supported in attending and presenting at national conferences.

*January start possible for well-qualified applicants who reach out prior to October 10 -- Please add 'January Start' to the end of your email subject line*
Qualifications
Required:
●B.S. in ecology, biology, environmental science, or a related field
●Genuine interest in freshwater ecosystems and willingness to develop independent research skills
●Ability to work both independently and collaboratively
●Willingness to conduct fieldwork in variable conditions
Preferred:
●Prior field or laboratory research experience
●Familiarity with R or another statistical/programming environment

Funding
Incoming students begin on a Department of Biology Teaching Assistantship, with a stipend of
roughly $1,888/month (MS) or $2,388/month (PhD), tuition waiver, and health insurance.
Transition to a Research Assistantship is anticipated pending success of pending grant proposals.

To Apply
Interested applicants should submit the following as a single PDF to matthew.dunkle@und.edu with the
email subject line “GA Position (Last Name)”:
1. A brief cover letter (1 page) describing your research interests, relevant experience, and career
goals
2. A CV or resume
3. Contact information for three references
Considering applications on a rolling basis until January 31, 2027. Formal application to the UND
Biology graduate program is a separate step, due February 15 — happy to discuss timing with any
interested applicant.
Contact
Dr. Matt Dunkle Department of Biology, University of North Dakota matthew.dunkle@und.edu
Contact
Matthew R. Dunkle
matthew.dunkle@und.edu (preferred contact method)","Hours per Week:
40
Salary:
$1,888 to $2,388 per month
Education Required:
Bachelors
Experience Required:
at least 4 years","This is a new lab so incoming
students will have real input into shaping its culture and research direction. My research examines food web and trophic dynamics in freshwater ecosystems using diet, stable isotope
and other approaches, with particular interest in how climate change and disturbance (wildfire, shifting
thermal and hydrologic regimes) reshape lake and stream food webs. Potential research
directions include, but are not limited to:
●Fish and invertebrate secondary production in streams, rivers, and lakes
●Trophic responses of lakes and streams to wildfire or other acute disturbances
●Climate-driven shifts in thermal regime and cascading effects on food webs
●Braided river channel production and food web dynamics
●Stable isotope and biomarker approaches to tracking energy flow in aquatic systems
●Comparative food web structure across gradients of hydrologic connectivity or land use

Students will be trained in traditional stream ecology, stable isotope methods, quantitative food web
analysis, field sampling design, statistical/programming approaches (R), and scientific writing, and will
be supported in attending and presenting at national conferences",,"02/01/2027
Published:
09/17/2026
Starting Date:
between 5/15/2027 and 8/15/2027
Hours per Week:
40
Salary:
$1,888 to $2,388 per month
Education Required:
Bachelors
Experience Required:
at least 4 years
Location:
University of North Dakota (Grand Forks, North Dakota)
Tags:
Graduate Opportunities
Description
Description
I am recruiting one or more MS or PhD students to join my lab in the Department of Biology at the
University of North Dakota, with a target start of Summer/Fall 2027*",True,0.95,Graduate,Fisheries & Aquatic Science,0.24,"['fish', 'aquatic', 'freshwater', 'stream', 'river']",False,,2026-09-20T08:53:54.182265+00:00,scrape_20260920_085322_f5d35acf,2.0
MS Graduate Research Assistantship - Wild turkey gobbling activity and habitat use in the Pacific Northwest,North Carolina State University (State),"2720 Faucette Drive (Raleigh, North Carolina)","up to $25,000 per year",before 1/11/2027,09/16/2026,Graduate Opportunities,https://jobs.rwfm.tamu.edu/view-job/?id=118838,"MS Graduate Research Assistantship - Wild turkey gobbling activity and habitat use in the Pacific Northwest
North Carolina State University (State) | https://www.ncsu.edu/
Details
Application Deadline:
09/30/2026
Published:
09/16/2026
Starting Date:
before 1/11/2027
Ending Date:
before 12/16/2028
Hours per Week:
at least 20
Salary:
up to $25,000 per year
Education Required:
Bachelors
Experience Required:
none
Location:
2720 Faucette Drive (Raleigh, North Carolina)
Tags:
Graduate Opportunities
Description
As part of the Collaborative Forest Landscape Restoration Program, the Forest Service and its partners are using silviculture and prescribed fire to restore historical forest structure and composition in the northern Blue Mountains of Oregon and Washington within the Wallowa Whitman and Umatilla National Forests. To monitor restoration effects, the Pacific Northwest Research Station uses noninvasive methods (trail cameras and audio recording units) to measure wildlife responses to forest restoration treatments. These data provide landscape-scale information on species occurrence and habitat use, helping managers evaluate forest restoration outcomes and refine future treatments. This monitoring effort was initiated in 2022 and has been implemented annually across both National Forests, resulting in greater than a half a million hours of audio recordings and 150 thousand photos collected across more than 700 sites. For more information on this effort, please see the project webpage.

Wild turkeys were introduced to the region because (among other reasons) they are a popular game species. There is an interest in better understanding how gobbling activity varies across the region and time to better understand nesting phenology and wild turkey status and trends. There is also interest in understanding how turkeys respond to habitat treatments and if there is preference to one treatment over another. The western U.S.A. has a larger portion of public lands; therefore, understanding how turkeys respond to management activities in this region is vital to protecting public lands and public recreational activities that include hunting opportunities.

We are recruiting an MS student to leverage current and future data collected as part of this monitoring program to 1) quantify spatial, temporal, and annual dynamics in wild turkey gobbling activity across the Wallowa-Whitman and Umatilla National Forests, and 2) evaluate the effect of forest conditions (i.e., composition and structure), local weather conditions, and management activities (i.e., commercial thinning, non-commercial thinning, and prescribed fire) on wild turkey habitat use.

Although the student will primarily be located in Raleigh, NC, the position will involve extensive fieldwork conducted in northern Blue Mountains in the Pacific Northwest for at least one summer field season. Applicants must have a good driving record and be able to use good judgement when navigating on Forest Service roads. They should also have the necessary skills and experience to safely hike in remote forests off trail up to 10 miles a day, possibly gaining up to 4000 ft in elevation, carrying up to 35 lbs.

When working on campus, the work will require extensive amounts of time listening to audio recordings, processing trail camera photos, and analyzing data. The successful candidate will work under the direct supervision of Dr. Ivana Mali (North Carolina State University) in close collaboration with Dr. Adam Duarte (USDA Forest Service Pacific Northwest Research Station). The successful candidate is also expected to hold regular meetings with cooperators at the USDA Forest Service, National Wild Turkey Federation, and Oregon Department of Fish and Wildlife to provide progress updates and receive feedback. Excellent command of the English language and a strong interest in learning quantitative analytical skills is absolutely required.

The position is expected to last from January 2027 to December 2028 (2 years). Student stipend is $25k annually. Additionally, in-state tuition will be covered. For domestic students who are not already residents of North Carolina, you are highly encouraged to establish North Carolina residency after the first two semesters, as Graduate Student Support Plan (GSSP) does not cover the out-of-state portion of the tuition after the first 2 semesters of enrollment. Please visit go.ncsu.edu/residency for current residency requirements. Please note that the system requires a minimum of 365 days of physical presence in North Carolina before you can apply, so non-residents should take action as early as possible toward establishing residency.

To apply, please send your CV and cover letter detailing your career goals and your interest in this project as a single PDF document to Dr. Mali (imali@ncsu.edu) and Dr. Duarte (adam.duarte@usda.gov). The deadline to apply is September 30, 2026.
Contact
Ivana Mali
imali@ncsu.edu (preferred contact method)","Hours per Week:
at least 20
Salary:
up to $25,000 per year
Education Required:
Bachelors
Experience Required:
none","MS Graduate Research Assistantship - Wild turkey gobbling activity and habitat use in the Pacific Northwest
North Carolina State University (State) | https://www. To monitor restoration effects, the Pacific Northwest Research Station uses noninvasive methods (trail cameras and audio recording units) to measure wildlife responses to forest restoration treatments. Adam Duarte (USDA Forest Service Pacific Northwest Research Station)",,"09/30/2026
Published:
09/16/2026
Starting Date:
before 1/11/2027
Ending Date:
before 12/16/2028
Hours per Week:
at least 20
Salary:
up to $25,000 per year
Education Required:
Bachelors
Experience Required:
none
Location:
2720 Faucette Drive (Raleigh, North Carolina)
Tags:
Graduate Opportunities
Description
As part of the Collaborative Forest Landscape Restoration Program, the Forest Service and its partners are using silviculture and prescribed fire to restore historical forest structure and composition in the northern Blue Mountains of Oregon and Washington within the Wallowa Whitman and Umatilla National Forests",False,0.6,Professional,Natural Resource Management,0.34,"['public lands', 'national forest', 'forest service', 'silviculture', 'prescribed fire']",False,,2026-09-20T08:53:54.252993+00:00,scrape_20260920_085322_f5d35acf,2.0
CDC Environmental Health Knowledge Management Fellowship,Oak Ridge Associated Universities (ORAU) (Private),"Atlanta, Georgia",Commensurate / Negotiable,after 9/30/2026,09/16/2026,Graduate Opportunities,https://jobs.rwfm.tamu.edu/view-job/?id=118845,"CDC Environmental Health Knowledge Management Fellowship
Oak Ridge Associated Universities (ORAU) (Private) | https://orise.orau.gov/index.html
Details
Posting:
https://www.zintellect.com/Opportunity/Details/CDC-2026-0086
Application Deadline:
11/06/2026
Published:
09/16/2026
Starting Date:
after 9/30/2026
Hours per Week:
at least 40
Salary:
Commensurate / Negotiable
Education Required:
Masters
Experience Required:
none
Location:
Atlanta, Georgia
Tags:
Graduate Opportunities
Description
 *Applications will be reviewed on a rolling-basis.

CDC Office and Location: A research opportunity is currently available with the Division of Environmental Health Science and Practice (DEHSP) of the National Center for Environmental Health (NCEH), Water, Food, and Environmental Health Services Branch (WFEHSB) at the Centers for Disease Control and Prevention (CDC) in Atlanta, Georgia.

The Centers for Disease Control and Prevention (CDC) is one of the major operation components of the Department of Health and Human Services. CDC works to protect America from health, safety and security threats, both foreign and in the U.S. Whether diseases start at home or abroad, are chronic or acute, curable or preventable, human error or deliberate attack, CDC fights disease and supports communities and citizens to do the same.

Research Project: The CDC National Center for Environmental Health (NCEH), Division of Environmental Health Science and Practice (DEHSP), Water, Food, and Environmental Health Services Branch (WFEHSB) is seeking a fellow to participate in environmental health workforce development and online course development activities. You will collaborate with CDC environmental health professionals and subject-matter experts to gain experience developing, reviewing, updating, and modernizing online training courses, educational materials, and practical tools for the environmental health workforce.

A central focus of the fellowship is training, under the guidance of a mentor, on the review and update of CDC's Environmental Health Training in Emergency Response (EHTER) course, including converting and enhancing content for online delivery. You will also collaborate to build tools and resources that support state, tribal, local, and territorial (STLT) environmental health professionals in routine practice and emergency preparedness/response. Activities include:
Gain experience reviewing and updating EHTER course content, learning objectives, exercises, and supporting training materials.
Train to develop online learning components, including lesson content, scripts, storyboards, knowledge checks, quizzes, case studies, scenarios, graphic concepts, and job aids.
Build skills translating technical and scientific environmental health information into clear, engaging, learner-centered online content.
Collaborate with subject-matter experts and instructional designers to learn to create effective, well-structured online learning experiences.
Strengthen quality-assurance skills by reviewing training materials for scientific accuracy, usability, accessibility, and alignment with learning objectives.
Gain experience conducting literature and guidance reviews to ensure training content reflects current environmental health science, practices, and standards.
Support pilot testing, course evaluation, and continuous improvement of training courses and workforce-development tools.
Develop professional communication skills through preparing reports, presentations, and recommendations related to training and workforce-development activities.
Learning Objectives: This fellowship offers applied, national-level experience at the intersection of environmental health practice, e-learning/instructional design, emergency preparedness and response, workforce development, and public health communication — with direct exposure to CDC programs, subject-matter experts, and STLT partners. Building applied environmental health experience, online course development and instructional design skills, emergency-response knowledge (via EHTER), science-to-learning translation skills, stakeholder engagement experience, and training evaluation skills — while gaining a broader understanding of CDC's national role in environmental health workforce development.

Mentor(s): The mentor for this opportunity is Maria Paz Carlos (bbi9@cdc.gov). If you have questions about the nature of the research please contact the mentor(s).

Anticipated Appointment Start Date: September 30, 2026. Start date is flexible and will depend on a variety of factors.

Appointment Length: The appointment will initially be for one year, but may be renewed upon recommendation of CDC and is contingent on the availability of funds.

Level of Participation: The appointment is full time.

Participant Stipend: Stipend rates may vary based on numerous factors, including opportunity, location, education, and experience. If you are interviewed, you can inquire about the exact stipend rate at that time and if selected, your appointment offer will include the monthly stipend rate.

Citizenship Requirements: This opportunity is available to U.S. citizens and Lawful Permanent Residents (LPR) only.

ORISE Information: This program, administered by ORAU through its contract with the U.S. Department of Energy (DOE) to manage the Oak Ridge Institute for Science and Education (ORISE), was established through an interagency agreement between DOE and CDC. Participants do not become employees of CDC, DOE or the program administrator, and there are no employment-related benefits. Proof of health insurance is required for participation in this program. Health insurance can be obtained through ORISE.

The successful applicant(s) will be required to comply with Environmental, Safety and Health (ES&H) requirements of the hosting facility, including but not limited to, COVID-19 requirements (e.g. facial covering, physical distancing, testing, vaccination).

Questions: Please visit our Program Website. After reading, if you have additional questions about the application process please email CDCrpp@orau.org and include the reference code for this opportunity.

Qualifications
The qualified candidate should be currently pursuing or have received a master's degree (Master of Public Health [MPH] degree, or a closely related graduate degree) in the one of the relevant fields. Degree must have been received within the past five years, or be currently pursuing.

Preferred skills:

Graduate-level coursework or experience in environmental health, public health, epidemiology, emergency preparedness, health education, health communication, instructional design, or a related discipline.
Genuine interest in environmental health and online public health education, who enjoys turning scientific/technical information into clear, engaging, practical learning experiences.
Strong written and verbal communication skills; ability to write clearly and concisely for public health practitioners.
Ability to synthesize and translate scientific/technical information into clear, learner-centered educational content.
Strong organizational and project-management skills, with attention to detail and the ability to manage multiple assignments and deadlines.
Ability to act both independently and collaboratively with multidisciplinary teams and subject-matter experts.
Proficiency with standard office productivity software (word processing, spreadsheets, presentations).
Highly desired skills:

Experience developing e-learning modules, web-based training, or other digital educational content.
Coursework or experience in instructional design, curriculum development, adult learning, or distance/e-learning.
Experience building online learning components (storyboards, scripts, knowledge checks, quizzes, scenarios, assessments).
Familiarity with e-learning authoring tools or learning management systems (LMS).
Knowledge of accessibility principles for digital learning content.
Knowledge of environmental health topics related to emergencies/disasters (drinking water, wastewater, food safety, shelters, vector control, solid waste, hazardous materials, sanitation).
Experience with public health emergency preparedness and response.
Experience developing/revising training curricula, facilitator guides, participant materials, or job aids.
Experience conducting literature reviews, environmental scans, or needs assessments.
Experience evaluating training (developing assessments/surveys, analyzing feedback, assessing learning outcomes).
Familiarity with STLT (state, tribal, local, territorial) environmental health program roles.
Knowledge of environmental health workforce competencies and workforce-development needs.
Point of Contact
Rachel
Eligibility Requirements
Citizenship: U.S. Citizen Only
Degree: Master's Degree received within the last 60 months or currently pursuing.
  Contact
CDC-2026-0086
contact via the web posting is preferred (see Details section)",Citizenship Requirements: This opportunity is available to U.S. citizens and Lawful Permanent Residents (LPR) only.,"CDC Office and Location: A research opportunity is currently available with the Division of Environmental Health Science and Practice (DEHSP) of the National Center for Environmental Health (NCEH), Water, Food, and Environmental Health Services Branch (WFEHSB) at the Centers for Disease Control and Prevention (CDC) in Atlanta, Georgia. Research Project: The CDC National Center for Environmental Health (NCEH), Division of Environmental Health Science and Practice (DEHSP), Water, Food, and Environmental Health Services Branch (WFEHSB) is seeking a fellow to participate in environmental health workforce development and online course development activities. If you have questions about the nature of the research please contact the mentor(s)",,"11/06/2026
Published:
09/16/2026
Starting Date:
after 9/30/2026
Hours per Week:
at least 40
Salary:
Commensurate / Negotiable
Education Required:
Masters
Experience Required:
none
Location:
Atlanta, Georgia
Tags:
Graduate Opportunities
Description
 *Applications will be reviewed on a rolling-basis",True,0.95,Graduate,Unknown,0.0,[],False,,2026-09-20T08:53:54.324308+00:00,scrape_20260920_085322_f5d35acf,2.0
USDA-ARS Postdoctoral Fellowship in Swine Viral Disease Research,Oak Ridge Associated Universities (ORAU) (Private),"Ames, Iowa",Commensurate / Negotiable,after 1/1/2027,09/16/2026,Faculty / Post-Doc Appointments,https://jobs.rwfm.tamu.edu/view-job/?id=118848,"USDA-ARS Postdoctoral Fellowship in Swine Viral Disease Research
Oak Ridge Associated Universities (ORAU) (Private) | https://orise.orau.gov/index.html
Details
Posting:
https://www.zintellect.com/Opportunity/Details/USDA-ARS-MWA-2026-0364
Application Deadline:
11/20/2026
Published:
09/16/2026
Starting Date:
after 1/1/2027
Hours per Week:
at least 40
Salary:
Commensurate / Negotiable
Education Required:
Doctorate
Experience Required:
none
Location:
Ames, Iowa
Tags:
Faculty / Post-Doc Appointments
Description
 *Applications are reviewed on a rolling-basis and applications may close before the deadline.

ARS Office/Lab and Location: A research opportunity is currently available with the U.S. Department of Agriculture (USDA), Agricultural Research Service (ARS), located in Ames, Iowa.

The Agricultural Research Service (ARS) is the U.S. Department of Agriculture's chief scientific in-house research agency with a mission to find solutions to agricultural problems that affect Americans every day from field to table. ARS will deliver cutting-edge, scientific tools and innovative solutions for American farmers, producers, industry, and communities to support the nourishment and well-being of all people; sustain our nation’s agroecosystems and natural resources; and ensure the economic competitiveness and excellence of our agriculture. The vision of the agency is to provide global leadership in agricultural discoveries through scientific excellence.

The National Animal Disease Center (NADC) in Ames, IA is the American farmer's one-stop shop for animal health, food safety, and disease research and has the experience, expertise, and biosecurity needed to work with all economically important livestock, poultry, and wildlife—from chickens to bison and everything in between. This opportunity is in the endemic swine viruses laboratory group of the Virus and Prion Research Unit, which advances a comprehensive research program in virology, immunology, veterinary science, and computational biology to develop solutions for protecting United States swine herds from endemic viral disease threats.

Research Project: You will gain experience in animal and/or veterinary science to perform live animal studies and subsequent evaluations of swine viral disease pathology, preventions, and/or treatments. Experiments will be performed with conventional swine of all production stages and will primarily involve porcine reproductive and respiratory syndrome virus (PRRSV) or porcine epidemic diarrhea virus (PEDV) as the infectious agents being studied to advance basic and applied research goals, such as understanding host-pathogen interactions or efficacy of viral control strategies. You will be involved in all phases of research, with an emphasis placed on participation in animal study design, preparation, and execution. Post-collection processing and analysis of animal specimens may also be performed through laboratory assays (e.g. nucleic acid extractions, RT-qPCR, ELISA, histopathology, immunohistochemistry), along with opportunities to interpret and communicate research findings in reports, presentations, and publications. Exposure to additional assays and analyses for methods such as flow cytometry, cell culture/stimulations, and RNA sequencing (bulk, single-cell, spatial) may also be available based on your interests. Research endeavors are intrinsically collaborative and foster synergistic relationships with scientists across multiple ARS research institutions/national programs, academic institutions, and research consortiums. Opportunities for additional training, travel to communicate findings, and professional networking will also be available.

Learning Objectives: Under the guidance of a mentor, you will have the opportunity to learn to: (a) plan, execute, analyze, and communicate results from swine challenge studies utilizing PRRSV or PEDV as the infectious agents; (b) prepare study design protocols; (c) perform infectious challenge, sampling, and necropsies; (d) process specimens in the laboratory; (e) analyze and interpret data; and (f) communicate findings. 

Mentor(s): The mentor for this opportunity is Jayne Wiarda (jayne.wiarda@usda.gov). If you have questions about the nature of the research, please contact the mentor.

Anticipated Appointment Start Date: January - June 2027. Start date is flexible and will depend on a variety of factors.

Appointment Length: The appointment will initially be for one year, but may be renewed upon recommendation of ARS and is contingent on the availability of funds.

Level of Participation: The appointment is full time.

Citizenship Requirements: This opportunity is available to U.S. citizens only.

ORISE Information: This program, administered by ORAU through its contract with the U.S. Department of Energy (DOE) to manage the Oak Ridge Institute for Science and Education (ORISE), was established through an interagency agreement between DOE and ARS. Participants do not become employees of USDA, ARS, DOE or the program administrator, and there are no employment-related benefits. Proof of health insurance is required for participation in this program. Health insurance can be obtained through ORISE.

Questions: Please visit our Program Website. After reading, if you have additional questions about the application process, please email ORISE.ARS.Midwest@orau.org and include the reference code for this opportunity.

Qualifications
The qualified candidate should be currently pursuing or have received a doctoral degree (including DVM, PhD, and MD) in the one of the relevant fields. Degree must have been received within the past five years, or anticipated to be received by 5/31/2027.

Preferred skills:

Knowledge of swine veterinary science, virology, and/or immunology
Knowledge and ability to follow ethical guidelines for animal care and use in a research setting
Ability to perform animal and laboratory research in biosecurity level 2 (BSL-2) environments
Experience performing antemortem (e.g. blood, swabs) and post-mortem (e.g. tissues) evaluations and sample collections in swine
Experience running laboratory assays on animal-derived samples (e.g. RNA extraction, RT-qPCR, ELISA, IHC)
Excellent written and oral communication skills
Ability to function as a teammate in a collaborative research environment
Stipend
$75,000.00 – $95,000.00 Yearly
Point of Contact
Michele
Eligibility Requirements
Citizenship: U.S. Citizen Only
Degree: Doctoral Degree received within the last 60 months or currently pursuing.
  Contact
USDA-ARS-MWA-2026-0364
contact via the web posting is preferred (see Details section)",Citizenship Requirements: This opportunity is available to U.S. citizens only.,"USDA-ARS Postdoctoral Fellowship in Swine Viral Disease Research
Oak Ridge Associated Universities (ORAU) (Private) | https://orise. ARS Office/Lab and Location: A research opportunity is currently available with the U. Department of Agriculture (USDA), Agricultural Research Service (ARS), located in Ames, Iowa",,"11/20/2026
Published:
09/16/2026
Starting Date:
after 1/1/2027
Hours per Week:
at least 40
Salary:
Commensurate / Negotiable
Education Required:
Doctorate
Experience Required:
none
Location:
Ames, Iowa
Tags:
Faculty / Post-Doc Appointments
Description
 *Applications are reviewed on a rolling-basis and applications may close before the deadline",False,0.9,Professional,Unknown,0.0,[],False,,2026-09-20T08:53:54.394883+00:00,scrape_20260920_085322_f5d35acf,2.0
USDA-ARS Fellowship in Swine Viral Disease Research,Oak Ridge Associated Universities (ORAU) (Private),"Ames, Iowa",Commensurate / Negotiable,after 1/1/2027,09/16/2026,"Faculty / Post-Doc Appointments, Graduate Opportunities, Undergraduate Opportunities",https://jobs.rwfm.tamu.edu/view-job/?id=118849,"USDA-ARS Fellowship in Swine Viral Disease Research
Oak Ridge Associated Universities (ORAU) (Private) | https://orise.orau.gov/index.html
Details
Posting:
https://www.zintellect.com/Opportunity/Details/USDA-ARS-MWA-2026-0365
Application Deadline:
11/20/2026
Published:
09/16/2026
Starting Date:
after 1/1/2027
Hours per Week:
at least 40
Salary:
Commensurate / Negotiable
Education Required:
Some Undergraduate
Experience Required:
none
Location:
Ames, Iowa
Tags:
Faculty / Post-Doc Appointments
Graduate Opportunities
Undergraduate Opportunities
Description
 *Applications are reviewed on a rolling-basis and applications may close before the deadline.

ARS Office/Lab and Location: A research opportunity is currently available with the U.S. Department of Agriculture (USDA), Agricultural Research Service (ARS), located in Ames, Iowa.

The Agricultural Research Service (ARS) is the U.S. Department of Agriculture's chief scientific in-house research agency with a mission to find solutions to agricultural problems that affect Americans every day from field to table. ARS will deliver cutting-edge, scientific tools and innovative solutions for American farmers, producers, industry, and communities to support the nourishment and well-being of all people; sustain our nation’s agroecosystems and natural resources; and ensure the economic competitiveness and excellence of our agriculture. The vision of the agency is to provide global leadership in agricultural discoveries through scientific excellence.

The National Animal Disease Center (NADC) in Ames, IA is the American farmer's one-stop shop for animal health, food safety, and disease research and has the experience, expertise, and biosecurity needed to work with all economically important livestock, poultry, and wildlife—from chickens to bison and everything in between. This opportunity is in the endemic swine viruses laboratory group of the Virus and Prion Research Unit, which advances a comprehensive research program in virology, immunology, veterinary science, and computational biology to develop solutions for protecting United States swine herds from endemic viral disease threats.

Research Project: You will gain experience in animal and/or veterinary science to perform live animal studies and subsequent evaluations of swine viral disease pathology, preventions, and/or treatments. Experiments will be performed with conventional swine of all production stages and will primarily involve inoculation with porcine reproductive and respiratory syndrome virus (PRRSV) or porcine epidemic diarrhea virus (PEDV) as the infectious agents to advance basic and applied research goals, such as understanding host-pathogen interactions or efficacy of viral control strategies. You will be involved in all phases of research, with an emphasis placed on participation in animal study preparation and execution. Post-collection processing and analysis of animal specimens may also be performed through laboratory assays, along with opportunities to interpret and communicate research findings. Exposure to additional assays and analyses for methods such as flow cytometry, cell culture/stimulations, and RNA sequencing (bulk, single-cell, spatial) may also be available based on your interests. Research endeavors are intrinsically collaborative and foster synergistic relationships with scientists across multiple ARS research institutions/national programs, academic institutions, and research consortiums.

Learning Objectives: Under the guidance of a mentor, you will have the opportunity to learn to: (a) plan, execute, analyze, and communicate results from swine challenge studies utilizing PRRSV or PEDV as the infectious agents; (b) prepare study design protocols; (c) perform infectious challenge, sampling, and necropsies; (d) process specimens in the laboratory; (e) analyze and interpret data; and (f) communicate findings.

Mentor(s): The mentor for this opportunity is Jayne Wiarda (jayne.wiarda@usda.gov). If you have questions about the nature of the research, please contact the mentor.

Anticipated Appointment Start Date: January - June 2027. Start date is flexible and will depend on a variety of factors.

Appointment Length: The appointment will initially be for one year, but may be renewed upon recommendation of ARS and is contingent on the availability of funds.

Level of Participation: The appointment is full time.

Citizenship Requirements: This opportunity is available to U.S. citizens only.

ORISE Information: This program, administered by ORAU through its contract with the U.S. Department of Energy (DOE) to manage the Oak Ridge Institute for Science and Education (ORISE), was established through an interagency agreement between DOE and ARS. Participants do not become employees of USDA, ARS, DOE or the program administrator, and there are no employment-related benefits. Proof of health insurance is required for participation in this program. Health insurance can be obtained through ORISE.

Questions: Please visit our Program Website. After reading, if you have additional questions about the application process, please email ORISE.ARS.Midwest@orau.org and include the reference code for this opportunity.

Qualifications
The qualified candidate should be currently pursuing or have received an associate's, bachelor's, master's, or doctoral degree (including DVM, PhD, and MD) in the one of the relevant fields. Degree must have been received within the past five years, or anticipated to be received by 5/31/2027.

Preferred skills:

Awareness and ability to adhere to ethical guidelines for animal care and use in a research setting
Knowledge of swine veterinary science, virology, and/or immunology
Ability to perform animal and laboratory research in biosecurity level 2 (BSL-2) environments
Ability to handle and restrain pigs for veterinary procedures
Ability to collect minimally invasive samples (e.g. blood, swabs) from pigs
Ability to run laboratory assays on animal-derived samples (e.g. RNA isolation, RT-qPCR, ELISA, IHC)
Ability to function as a teammate in a collaborative research environment
Stipend
$40,000.00 – $65,000.00 Yearly
Point of Contact
Michele
Eligibility Requirements
Citizenship: U.S. Citizen Only
Degree: Associate's Degree, Bachelor's Degree, Master's Degree, or Doctoral Degree received within the last 60 months or currently pursuing.
  Contact
USDA-ARS-MWA-2026-0365
contact via the web posting is preferred (see Details section)",Citizenship Requirements: This opportunity is available to U.S. citizens only.,"USDA-ARS Fellowship in Swine Viral Disease Research
Oak Ridge Associated Universities (ORAU) (Private) | https://orise. ARS Office/Lab and Location: A research opportunity is currently available with the U. Department of Agriculture (USDA), Agricultural Research Service (ARS), located in Ames, Iowa",,"11/20/2026
Published:
09/16/2026
Starting Date:
after 1/1/2027
Hours per Week:
at least 40
Salary:
Commensurate / Negotiable
Education Required:
Some Undergraduate
Experience Required:
none
Location:
Ames, Iowa
Tags:
Faculty / Post-Doc Appointments
Graduate Opportunities
Undergraduate Opportunities
Description
 *Applications are reviewed on a rolling-basis and applications may close before the deadline",False,0.9,Professional,Unknown,0.0,[],False,,2026-09-20T08:53:54.479981+00:00,scrape_20260920_085322_f5d35acf,2.0
PhD Research Assistantship: Spatial Modeling of Forest Growth & Resource Economics,NC State University (State),"2800 Faucette Drive (Raleigh, North Carolina)","up to $30,000 per year",between 12/1/2026 and 1/11/2027,09/15/2026,"Graduate Opportunities, Grant",https://jobs.rwfm.tamu.edu/view-job/?id=118822,"PhD Research Assistantship: Spatial Modeling of Forest Growth & Resource Economics
NC State University (State) | https://www.forestproductivity.org/
Details
Posting:
https://drive.google.com/file/d/1zrjteXNa5-uUZIUUCJQOQeQOeyzoSr28/view?usp=sharing
Application Deadline:
12/15/2026
Published:
09/15/2026
Starting Date:
between 12/1/2026 and 1/11/2027
Ending Date:
between 5/1/2030 and 6/1/2030
Hours per Week:
at most 40
Salary:
up to $30,000 per year
Education Required:
Bachelors
Experience Required:
at least 5 years
Location:
2800 Faucette Drive (Raleigh, North Carolina)
Tags:
Graduate Opportunities
Grant
Description
Position Overview

The Department of Forestry and Environmental Resources at NC State University invites applications for a fully funded 4-year Graduate PhD Research Assistantship starting January 1, 2027. The student will lead interdisciplinary research evaluating how site-specific silvicultural interventions—specifically fertilization and understory vegetation control—influence loblolly pine (Pinus taeda L.) growth, landscape yield response, and economic returns under market and input cost uncertainty across the southeastern US.

The selected candidate will work at the intersection of quantitative forest ecology, remote sensing, and resource economics, collaborating closely with industry partners from the Forest Productivity Cooperative (FPC) and the Southern Forest Resource Assessment Consortium (SOFAC).

Key Responsibilities & Project Objectives
Growth Response Modeling (Objective 1): Quantify the magnitude, duration, and uncertainty of pine growth responses to fertilizer and herbicide treatments across 100+ empirical field trial sites, integrating soil, geology, climate, and competing vegetation drivers.
Remote Sensing & Spatial Scaling (Objective 2): Build reproducible workflows using open-source platforms to map growth responses and understory vegetation across 550 million acres, leveraging satellite imagery and LiDAR.
Economic Risk & Decision Modeling (Objective 3): Conduct spatially explicit financial assessments. Develop regime-switching stochastic dynamic models to evaluate optimal management choices amid volatile input costs, shifting stumpage prices, and local market shocks (e.g., mill closures).
Science Communication: Author peer-reviewed publications, present research at professional conferences, and engage with regional forestry stakeholders.

Qualifications
Education: M.S. degree in Quantitative Forestry, Forest Biometrics, Geospatial Information Systems (GIS)/Remote Sensing, Forest Economics, Applied Statistics, Data Science, or a related natural resource discipline. Highly qualified applicants with a B.S. and strong quantitative research experience will also be considered.
Technical Skills:
◦ Strong programming experience (e.g., R, Python) for geospatial processing and statistical modeling.
◦ Experience working with remote sensing datasets (LiDAR, satellite imagery, raster analytics).
◦ Knowledge of econometric analysis, Monte Carlo simulation, dynamic programming, or spatial growth-and-yield modeling is preferred.
Communication: Track record of scientific writing and clear communication with diverse academic and practitioner audiences.

Advising Team
The student will receive cross-disciplinary mentorship from a multi-investigator team:
Dr. Rachel Cook – Professor of Silviculture & Forest Soils; Co-Director, Forest Productivity Cooperative (FPC)
Dr. Jeffrey Doser – Assistant Professor of Quantitative Forest Science
Dr. Justin Baker – Associate Professor of Forest Resource Economics; Director, Southern Forest Resource Assessment Consortium (SOFAC)

Funding & Compensation
Stipend: $30,000 / year (up to 4 full years of direct support, 2027–2030).
Tuition, Health Insurance & Expenses: Student fees, computing equipment, travel funding, and page charges are fully covered via PIs' matching funds and university programs.

How to Apply
Interested candidates should submit a single PDF document containing:

A 1–2 page cover letter detailing your research experience, quantitative background, and alignment with the project objectives.
Comprehensive Curriculum Vitae (CV).
Unofficial academic transcripts.
Contact information for three professional references.

Send applications to Rachel Cook (rlcook@ncsu.edu)
Include the following subject line: [Applicant Last Name] - PhD Application - Spatial Modeling of Forest Growth & Resource Economics

Contact
Rachel Cook
rlcook@ncsu.edu (preferred contact method)","Hours per Week:
at most 40
Salary:
up to $30,000 per year
Education Required:
Bachelors
Experience Required:
at least 5 years","PhD Research Assistantship: Spatial Modeling of Forest Growth & Resource Economics
NC State University (State) | https://www. usp=sharing
Application Deadline:
12/15/2026
Published:
09/15/2026
Starting Date:
between 12/1/2026 and 1/11/2027
Ending Date:
between 5/1/2030 and 6/1/2030
Hours per Week:
at most 40
Salary:
up to $30,000 per year
Education Required:
Bachelors
Experience Required:
at least 5 years
Location:
2800 Faucette Drive (Raleigh, North Carolina)
Tags:
Graduate Opportunities
Grant
Description
Position Overview

The Department of Forestry and Environmental Resources at NC State University invites applications for a fully funded 4-year Graduate PhD Research Assistantship starting January 1, 2027. The student will lead interdisciplinary research evaluating how site-specific silvicultural interventions—specifically fertilization and understory vegetation control—influence loblolly pine (Pinus taeda L",,"12/15/2026
Published:
09/15/2026
Starting Date:
between 12/1/2026 and 1/11/2027
Ending Date:
between 5/1/2030 and 6/1/2030
Hours per Week:
at most 40
Salary:
up to $30,000 per year
Education Required:
Bachelors
Experience Required:
at least 5 years
Location:
2800 Faucette Drive (Raleigh, North Carolina)
Tags:
Graduate Opportunities
Grant
Description
Position Overview

The Department of Forestry and Environmental Resources at NC State University invites applications for a fully funded 4-year Graduate PhD Research Assistantship starting January 1, 2027",True,0.95,Graduate,Unknown,0.0,[],False,,2026-09-20T08:53:54.558773+00:00,scrape_20260920_085322_f5d35acf,2.0
PhD fellowship nominations for clouded leopard genomics research,Louisiana State University (State),"School of Renewable Natural Resources, LSU (Baton Rouge, Louisiana)","$25,000 per year",after 8/23/2027,09/15/2026,Graduate Opportunities,https://jobs.rwfm.tamu.edu/view-job/?id=118792,"PhD fellowship nominations for clouded leopard genomics research
Louisiana State University (State)
Details
Application Deadline:
12/15/2026
Published:
09/15/2026
Starting Date:
after 8/23/2027
Ending Date:
after 5/30/2031
Hours per Week:
at most 40
Salary:
$25,000 per year
Education Required:
Bachelors
Experience Required:
at least 1 year
Location:
School of Renewable Natural Resources, LSU (Baton Rouge, Louisiana)
Tags:
Graduate Opportunities
Description
The Graduate School at Louisiana State University offers two competitive fellowships: the Huel D. Perkins and Southern Regional Education Board Fellowships (SREB) https://www.lsu.edu/graduateschool/funding/awards.php). These fellowships require applicants to be US citizens (Perkins, SREB) or US permanent residents (SREB). Departments must nominate candidates for consideration (i.e., candidates may not apply directly) with the number of nominations allowed dependent on the department’s graduate student population size. Dr. Sabrina Taylor, in the School of Renewable Natural Resources (RNR) at LSU, is inviting inquiries to nominate candidates for these fellowships (a maximum of 2 candidates may be nominated from RNR). A successful applicant would focus on the conservation genomics of clouded leopards, with a focus on creating a genetic pedigree for maintaining a sustainable zoo housed population. Qualifications: an excellent academic record, experience with genetic analyses (lab and bioinformatics) ideally including whole genome analyses, excellent writing and organizational skills, and ability to work in a collaborative group. Research will be in collaboration with Dr. Jilian Fazio, Director of the Essex County Turtle Back Zoo and US Species Survival Plan Coordinator for clouded leopards. Interested candidates should contact Dr. Sabrina Taylor, School of Renewable Natural Resources, Louisiana State University, staylor at lsu.edu. Please send a cover letter, CV, and a list of 3 references (with phone #s and/or email addresses). Equal Employment Opportunity applies to this position.
Contact
Sabrina Taylor
staylor@lsu.edu (preferred contact method)","Hours per Week:
at most 40
Salary:
$25,000 per year
Education Required:
Bachelors
Experience Required:
at least 1 year","PhD fellowship nominations for clouded leopard genomics research
Louisiana State University (State)
Details
Application Deadline:
12/15/2026
Published:
09/15/2026
Starting Date:
after 8/23/2027
Ending Date:
after 5/30/2031
Hours per Week:
at most 40
Salary:
$25,000 per year
Education Required:
Bachelors
Experience Required:
at least 1 year
Location:
School of Renewable Natural Resources, LSU (Baton Rouge, Louisiana)
Tags:
Graduate Opportunities
Description
The Graduate School at Louisiana State University offers two competitive fellowships: the Huel D. Research will be in collaboration with Dr",,"12/15/2026
Published:
09/15/2026
Starting Date:
after 8/23/2027
Ending Date:
after 5/30/2031
Hours per Week:
at most 40
Salary:
$25,000 per year
Education Required:
Bachelors
Experience Required:
at least 1 year
Location:
School of Renewable Natural Resources, LSU (Baton Rouge, Louisiana)
Tags:
Graduate Opportunities
Description
The Graduate School at Louisiana State University offers two competitive fellowships: the Huel D",False,0.9,Professional,Unknown,0.0,[],False,,2026-09-20T08:53:54.629422+00:00,scrape_20260920_085322_f5d35acf,2.0
Funded Latin American-based research for U.S. graduate students — PATHWAYS Program (NSF IRES),Washington State University (State),"Cuenca, Ecuador and other South American countries","starting at $1,500 per month",between 1/4/2027 and 1/8/2027,09/15/2026,Graduate Opportunities,https://jobs.rwfm.tamu.edu/view-job/?id=118795,"Funded Latin American-based research for U.S. graduate students — PATHWAYS Program (NSF IRES)
Washington State University (State) | http://wsu.edu
Details
Posting:
https://transect-of-the-americas.wsu.edu/pathways-program/
Application Deadline:
10/02/2026
Published:
09/15/2026
Starting Date:
between 1/4/2027 and 1/8/2027
Ending Date:
between 9/20/2027 and 9/24/2027
Hours per Week:
40
Salary:
starting at $1,500 per month
Education Required:
Bachelors
Experience Required:
none
Location:
Cuenca, Ecuador and other South American countries
Tags:
Graduate Opportunities
Description
The PATHWAYS Program (Partnerships Along the Headwaters of the Americas for Young Scientists) is a National Science Foundation International Research Experience for Students (IRES), run jointly by Washington State University and the University of New Mexico. It places U.S. graduate students in interdisciplinary research on water and social-ecological systems across Central and South America. Student research topics can include watersheds, the downstream water-use systems, or the societies embedded in them, including the adaptation challenges posed by changing hydro-climatic conditions. Research on extraction and El Niño climate patterns will be a part of the program's focus this year. We're looking for students with an aptitude for interdisciplinary work and backgrounds in hydrologic science, engineering, ecology, or the social sciences.

The program runs over twelve months and combines online training with an in-person summer school in Cuenca, Ecuador and a funded research placement at a host institution in Central or South America:

• Spring training (Jan–Apr): online coursework and cohort-building
• Summer school in Cuenca, Ecuador (May): a mandatory two-week, in-person session grounded in real-world water-governance challenges
• International research experience (typically Jun–Aug): fieldwork at the student's chosen host institution
• Fall synthesis (Sep–Dec): online meetings and cross-case comparison, culminating in a research presentation to the network

Funding covers travel to and from the summer school and the research site, a subsistence stipend of $1,500/month during the international research experience, and support for research expenses.

To be eligible, applicants must be full-time graduate students who have not yet graduated and must be U.S. citizens, nationals, or permanent residents.

Full details and the pre-application form (deadline to submit is 10/2) are here: https://transect-of-the-americas.wsu.edu/pathways-program/. I've attached the program flyer as well, please feel free to post or forward it. There will be an info session for interested students on September 22nd at 12:00pm MST. Find the info session zoom link here: https://unm.zoom.us/j/5913811030?omn=95931081433

Contact
Alexander Fremier
alex.fremier@wsu.edu (preferred contact method)","Hours per Week:
40
Salary:
starting at $1,500 per month
Education Required:
Bachelors
Experience Required:
none","Funded Latin American-based research for U. edu/pathways-program/
Application Deadline:
10/02/2026
Published:
09/15/2026
Starting Date:
between 1/4/2027 and 1/8/2027
Ending Date:
between 9/20/2027 and 9/24/2027
Hours per Week:
40
Salary:
starting at $1,500 per month
Education Required:
Bachelors
Experience Required:
none
Location:
Cuenca, Ecuador and other South American countries
Tags:
Graduate Opportunities
Description
The PATHWAYS Program (Partnerships Along the Headwaters of the Americas for Young Scientists) is a National Science Foundation International Research Experience for Students (IRES), run jointly by Washington State University and the University of New Mexico. graduate students in interdisciplinary research on water and social-ecological systems across Central and South America",,"10/02/2026
Published:
09/15/2026
Starting Date:
between 1/4/2027 and 1/8/2027
Ending Date:
between 9/20/2027 and 9/24/2027
Hours per Week:
40
Salary:
starting at $1,500 per month
Education Required:
Bachelors
Experience Required:
none
Location:
Cuenca, Ecuador and other South American countries
Tags:
Graduate Opportunities
Description
The PATHWAYS Program (Partnerships Along the Headwaters of the Americas for Young Scientists) is a National Science Foundation International Research Experience for Students (IRES), run jointly by Washington State University and the University of New Mexico",True,0.9,Graduate,Unknown,0.0,[],True,University of Washington,2026-09-20T08:53:54.733336+00:00,scrape_20260920_085322_f5d35acf,2.0
USDA-ARS Postdoctoral Fellowship to Study Maize Genetic Resources,Oak Ridge Associated Universities (ORAU) (Private),"Ames, Iowa",Commensurate / Negotiable,after 11/1/2026,09/14/2026,Faculty / Post-Doc Appointments,https://jobs.rwfm.tamu.edu/view-job/?id=118783,"USDA-ARS Postdoctoral Fellowship to Study Maize Genetic Resources
Oak Ridge Associated Universities (ORAU) (Private) | https://orise.orau.gov/index.html
Details
Posting:
https://www.zintellect.com/Opportunity/Details/USDA-ARS-MWA-2026-0352
Application Deadline:
10/23/2026
Published:
09/14/2026
Starting Date:
after 11/1/2026
Hours per Week:
at least 40
Salary:
Commensurate / Negotiable
Education Required:
Doctorate
Experience Required:
none
Location:
Ames, Iowa
Tags:
Faculty / Post-Doc Appointments
Description
 *Applications are reviewed on a rolling-basis.

ARS Office/Lab and Location: A research opportunity is currently available with the U.S. Department of Agriculture (USDA), Agricultural Research Service (ARS), Plant Introduction Research Unit (PIRU), located in Ames, Iowa.

The Agricultural Research Service (ARS) is the U.S. Department of Agriculture's chief scientific in-house research agency with a mission to find solutions to agricultural problems that affect Americans every day from field to table. ARS will deliver cutting-edge, scientific tools and innovative solutions for American farmers, producers, industry, and communities to support the nourishment and well-being of all people; sustain our nation’s agroecosystems and natural resources; and ensure the economic competitiveness and excellence of our agriculture. The vision of the agency is to provide global leadership in agricultural discoveries through scientific excellence.

Research Project: Under the guidance of a mentor, you will engage in research aimed at improving seed regeneration methodology, phenotypic, and genotypic characterization of the USDA maize germplasm collection. Systematic and thorough genotypic and phenotypic characterization would improve collection utility and aid in facilitating the research needs of seed requestors. During the fellowship, you will collaborate with Iowa State University maize breeders and geneticists, PIRU unit members and established USDA ARS/academic/industry collaborators while conducting research. The maize collection will be regenerated in the field and greenhouse in Ames, Iowa, and other off-site nurseries as needed and resources allow. Genotyping activities will be outsourced, and data receipt and initial quality assessment will be coordinated with the genotyping service institution. You will receive sequence/genotype data, help conduct analyses to survey variation, calculate relationships, and other relevant analyses of genebank accessions. You will interact with collaborators to upload genotypic and phenotypic data directly into the GRIN-Global database or to link all data via an external public platform for access.

Learning Objectives: Under the guidance of a mentor, you will have the opportunity to learn to:

Conduct research efforts to measure, analyze, and use the genetic diversity in the USDA National Plant Germplasm System maize collection,
Discuss all genetic resource management activities,
Describe regeneration and phenotyping approaches in greenhouse and field experiments,
Describe approaches used for marker traits associations in crop plants, and;
Demonstrate communication (writing, presenting, etc.), collaboration and in conducting scientific research.
Mentor(s): The mentor for this opportunity is Adam Mahan (adam.mahan@usda.gov). If you have questions about the nature of the research, please contact the mentor(s).

Anticipated Appointment Start Date: November 2026. Start date is flexible and will depend on a variety of factors.

Appointment Length: The appointment will initially be for one year, but may be renewed upon recommendation of ARS and is contingent on the availability of funds.

Level of Participation: The appointment is full time.

Citizenship Requirements: This opportunity is available to U.S. citizens only.

ORISE Information: This program, administered by ORAU through its contract with the U.S. Department of Energy (DOE) to manage the Oak Ridge Institute for Science and Education (ORISE), was established through an interagency agreement between DOE and ARS. Participants do not become employees of USDA, ARS, DOE or the program administrator, and there are no employment-related benefits. Proof of health insurance is required for participation in this program. Health insurance can be obtained through ORISE.

Questions: Please visit our Program Website. After reading, if you have additional questions about the application process, please email ORISE.ARS.Midwest@orau.org and include the reference code for this opportunity.

Qualifications
The qualified candidate should be currently pursuing or have received a doctoral degree in the one of the relevant fields. Degree must have been received within the past five years, or anticipated to be received by 12/30/2026.

Preferred skills:

Experience with agricultural plant sciences, plant genetic resources, row-crop agriculture, plant genetics, plant breeding, molecular biology, bioinformatics, and data management.
Ability to curate, catalog, and store large amounts of data, samples, such as seeds, plants or DNA.
Experience caring for plants in the field, greenhouse, and growth chamber.
Comfortable with communication through phone, email, and in person
Stipend
$6,273.67 Monthly
Point of Contact
Michele
Eligibility Requirements
Citizenship: U.S. Citizen Only
Degree: Doctoral Degree received within the last 60 months or currently pursuing.
  Contact
USDA-ARS-MWA-2026-0352
contact via the web posting is preferred (see Details section)",Citizenship Requirements: This opportunity is available to U.S. citizens only.,"ARS Office/Lab and Location: A research opportunity is currently available with the U. Department of Agriculture (USDA), Agricultural Research Service (ARS), Plant Introduction Research Unit (PIRU), located in Ames, Iowa. The Agricultural Research Service (ARS) is the U",,"10/23/2026
Published:
09/14/2026
Starting Date:
after 11/1/2026
Hours per Week:
at least 40
Salary:
Commensurate / Negotiable
Education Required:
Doctorate
Experience Required:
none
Location:
Ames, Iowa
Tags:
Faculty / Post-Doc Appointments
Description
 *Applications are reviewed on a rolling-basis",True,0.95,Graduate,Natural Resource Management,0.154,"['natural resources', 'resource management', 'agriculture']",False,,2026-09-20T08:53:54.799630+00:00,scrape_20260920_085322_f5d35acf,2.0
USDA-ARS Fellowship in Livestock Genetic Diversity,Oak Ridge Associated Universities (ORAU) (Private),"Fort Collins, Colorado",Commensurate / Negotiable,after 10/31/2026,09/14/2026,Faculty / Post-Doc Appointments,https://jobs.rwfm.tamu.edu/view-job/?id=118786,"USDA-ARS Fellowship in Livestock Genetic Diversity
Oak Ridge Associated Universities (ORAU) (Private) | https://orise.orau.gov/index.html
Details
Posting:
https://www.zintellect.com/Opportunity/Details/USDA-ARS-PA-2026-0357
Application Deadline:
10/23/2026
Published:
09/14/2026
Starting Date:
after 10/31/2026
Hours per Week:
at least 40
Salary:
Commensurate / Negotiable
Education Required:
Doctorate
Experience Required:
none
Location:
Fort Collins, Colorado
Tags:
Faculty / Post-Doc Appointments
Description
 *Applications are reviewed on a rolling-basis.

ARS Office/Lab and Location: A research opportunity is currently available with the U.S. Department of Agriculture (USDA), Agriculture Research Service (ARS), located at Fort Collins, Colorado.

The Agricultural Research Service (ARS) is the U.S. Department of Agriculture's chief scientific in-house research agency with a mission to find solutions to agricultural problems that affect Americans every day from field to table. ARS will deliver cutting-edge, scientific tools and innovative solutions for American farmers, producers, industry, and communities to support the nourishment and well-being of all people; sustain our nation’s agroecosystems and natural resources; and ensure the economic competitiveness and excellence of our agriculture. The vision of the agency is to provide global leadership in agricultural discoveries through scientific excellence.

Research Project: During this appointment, you will have the opportunity to participate in projects focused on assessing the genetic diversity and how genetic diversity of pork quality changed from the 1990's to the present; determining the genetic uniqueness of chicken populations; and assessing genetic variability of cattle and swine semen samples placed under the stress of cryopreservation. 

Learning objectives: You will learn or enhance your current skillsets in the following:

Proficiency in genetic diversity analysis and trend evaluation
Expertise in assessing genetic uniqueness in livestock populations
Evaluation of genetic resilience under stress conditions, such as cryopreservation
Experience with advanced genetic assessment tools and methodologies using software programs such as ADMIXTURE, TreeMix, and GONe. 
Mentor(s): The mentor for this opportunity is Harvey Blackburn (harvey.blackburn@usda.gov). If you have questions about the nature of the research, please contact the mentor(s).

Anticipated Appointment Start Date: October 2026. Start date is flexible and will depend on a variety of factors. 

Appointment Length: The appointment will initially be for one year, but may be renewed upon recommendation of ARS and is contingent on the availability of funds.

Level of Participation: The appointment is full time.

Citizenship Requirements: This opportunity is available to U.S. citizens only.

ORISE Information: This program, administered by ORAU through its contract with the U.S. Department of Energy (DOE) to manage the Oak Ridge Institute for Science and Education (ORISE), was established through an interagency agreement between DOE and ARS. Participants do not become employees of USDA, ARS, DOE or the program administrator, and there are no employment-related benefits. Proof of health insurance is required for participation in this program. Health insurance can be obtained through ORISE.

Questions: Please visit our Program Website. After reading, if you have additional questions about the application process, please email ORISE.ARS.Plains@orau.org and include the reference code for this opportunity.

Qualifications
The qualified candidate should be currently pursuing a doctoral degree in the one of the relevant fields (e.g. Animal Breeding and Genetics), anticipated to be received by 12/31/2026.

Stipend
$75,785.00 – $79,000.00 Yearly
Point of Contact
Janeen
Eligibility Requirements
Citizenship: U.S. Citizen Only
Degree: Doctoral Degree.
  Contact
USDA-ARS-PA-2026-0357
contact via the web posting is preferred (see Details section)",Citizenship Requirements: This opportunity is available to U.S. citizens only.,"ARS Office/Lab and Location: A research opportunity is currently available with the U. Department of Agriculture (USDA), Agriculture Research Service (ARS), located at Fort Collins, Colorado. The Agricultural Research Service (ARS) is the U",,"10/23/2026
Published:
09/14/2026
Starting Date:
after 10/31/2026
Hours per Week:
at least 40
Salary:
Commensurate / Negotiable
Education Required:
Doctorate
Experience Required:
none
Location:
Fort Collins, Colorado
Tags:
Faculty / Post-Doc Appointments
Description
 *Applications are reviewed on a rolling-basis",True,0.95,Graduate,Unknown,0.0,[],False,,2026-09-20T08:53:54.873232+00:00,scrape_20260920_085322_f5d35acf,2.0
USDA-ARS Postdoctoral Fellowship in Grapevine Abiotic Stress Physiology and Genetics,Oak Ridge Associated Universities (ORAU) (Private),"Geneva, New York",Commensurate / Negotiable,after 11/1/2026,09/14/2026,Faculty / Post-Doc Appointments,https://jobs.rwfm.tamu.edu/view-job/?id=118787,"USDA-ARS Postdoctoral Fellowship in Grapevine Abiotic Stress Physiology and Genetics
Oak Ridge Associated Universities (ORAU) (Private) | https://orise.orau.gov/index.html
Details
Posting:
https://www.zintellect.com/Opportunity/Details/USDA-ARS-NEA-2026-0358
Application Deadline:
11/20/2026
Published:
09/14/2026
Starting Date:
after 11/1/2026
Hours per Week:
at least 40
Salary:
Commensurate / Negotiable
Education Required:
Doctorate
Experience Required:
none
Location:
Geneva, New York
Tags:
Faculty / Post-Doc Appointments
Description
 *Applications are reviewed on a rolling-basis.

ARS Office/Lab and Location: A research opportunity is currently available with the U.S. Department of Agriculture (USDA), Agricultural Research Service (ARS), located in Geneva, New York.

The Agricultural Research Service (ARS) is the U.S. Department of Agriculture's chief scientific in-house research agency with a mission to find solutions to agricultural problems that affect Americans every day from field to table. ARS will deliver cutting-edge, scientific tools and innovative solutions for American farmers, producers, industry, and communities to support the nourishment and well-being of all people; sustain our nation’s agroecosystems and natural resources; and ensure the economic competitiveness and excellence of our agriculture. The vision of the agency is to provide global leadership in agricultural discoveries through scientific excellence.

Research Project: This appointment is part of the Abiotic Stress Laboratory at Grape Genetics Research Unit (GGRU), USDA aimed to understand the grapevine response to environmental stresses like cold/freezing, drought, heat, and nutrient stresses. The research goal is to expedite research findings on understanding fundamental plant growth and developmental processes. You will advance your physiological and phenological knowledge on grapevine stress responses and enable identifying grapevines tolerant to adverse growing conditions. You will have an opportunity to gain experience in plant measurements on leaf gas exchange, plant water/nutrient hydraulics, chlorophyll fluorescence, and root system architecture trait identification.

The overall objectives of the project include:

Deep understanding of plant water relations to extreme environmental stresses.
Hands-on experience in measuring leaf gas exchange, plant water/nutrient hydraulics, chlorophyll fluorescence, and root system architecture adaptation.
Controlled (greenhouse/glass house/growth chambers) and field research experience.
Comprehensive understanding of biochemical, microscopical, and high throughput phenotyping technologies with plant stress research.
Under the guidance of a mentor, you will have the opportunity to utilize existing populations and germplasm for characterizing traits of interest and their underlying physiological mechanisms through experiments and integrate desirable traits/\mechanisms into pre-breeding lines to support the process of continuous germplasm improvement, discovery trait research and methodology optimization to reach greater breeding efficiency. The general research technologies/methodologies and approaches are derived from plant breeding, genomics, quantitative genetics, physiology, biotechnology, computational biology, and horticulture. You will be encouraged to establish robust collaborations with faculty at Cornell University, Cornell Agri-tech (Geneva Campus), and USDA-ARS scientists and produce quality research that will be published in open-access, peer-reviewed journals relevant to the field, as well as communicate with research networks within the scientific community.

Learning Objectives: As part of this learning experience, you may:

Learn how grapevine populations and germplasm are evaluated to identify traits associated with tolerance to adverse growing conditions.
Develop an understanding of how physiological mechanisms are connected to observable plant stress-response traits.
Gain exposure to plant breeding, genomics, quantitative genetics, biotechnology, horticulture, and pre-breeding approaches used to improve stress tolerance in grapevine breeding lines.
Learn how researchers make crosses, evaluate trait performance, select plants, and advance breeding generations to improve breeding efficiency.
Build experience documenting, communicating, and sharing research findings while collaborating with USDA-ARS, Cornell University, and Cornell AgriTech researchers and professional scientific networks.
Mentor(s): The mentor for this opportunity is Silvas Kirubakaran (silvas.kirubakaran@usda.gov). If you have questions about the nature of the research, please contact the mentor(s).

Anticipated Appointment Start Date: Fall 2026. Start date is flexible and will depend on a variety of factors.

Appointment Length: The appointment will initially be for one year, but may be renewed upon recommendation of ARS and is contingent on the availability of funds.

Level of Participation: The appointment is full time.

Citizenship Requirements: This opportunity is available to U.S. citizens only.

ORISE Information: This program, administered by ORAU through its contract with the U.S. Department of Energy (DOE) to manage the Oak Ridge Institute for Science and Education (ORISE), was established through an interagency agreement between DOE and ARS. Participants do not become employees of USDA, ARS, DOE or the program administrator, and there are no employment-related benefits. Proof of health insurance is required for participation in this program. Health insurance can be obtained through ORISE.

Questions: Please visit our Program Website. After reading, if you have additional questions about the application process, please email ORISE.ARS.Northeast@orau.org and include the reference code for this opportunity.

Qualifications
The qualified candidate should be currently pursuing or have received a doctoral degree in the one of the relevant fields. 

Preferred skills:

Deep understanding of plant water relations to extreme environmental stresses.
Hands-on experience in measuring leaf gas exchange (LICor 6800XT) , plant water/nutrient hydraulics, chlorophyll fluorescence, and root system architecture adaptation.
Designing experiments, performing measurements in the laboratory and field sites,
Controlled (greenhouse/glass house/growth chambers) and field research experience.
Comprehensive understanding of biochemical, microscopical, and high throughput phenotyping technologies with plant stress research.
Hands-on experience in the use state of art physiological instrumentation,genetic/genomic analysis, data collection, and visualization.
Experience in assessing whole-plant stress physiology responses in laboratory and field with various physiological instruments and genetic analysis.
Stipend
$72,000.00 – $74,000.00 Yearly
Point of Contact
Janeen
Eligibility Requirements
Citizenship: U.S. Citizen Only
Degree: Doctoral Degree.
  Contact
USDA-ARS-NEA-2026-0358
contact via the web posting is preferred (see Details section)",Citizenship Requirements: This opportunity is available to U.S. citizens only.,"ARS Office/Lab and Location: A research opportunity is currently available with the U. Department of Agriculture (USDA), Agricultural Research Service (ARS), located in Geneva, New York. The Agricultural Research Service (ARS) is the U",,"11/20/2026
Published:
09/14/2026
Starting Date:
after 11/1/2026
Hours per Week:
at least 40
Salary:
Commensurate / Negotiable
Education Required:
Doctorate
Experience Required:
none
Location:
Geneva, New York
Tags:
Faculty / Post-Doc Appointments
Description
 *Applications are reviewed on a rolling-basis",False,0.9,Professional,Unknown,0.0,[],False,,2026-09-20T08:53:54.942113+00:00,scrape_20260920_085322_f5d35acf,2.0
Forestry Fellow,Tennessee Aquarium (Private),"Chattanooga, Tennessee",$16 per hour,between 9/28/2026 and 10/9/2026,09/16/2026,Undergraduate Opportunities,https://jobs.rwfm.tamu.edu/view-job/?id=118842,"Forestry Fellow
Tennessee Aquarium (Private) | https://tnaqua.org/
Details
Posting:
https://recruiting2.ultipro.com/TEN1003TNAQ/JobBoard/12ee8ae7-931c-4fa4-a24a-ff683f36b8c3/?q=&o=postedDateDesc
Application Deadline:
09/30/2026
Published:
09/16/2026
Starting Date:
between 9/28/2026 and 10/9/2026
Ending Date:
between 12/14/2026 and 1/1/2027
Hours per Week:
20 - 30
Salary:
$16 per hour
Education Required:
Some Undergraduate
Experience Required:
none
Location:
Chattanooga, Tennessee
Tags:
Undergraduate Opportunities
Description
Thank you for your interest in a Forestry fellowship at the Tennessee Aquarium in Chattanooga, Tennessee! The Aquarium hopes this experience helps guide and empower conservation-minded students to develop solutions to complex conservation challenges in our communities and gain valuable hands-on work experience. Our history of giving high-potential students the opportunity to work at our Aquarium has shown that such professional experience opens new career options for students from all walks of life. 

Forestry Fellows are exposed to several biology-related positions working within the Tennessee Aquarium's Husbandry Department Forest section. This hands-on opportunity offers an understanding of our reptile and amphibian collection specializing in our turtle environments, and also keeping our Delta Country exhibit clean, interesting, and engaging for our visiting guests.

 Key Responsibilities
·         Performs animal husbandry duties which may include cleaning exhibits, preparing food, feeding animals, maintaining exhibits, monitoring animal behavior, and learning appropriate quarantine and disease prevention protocols
·         Provides exemplary interpretation and assistance in programs

·         Maintains appropriate logs and records

·         Interacts with staff, volunteers, and public in a professional and ethical manner

 Qualifications
·         Current college student or recent graduate) with science or animal-related major
·         Able to commit to the full internship of 120 hours during the designated semester; hour requirements per week may vary based on fellowship activities

·         Able to climb ladders, lift and carry 50 lbs.; work in hot/cold, wet, and/or slippery conditions

·         Provide a letter of reference from an advisor, faculty member or previous employer

·         Provide a college transcript with a minimum GPA of 2.5

·         Preferences given to students seeking internships for college credit or that are affiliated with an active research project

Seasonal, hourly ($16/hour); Fall semester fellowship (Runs through end of semester, September – December 31), weekends required.

To apply, candidates are asked to submit an online application, resume, cover letter, references, and unofficial transcript at https://recruiting2.ultipro.com/TEN1003TNAQ/JobBoard/12ee8ae7-931c-4fa4-a24a-ff683f36b8c3/?q=&o=postedDateDesc 
 All submissions must be received by September 30, 2025.
Contact
Victoria Langdon
4237852004
vlangdon@tnaqua.org (preferred contact method)","Thank you for your interest in a Forestry fellowship at the Tennessee Aquarium in Chattanooga, Tennessee! The Aquarium hopes this experience helps guide and empower conservation-minded students to develop solutions to complex conservation challenges in our communities and gain valuable hands-on work experience. Our history of giving high-potential students the opportunity to work at our Aquarium has shown that such professional experience opens new career options for students from all walks of life. 

Forestry Fellows are exposed to several biology-related positions working within the Tennessee Aquarium's Husbandry Department Forest section. This hands-on opportunity offers an understanding of our reptile and amphibian collection specializing in our turtle environments, and also keeping our Delta Country exhibit clean, interesting, and engaging for our visiting guests.

 Key Responsibilities
·         Performs animal husbandry duties which may include cleaning exhibits, preparing food, feeding animals, maintaining exhibits, monitoring animal behavior, and learning appropriate quarantine and disease prevention protocols
·         Provides exemplary interpretation and assistance in programs

·         Maintains appropriate logs and records

·         Interacts with staff, volunteers, and public in a professional and ethical manner

 Qualifications
·         Current college student or recent graduate) with science or animal-related major
·         Able to commit to the full internship of 120 hours during the designated semester; hour requirements per week may vary based on fellowship activities

·         Able to climb ladders, lift and carry 50 lbs.; work in hot/cold, wet, and/or slippery conditions

·         Provide a letter of reference from an advisor, faculty member or previous employer

·         Provide a college transcript with a minimum GPA of 2.5

·         Preferences given to students seeking internships for college credit or that are affiliated with an active research project

Seasonal, hourly ($16/hour); Fall semester fellowship (Runs through end of semester, September – December 31), weekends required.

To apply, candidates are asked to submit an online application, resume, cover letter, references, and unofficial transcript at https://recruiting2.ultipro.com/TEN1003TNAQ/JobBoard/12ee8ae7-931c-4fa4-a24a-ff683f36b8c3/?q=&o=postedDateDesc 
 All submissions must be received by September 30, 2025.","5

·         Preferences given to students seeking internships for college credit or that are affiliated with an active research project

Seasonal, hourly ($16/hour); Fall semester fellowship (Runs through end of semester, September – December 31), weekends required",,"09/30/2026
Published:
09/16/2026
Starting Date:
between 9/28/2026 and 10/9/2026
Ending Date:
between 12/14/2026 and 1/1/2027
Hours per Week:
20 - 30
Salary:
$16 per hour
Education Required:
Some Undergraduate
Experience Required:
none
Location:
Chattanooga, Tennessee
Tags:
Undergraduate Opportunities
Description
Thank you for your interest in a Forestry fellowship at the Tennessee Aquarium in Chattanooga, Tennessee! The Aquarium hopes this experience helps guide and empower conservation-minded students to develop solutions to complex conservation challenges in our communities and gain valuable hands-on work experience",True,0.95,Graduate,Unknown,0.0,[],True,Indiana University,2026-09-20T08:53:55.016013+00:00,scrape_20260920_085322_f5d35acf,2.0
Assistant Professor (Ecologist),College of William & Mary (State),"William & Mary, Integrated Science Center (Williamsburg, Virginia)",Commensurate / Negotiable,after 8/10/2027,09/18/2026,Faculty / Post-Doc Appointments,https://jobs.rwfm.tamu.edu/view-job/?id=118876,"Assistant Professor (Ecologist)
College of William & Mary (State)
Details
Posting:
https://williammary.wd12.myworkdayjobs.com/en-US/WM/details/Assistant-Professor-of-Biology--Ecologist-_JR102072
Application Deadline:
10/17/2026
Published:
09/18/2026
Starting Date:
after 8/10/2027
Hours per Week:
40 - 60
Salary:
Commensurate / Negotiable
Education Required:
Doctorate
Experience Required:
none
Location:
William & Mary, Integrated Science Center (Williamsburg, Virginia)
Tags:
Faculty / Post-Doc Appointments
Description
The Department of Biology at William & Mary, a public university of the Commonwealth of Virginia, seeks applications for a tenure track position at the Assistant Professor level in Ecology. Appointment will begin August 10, 2027. We are interested in individuals with research and teaching expertise in ecology with a specialization in biostatistics and/or quantitative biology. Applicants whose research is focused on any aspect of ecology will be considered as long as there is a strong quantitative aspect to their research and teaching interests.
 Duties include research, teaching, and service to the University. The applicant is expected to establish and maintain a vibrant externally funded research program that inspires a highly motivated body of undergraduate and master’s students. Teaching duties include a large, undergraduate introductory biostatistics course that serves students across the biology department, engaging undergraduate courses in ecology, and other lecture or seminar-style courses in the applicant’s area of expertise, including an advanced or graduate-level biostatistics course. Teaching expectation is 2 courses per semester.

 Required Qualifications: 
·       Applicants must hold a Ph.D. in biology, biomathematics or biostatistics, or a closely related field, at the time the appointment begins (August 10, 2027).
·       Applicants must have completed 18 graduate credit hours in the discipline in which they will teach.
·       Evidence of research expertise in ecology, biomathematics, or significant experience in other areas of quantitative ecology.
·       Evidence of teaching expertise in ecology, biostatistics, or significant experience in other areas of quantitative biology or biomathematics.
·       Ability to teach compelling courses in ecology and biostatistics
·       Experience (or ability) to teach other lecture and seminar-style courses
 
Preferred Qualifications: 
·       Previous teaching experience in ecology and an established record of mentoring undergraduate and/or graduate research is preferred. 
·       Evidence of scholarly achievement, including peer-reviewed publications in competitive outlets and nationally competitive grants or other awards, will be viewed favorably. 
·       Postdoctoral experience strongly preferred
·       A research program that can leverage on-campus and local natural resources and sites will be viewed as desirable.
 Applicants must apply online at https://go.wm.edu/VphZB3. All applications must consist of the following materials for full consideration. Please note: No more than 5 individual documents may be uploaded into the upload field provided (“i.e. Resume/Coverletter” upload field). Each individual file must not exceed a size limit of 5MB. If necessary, candidates can compress multiple files into a single zip file for upload:
·       Curriculum vitae;
·       Cover letter;
·       A 2-3 page statement of teaching interests that describes your approach to teaching and mentoring and that may also incorporate a discussion of how your past scholarly work informs your approach 
·       A 2-3 page statement of research interests; 
·       Unofficial graduate transcripts outlining proof of 18 graduate credit hours in the curricular area  specified in the position description above. For international hires, a letter of graduate credit hour completion from your graduate school may be submitted if unofficial transcripts are not provided by your university; and

 Applicants are encouraged to reflect on teaching and mentoring practices that advance academic excellence and success of all learners/scholars in any of the aforementioned required documents.  
 Candidates who reach the first-round virtual interview stage will be prompted to submit online the names and email addresses of three references who will be contacted by the system with instructions for how to submit a letter of reference.
 For full consideration, submit application materials no later than October 17, 2026. Applications received after the initial application deadline will be considered if needed. All required supplemental application materials mentioned above must be clearly identified and included with your application for full consideration. 
 Information on the degree programs in the Department of Biology may be found at https://www.wm.edu/as/biology/. Please contact Dr. Dan Cristol (dacris@wm.edu) with any questions regarding the position.
 Benefits
William & Mary offers our full-time employees a full array of benefits including retirement, health insurance with options for expanded dental and vision along with group and optional life insurance with coverage for spouse and children, flexible spending accounts, and an EAP (Employee Assistance Program). 
 Our employees enjoy additional university benefits such as educational assistance, professional development, wellness benefits, and a robust holiday schedule. Housing Relocation Resources are also available to help new employees transition successfully to the area. All employees have access to fitness facilities on campus, to the university libraries, and much more. To learn more, go to: https://www.wm.edu/offices/uhr/benefits/index.php?type=none 
 Conditions of Employment
This position may require additional hours beyond the typical work week, including occasional overnight and weekend work as needed to meet the business needs of the operation. 
 Applicant Notice: By applying for this position, you consent to William & Mary's use, review, and retention of your application materials for recruitment and employment purposes. Materials may be shared with authorized individuals participating in the hiring process and will be managed in accordance with applicable laws and university policies.
 EEO is the Law.  Applicants can learn more about William & Mary’s status as an equal opportunity employer by viewing the ""Know Your Rights"" poster published by the U.S. Equal Employment Opportunity Commission. https://www.eeoc.gov/know-your-rights-workplace-discrimination-illegal. William & Mary conducts background checks on applicants being considered for employment.    
  Contact
Daniel Cristol
7578693852
dacris@wm.edu (preferred contact method)","The Department of Biology at William & Mary, a public university of the Commonwealth of Virginia, seeks applications for a tenure track position at the Assistant Professor level in Ecology. Appointment will begin August 10, 2027. We are interested in individuals with research and teaching expertise in ecology with a specialization in biostatistics and/or quantitative biology. Applicants whose research is focused on any aspect of ecology will be considered as long as there is a strong quantitative aspect to their research and teaching interests.
 Duties include research, teaching, and service to the University. The applicant is expected to establish and maintain a vibrant externally funded research program that inspires a highly motivated body of undergraduate and master’s students. Teaching duties include a large, undergraduate introductory biostatistics course that serves students across the biology department, engaging undergraduate courses in ecology, and other lecture or seminar-style courses in the applicant’s area of expertise, including an advanced or graduate-level biostatistics course. Teaching expectation is 2 courses per semester.

 Required Qualifications: 
·       Applicants must hold a Ph.D. in biology, biomathematics or biostatistics, or a closely related field, at the time the appointment begins (August 10, 2027).
·       Applicants must have completed 18 graduate credit hours in the discipline in which they will teach.
·       Evidence of research expertise in ecology, biomathematics, or significant experience in other areas of quantitative ecology.
·       Evidence of teaching expertise in ecology, biostatistics, or significant experience in other areas of quantitative biology or biomathematics.
·       Ability to teach compelling courses in ecology and biostatistics
·       Experience (or ability) to teach other lecture and seminar-style courses
 
Preferred Qualifications: 
·       Previous teaching experience in ecology and an established record of mentoring undergraduate and/or graduate research is preferred. 
·       Evidence of scholarly achievement, including peer-reviewed publications in competitive outlets and nationally competitive grants or other awards, will be viewed favorably. 
·       Postdoctoral experience strongly preferred
·       A research program that can leverage on-campus and local natural resources and sites will be viewed as desirable.
 Applicants must apply online at https://go.wm.edu/VphZB3. All applications must consist of the following materials for full consideration. Please note: No more than 5 individual documents may be uploaded into the upload field provided (“i.e. Resume/Coverletter” upload field). Each individual file must not exceed a size limit of 5MB. If necessary, candidates can compress multiple files into a single zip file for upload:
·       Curriculum vitae;
·       Cover letter;
·       A 2-3 page statement of teaching interests that describes your approach to teaching and mentoring and that may also incorporate a discussion of how your past scholarly work informs your approach 
·       A 2-3 page statement of research interests; 
·       Unofficial graduate transcripts outlining proof of 18 graduate credit hours in the curricular area  specified in the position description above. For international hires, a letter of graduate credit hour completion from your graduate school may be submitted if unofficial transcripts are not provided by your university; and

 Applicants are encouraged to reflect on teaching and mentoring practices that advance academic excellence and success of all learners/scholars in any of the aforementioned required documents.  
 Candidates who reach the first-round virtual interview stage will be prompted to submit online the names and email addresses of three references who will be contacted by the system with instructions for how to submit a letter of reference.
 For full consideration, submit application materials no later than October 17, 2026. Applications received after the initial application deadline will be considered if needed. All required supplemental application materials mentioned above must be clearly identified and included with your application for full consideration. 
 Information on the degree programs in the Department of Biology may be found at https://www.wm.edu/as/biology/. Please contact Dr. Dan Cristol (dacris@wm.edu) with any questions regarding the position.
 Benefits
William & Mary offers our full-time employees a full array of benefits including retirement, health insurance with options for expanded dental and vision along with group and optional life insurance with coverage for spouse and children, flexible spending accounts, and an EAP (Employee Assistance Program). 
 Our employees enjoy additional university benefits such as educational assistance, professional development, wellness benefits, and a robust holiday schedule. Housing Relocation Resources are also available to help new employees transition successfully to the area. All employees have access to fitness facilities on campus, to the university libraries, and much more. To learn more, go to: https://www.wm.edu/offices/uhr/benefits/index.php?type=none 
 Conditions of Employment
This position may require additional hours beyond the typical work week, including occasional overnight and weekend work as needed to meet the business needs of the operation. 
 Applicant Notice: By applying for this position, you consent to William & Mary's use, review, and retention of your application materials for recruitment and employment purposes. Materials may be shared with authorized individuals participating in the hiring process and will be managed in accordance with applicable laws and university policies.
 EEO is the Law.  Applicants can learn more about William & Mary’s status as an equal opportunity employer by viewing the ""Know Your Rights"" poster published by the U.S. Equal Employment Opportunity Commission. https://www.eeoc.gov/know-your-rights-workplace-discrimination-illegal. William & Mary conducts background checks on applicants being considered for employment.","We are interested in individuals with research and teaching expertise in ecology with a specialization in biostatistics and/or quantitative biology. Applicants whose research is focused on any aspect of ecology will be considered as long as there is a strong quantitative aspect to their research and teaching interests. Duties include research, teaching, and service to the University",,"10/17/2026
Published:
09/18/2026
Starting Date:
after 8/10/2027
Hours per Week:
40 - 60
Salary:
Commensurate / Negotiable
Education Required:
Doctorate
Experience Required:
none
Location:
William & Mary, Integrated Science Center (Williamsburg, Virginia)
Tags:
Faculty / Post-Doc Appointments
Description
The Department of Biology at William & Mary, a public university of the Commonwealth of Virginia, seeks applications for a tenure track position at the Assistant Professor level in Ecology",True,0.95,Graduate,Unknown,0.0,[],False,,2026-09-20T08:53:55.086537+00:00,scrape_20260920_085322_f5d35acf,2.0
Ph.D. position in Aquatic Ecology – Ohio State University,The Ohio State University (State),"Columbus, Ohio","starting at $2,750 per month",after 8/16/2027,09/14/2026,Graduate Opportunities,https://jobs.rwfm.tamu.edu/view-job/?id=118769,"Ph.D. position in Aquatic Ecology – Ohio State University
The Ohio State University (State) | https://ael.osu.edu
Details
Posting:
https://eeob.osu.edu/grad/program-admissions
Application Deadline:
12/01/2026
Published:
09/14/2026
Starting Date:
after 8/16/2027
Hours per Week:
20
Salary:
starting at $2,750 per month
Education Required:
Bachelors
Experience Required:
none
Location:
Columbus, Ohio
Tags:
Graduate Opportunities
Description
Ph.D. position in Aquatic Ecology – Ohio State University
 Hood Lab, Aquatic Ecology Laboratory, Department of Evolution, Ecology, and Organismal Biology, The Ohio State University
 The Hood Lab is recruiting a Ph.D. student to conduct research on a U.S. Department of Agriculture funded project that focuses on phosphorus cycling in ditches and streams in agriculture-dominated landscapes. The graduate student would join an interdisciplinary team focused on understanding how tile drainage impacts water, sediment, and nutrient dynamics. The student’s research would focus on determining how tile drains influence in-channel phosphorus storage and transformations. The project involves fieldwork in Ohio and Michigan as well as the use of sensors and game cameras to characterize dissolved oxygen, temperature, stream-channel form, and hydrologic characteristics. 
 The ideal candidate would have a Masters degree and be highly motivated and honest, with strong quantitative skills, an interest in applied aquatic ecology, and a background in ecology, biogeochemistry, soils, geomorphology, and/or hydrology. I seek to maintain a productive, diverse, and team-orientated lab group. 
 The student would be supported by teaching and research assistantships. In EEOB, graduate assistantship includes a stipend of at least $2,750 per month, health benefits, and a tuition/fee waiver.
 If interested, please email Jim Hood (hood.211@osu.edu) a single PDF containing (1) a statement of interest, (2) a CV, and (3) contact information for three references. I will begin reviewing candidate applications immediately and ultimately invite selected applicants to apply to the department. The department's application deadline is 15 Nov 2026.
 Additional information about application procedures and requirements: https://eeob.osu.edu/grad/program-admissions
 More information about the Aquatic Ecology Lab: https://ael.osu.edu
Contact
Jim Hood
614-292-5383
hood.211@osu.edu (preferred contact method)","Ph.D. position in Aquatic Ecology – Ohio State University
 Hood Lab, Aquatic Ecology Laboratory, Department of Evolution, Ecology, and Organismal Biology, The Ohio State University
 The Hood Lab is recruiting a Ph.D. student to conduct research on a U.S. Department of Agriculture funded project that focuses on phosphorus cycling in ditches and streams in agriculture-dominated landscapes. The graduate student would join an interdisciplinary team focused on understanding how tile drainage impacts water, sediment, and nutrient dynamics. The student’s research would focus on determining how tile drains influence in-channel phosphorus storage and transformations. The project involves fieldwork in Ohio and Michigan as well as the use of sensors and game cameras to characterize dissolved oxygen, temperature, stream-channel form, and hydrologic characteristics. 
 The ideal candidate would have a Masters degree and be highly motivated and honest, with strong quantitative skills, an interest in applied aquatic ecology, and a background in ecology, biogeochemistry, soils, geomorphology, and/or hydrology. I seek to maintain a productive, diverse, and team-orientated lab group. 
 The student would be supported by teaching and research assistantships. In EEOB, graduate assistantship includes a stipend of at least $2,750 per month, health benefits, and a tuition/fee waiver.
 If interested, please email Jim Hood (hood.211@osu.edu) a single PDF containing (1) a statement of interest, (2) a CV, and (3) contact information for three references. I will begin reviewing candidate applications immediately and ultimately invite selected applicants to apply to the department. The department's application deadline is 15 Nov 2026.
 Additional information about application procedures and requirements: https://eeob.osu.edu/grad/program-admissions
 More information about the Aquatic Ecology Lab: https://ael.osu.edu",student to conduct research on a U. The student’s research would focus on determining how tile drains influence in-channel phosphorus storage and transformations. The student would be supported by teaching and research assistantships,,"12/01/2026
Published:
09/14/2026
Starting Date:
after 8/16/2027
Hours per Week:
20
Salary:
starting at $2,750 per month
Education Required:
Bachelors
Experience Required:
none
Location:
Columbus, Ohio
Tags:
Graduate Opportunities
Description
Ph",True,0.95,Graduate,Fisheries & Aquatic Science,0.15,"['aquatic', 'stream', 'aquatic ecology', 'hydrology']",True,Ohio State University,2026-09-20T08:53:55.156757+00:00,scrape_20260920_085322_f5d35acf,2.0
MS position - Marshall U - Palmquist Lab - Drivers of Dryland Plant Community Change,Marshall University (State),"Marshall University (Huntington, West Virginia)","up to $24,000 per year",between 7/30/2027 and 8/11/2027,09/14/2026,Graduate Opportunities,https://jobs.rwfm.tamu.edu/view-job/?id=118762,"MS position - Marshall U - Palmquist Lab - Drivers of Dryland Plant Community Change
Marshall University (State) | http://www.kylepalmquist.org
Details
Application Deadline:
11/04/2026
Published:
09/14/2026
Starting Date:
between 7/30/2027 and 8/11/2027
Hours per Week:
at most 40
Salary:
up to $24,000 per year
Education Required:
Bachelors
Experience Required:
at least 1 year
Location:
Marshall University (Huntington, West Virginia)
Tags:
Graduate Opportunities
Description
 The Palmquist Lab at Marshall University is recruiting for an NSF funded MS position focused on evaluating the impacts of multiple global change drivers on dryland plant communities. Our research focuses on quantifying vegetation dynamics over space and time and identifying how the relative importance of ecological processes structuring plant communities changes with spatial and temporal scale. In addition, a key goal of our research is to understand how pattern and process in plant communities will be altered in the face of global environmental change. An important motivation for our work is to address ecological questions at large spatial scales to inform landscape conservation. We collect field data, use existing large observational data sets, and implement simulation modeling to address these goals in temperate shrublands, wetlands, woodlands, and forests. Additional information about the lab can be found at http://www.kylepalmquist.org/. 
 RESEARCH FOCUS: The successful candidate will broadly explore the interacting effects of climate change, wildfire, and livestock grazing intensity on big sagebrush plant communities throughout their spatial extent in the western US. These water-limited ecosystems are undergoing rapid environmental change due to multiple stressors (climate change, increases in wildfire activity, species invasions) and represent some of the most threatened systems in North America. This project is supported by a five-year NSF grant and will leverage an individual-based plant simulation model to quantify the impacts of multiple global change drivers on big sagebrush plant communities under future conditions. Potential focal projects the MS student would lead include: the role of competition in altering plant functional type responses to global change drivers and the implications for shrub-grass coexistence or leveraging livestock grazing as a tool to prevent the spread of invasive species and decrease wildfire risk under a future climate. This project will provide collaborative opportunities with ecologists at Yale University, and with scientists and managers from multiple federal agencies (BLM, USGS, USFWS, USFS, USDA ARS). 
 REQUIRED QUALIFICATIONS: A background and relevant course work in ecology and statistics, knowledge and experience in sagebrush ecosystems of the western U.S., strong communication skills, and strong quantitative skills. Experience in ecological modeling and computer programming is highly desirable. An interest in learning modeling is required. 
 EXPECTATIONS: The successful candidate will be expected to conduct high-quality research, serve as a teaching assistant within the Department of Biological Sciences for one year, present their research to the scientific community at regional and national meetings, and publish in peer-reviewed scientific journals. 
 TIMELINE: The position is available starting August 2027. 
 FUNDING: Funding will consist of a combination of research and teaching assistantships for two years (one year teaching assistantship, one year research assistantship). A 12-month stipend ($24,000), and full tuition waiver will be provided. The student is responsible for covering University fees and health insurance. 
 HOW TO APPLY: Interested students should apply by submitting the following to Dr. Kyle Palmquist (palmquist@marshall.edu): 1) short statement of research interests and career goals (no longer than 1 page), 2) CV, 3) unofficial transcripts, and 4) contact information for three professional references. Please include: “MS position - dryland plant communities” and your name in the email subject. 
 DEADLINE TO APPLY: No later than November 2, 2026. 
 Review of applications will begin immediately and continue until a candidate is selected. I will contact you to discuss your research interests and goals for graduate school if I determine you would be a good fit for the lab. If selected, a full application must be submitted to the Department of Biological Sciences at Marshall University, Huntington, WV. Faculty in the Department of Biological Sciences have expertise in a variety of biological fields, including but not limited to ecology, evolution, organismal biology, and physiology. More information about the Department and its programs can be found here: https://www.marshall.edu/biology/. Application requirements for admission to the DBS graduate program can be found here: https://www.marshall.edu/biology/admission/. 
 Marshall University is located in Huntington, an affordable college town located on the Ohio River in the beautiful state of West Virginia. The town is small enough to get around on foot and bike, but large enough to support a variety of restaurants and other cultural activities. Huntington and the surrounding area offer ample recreational opportunities (hiking, skiing, rafting), along with proximity to larger cities, including Louisville, KY, Cincinnati, OH, and Columbus, OH. In the Palmquist Lab, we highly value and encourage work-life balance. 
 I strongly encourage students from diverse backgrounds and experiences to apply. Feel free to contact me with questions at any time. 
Contact
Kyle Palmquist
palmquist@marshall.edu (preferred contact method)","REQUIRED QUALIFICATIONS: A background and relevant course work in ecology and statistics, knowledge and experience in sagebrush ecosystems of the western U.S., strong communication skills, and strong quantitative skills. Experience in ecological modeling and computer programming is highly desirable. An interest in learning modeling is required.","Our research focuses on quantifying vegetation dynamics over space and time and identifying how the relative importance of ecological processes structuring plant communities changes with spatial and temporal scale. In addition, a key goal of our research is to understand how pattern and process in plant communities will be altered in the face of global environmental change. RESEARCH FOCUS: The successful candidate will broadly explore the interacting effects of climate change, wildfire, and livestock grazing intensity on big sagebrush plant communities throughout their spatial extent in the western US",,"11/04/2026
Published:
09/14/2026
Starting Date:
between 7/30/2027 and 8/11/2027
Hours per Week:
at most 40
Salary:
up to $24,000 per year
Education Required:
Bachelors
Experience Required:
at least 1 year
Location:
Marshall University (Huntington, West Virginia)
Tags:
Graduate Opportunities
Description
 The Palmquist Lab at Marshall University is recruiting for an NSF funded MS position focused on evaluating the impacts of multiple global change drivers on dryland plant communities",False,0.9,Professional,Natural Resource Management,0.19,"['wildfire', 'recreation', 'hunting', 'grazing', 'livestock']",False,,2026-09-20T08:53:55.228597+00:00,scrape_20260920_085322_f5d35acf,2.0
MSc in Biology at Boise State University – Evolutionary History and Conservation of Sharp-tailed Grouse,Boise State University (State),"Boise, Idaho","starting at $22,000 per year",after 5/12/2027,09/18/2026,Graduate Opportunities,https://jobs.rwfm.tamu.edu/view-job/?id=118875,"MSc in Biology at Boise State University – Evolutionary History and Conservation of Sharp-tailed Grouse
Boise State University (State) | https://www.boisestate.edu/
Details
Application Deadline:
10/16/2026
Published:
09/18/2026
Starting Date:
after 5/12/2027
Hours per Week:
40
Salary:
starting at $22,000 per year
Education Required:
Bachelors
Experience Required:
at least 1 year
Location:
Boise, Idaho
Tags:
Graduate Opportunities
Description
The Conservation Genetics Lab at Boise State University, led by Dr. Stephanie Galla, is seeking a motivated graduate student to join the M.S. in Biology program through a National Science Foundation–funded research project.

The student will investigate the evolutionary history and conservation genetics of Sharp-tailed Grouse, using genomic data from both modern and historic specimens. The project will combine approaches in genomics, bioinformatics, evolutionary biology, and conservation biology to address questions about subspecies boundaries, population history, and changes in biodiversity through time.

Although the academic program will begin in Fall 2027, we intend for the applicant to begin research in May 2027 to advance their initial laboratory work over the summer. NSF Funding is available to pay for the summer work before fall semester begins. 

Funding

This position is supported by a Teaching Assistantship, which includes:
Tuition 
Healthcare benefits
$22,000 annual stipend

Learn more about graduate study in Biology at Boise State University at this website here.

Project Description

The Intermountain West has experienced substantial habitat loss accompanied by declines in biodiversity. One subspecies of particular conservation concern is the Columbian Sharp-tailed Grouse (Tympanuchus phasianellus columbianus). Despite ongoing conservation efforts, important questions remain about the evolutionary history, population structure, and subspecific boundaries of Sharp-tailed Grouse.
This project will use genomic sequencing of modern and historic specimens from across the range of Columbian Sharp-tailed Grouse and other Sharp-tailed Grouse subspecies to investigate:

The evolutionary history of Sharp-tailed Grouse, including proposed subspecific boundaries
Changes in genetic diversity in Columbian Sharp-tailed Grouse over time 

The successful student will work closely with a collaborative team of scientists and will gain hands-on experience at the intersection of conservation genetics, genomics, bioinformatics, and evolutionary biology. The project offers opportunities to develop skills in laboratory methods, genomic data analysis, coding, and interpretation of genetic data for conservation and management.

Required Qualifications
BSc in Biology or a related field (minimum GPA of 3.0)
Strong interest in avian ecology, evolution, conservation, and/or molecular genetics
Basic laboratory experience
Strong organizational skills and attention to detail
Ability to work both independently and collaboratively in a research team


Preferred Qualifications
Experience with bioinformatics or coding (e.g., R, Python, or Linux/Unix)
Experience working with molecular or genomic data
Strong written and oral communication skills
Enthusiasm for interdisciplinary research bridging genetics, bioinformatics, evolution, and conservation
A positive attitude and commitment to contributing to a respectful, inclusive, and collaborative lab environment

Applicants do not need to have experience in all of these areas to apply. We are particularly interested in students who are excited to learn new approaches and develop their skills through graduate research.

Application Instructions

Interested candidates should send the following materials to Dr. Stephanie Galla at stephaniegalla [at] boisestate.edu by October 15, 2026:

Cover Letter (1 page) – Describe your research interests, relevant experience and skills (see required and preferred qualifications), and why you are interested in this project and the Conservation Genetics Lab.
Curriculum Vitae (CV) – Please include your GPA, relevant research or laboratory experience, and contact information for three references.

For more information about the lab and current research, visit the Conservation Genetics Lab website.
Questions about the position or project are welcome by email.


Contact
Dr. Stephanie Galla
stephaniegalla@boisestate.edu (preferred contact method)","Hours per Week:
40
Salary:
starting at $22,000 per year
Education Required:
Bachelors
Experience Required:
at least 1 year","in Biology program through a National Science Foundation–funded research project. Although the academic program will begin in Fall 2027, we intend for the applicant to begin research in May 2027 to advance their initial laboratory work over the summer. 0)
Strong interest in avian ecology, evolution, conservation, and/or molecular genetics
Basic laboratory experience
Strong organizational skills and attention to detail
Ability to work both independently and collaboratively in a research team


Preferred Qualifications
Experience with bioinformatics or coding (e",,"10/16/2026
Published:
09/18/2026
Starting Date:
after 5/12/2027
Hours per Week:
40
Salary:
starting at $22,000 per year
Education Required:
Bachelors
Experience Required:
at least 1 year
Location:
Boise, Idaho
Tags:
Graduate Opportunities
Description
The Conservation Genetics Lab at Boise State University, led by Dr",False,0.6,Professional,Unknown,0.0,[],False,,2026-09-20T08:53:55.301946+00:00,scrape_20260920_085322_f5d35acf,2.0
Assistant/Associate Professor in Social Science & Sustainability,Virginia Polytechnic Institute and State University. (State),"Virginia Tech (Blacksburg, Virginia)","$85,000 to $125,000 per year",after 8/10/2027,09/15/2026,Faculty / Post-Doc Appointments,https://jobs.rwfm.tamu.edu/view-job/?id=118798,"Assistant/Associate Professor in Social Science & Sustainability
Virginia Polytechnic Institute and State University. (State) | https://www.vt.edu/
Details
Posting:
https://jobs.apply.vt.edu/jobs/assistant-associate-professor-in-social-science-sustainability-blacksburg-virginia-united-states
Application Deadline:
10/15/2026
Published:
09/15/2026
Starting Date:
after 8/10/2027
Hours per Week:
40
Salary:
$85,000 to $125,000 per year
Education Required:
Doctorate
Experience Required:
none
Location:
Virginia Tech (Blacksburg, Virginia)
Tags:
Faculty / Post-Doc Appointments
Description
Assistant/Associate Professor in Social Science & Sustainability

 537499
 Blacksburg, Virginia
 For Resources & Environ Consrv
 Teaching & Research Faculty
 Natural Resources

Job Description

The Department of Forest Resources and Environmental Conservation at Virginia Tech invites applications for a tenure-track Assistant or Associate Professor position in Social Science and Sustainability. We seek a collaborative and innovative social scientist whose work addresses the human dimensions of sustainability with an emphasis on natural resource management, environmental conservation, and/or environmental governance. The specific topic of sustainability research is open, and we welcome diverse candidates whose substantive and methodological expertise complements and strengthens our program. This position will contribute to our department’s ongoing efforts to integrate rigorous social science into our interdisciplinary curriculum and research portfolio. The successful candidate must develop a productive externally funded research program and teach undergraduate and graduate courses in areas such as leadership for sustainability and other topics aligned with their expertise. Individuals must have a PhD in a social science field relevant to sustainability.

Job responsibilities will include:

Research (50%)
• Develop and maintain a robust, externally funded research program focused on the human dimensions of sustainability.
• Engage in interdisciplinary collaboration across campus and with external stakeholders, such as natural resource agencies, NGOs, and community organizations.
• Advise and mentor graduate students.

Teaching (50%)
• Teach 2–3 courses per academic year relevant to the Environmental Conservation & Society major, with a specific expectation to teach “FREC 2554 Leadership for Global Sustainability”
• Contribute to curriculum development and departmental service.

About the Department of Forest Resources and Environmental Conservation
The Department of Forest Resources and Environmental Conservation at Virginia Tech is one of the top forestry, natural resource management, and conservation programs in the United States. Our vision, mission, and values statements can be found here: https://frec.vt.edu/vision_mission_values.html. We are an inclusive and collaborative department that values knowledge and innovation; ethics and integrity; diversity and inclusivity; opportunity and affordability; and sustainability. Our exceptional education, research, and outreach programs are diverse and approach critical natural resource issues from many perspectives. The department offers master's and doctoral programs, as well as five undergraduate majors: environmental conservation and society, environmental data science, environmental resource management, forestry, and water resources policy and management. Faculty research areas of focus include forest biometrics, modeling, and remote sensing; forest biology, physiology, and genomics; ecology, silviculture, and wildland fire; hydrology, soils, and watershed management; forest management, operations, and business; resource economics and policy; human dimensions of natural resources and sustainability; environmental education, interpretation, and communication; and urban forestry. Department faculty also are engaged with industrial cooperatives, as well as extension and outreach efforts such as landowner education, SHARP logger, Master Naturalist, learning networks focused on environmental education and interpretation, and geospatial education programs.

Required Qualifications

• PhD by appointment date in a social science field relevant to sustainability, natural resource management, or a closely related field.

Preferred Qualifications

• Demonstrated commitment to or excellence in teaching or designing courses related to environmental sustainability at the undergraduate and graduate levels.
• Demonstrated potential for, or success in, securing external funding to support research.
• A record of high-quality research and publication in relevant fields.
• Methodological expertise that complements existing departmental strengths and enhances opportunities for interdisciplinary research and external funding. Relevant expertise may include quantitative, qualitative, mixed-methods, computational, spatial, participatory, or other rigorous social science approaches.
• Ability to work across disciplinary and methodological boundaries.

Overtime Status

Exempt: Not eligible for overtime

Appointment Type

Regular

Salary Information

$85k - $95k (Asst. Prof. rank), or $115k - $125K (Assoc. Prof. rank)

Hours per week
40
Review Date
10/15/2026

Additional Information

This position is not eligible for visa sponsorship. Applicants must be authorized to work in the United States without the need for current or future sponsorship.

The successful candidate will be required to have a criminal conviction check.

About Virginia Tech

Dedicated to its motto, Ut Prosim (That I May Serve), Virginia Tech pushes the boundaries of knowledge by taking a hands-on, transdisciplinary approach to preparing scholars to be leaders and problem-solvers. A comprehensive land-grant institution that enhances the quality of life in Virginia and throughout the world, Virginia Tech is an inclusive community dedicated to knowledge, discovery, and creativity. The university offers more than 280 majors to a diverse enrollment of more than 36,000 undergraduate, graduate, and professional students in eight undergraduate colleges, a school of medicine, a veterinary medicine college, Graduate School, and Honors College. The university has a significant presence across Virginia, including Blacksburg, the greater Washington, D.C. area, the Health Sciences and Technology Campus in Roanoke, sites in Newport News and Richmond, and numerous Extension offices and research institutes. A leading global research institution, Virginia Tech conducts more than $650 million in research annually.

Virginia Tech endorses and encourages participation in professional development opportunities and university shared governance.  These valuable contributions to university shared governance provide important representation and perspective, along with opportunities for unique and impactful professional development.

Virginia Tech does not discriminate against employees, students, or applicants on the basis of age, color, disability, sex (including pregnancy), gender, gender identity, gender expression, genetic information, ethnicity or national origin, political affiliation, race, religion, sexual orientation, or military status, or otherwise discriminate against employees or applicants who inquire about, discuss, or disclose their compensation or the compensation of other employees or applicants, or on any other basis protected by law. 

For Inquiries:
Questions regarding the position or application process may be directed to the Search Committee Chair, Dr. Marc J. Stern, at mjstern@vt.edu

If you are an individual with a disability and desire an accommodation, please contact Ingrid Skenderian, FREC, Buss. Manager & HR Professional at singrid1@vt.edu during regular business hours at least 10 business days prior to the event.

Contact
Dr. Marc J. Stern
540-231-7418
mjstern@vt.edu (preferred contact method)","The Department of Forest Resources and Environmental Conservation at Virginia Tech invites applications for a tenure-track Assistant or Associate Professor position in Social Science and Sustainability. We seek a collaborative and innovative social scientist whose work addresses the human dimensions of sustainability with an emphasis on natural resource management, environmental conservation, and/or environmental governance. The specific topic of sustainability research is open, and we welcome diverse candidates whose substantive and methodological expertise complements and strengthens our program. This position will contribute to our department’s ongoing efforts to integrate rigorous social science into our interdisciplinary curriculum and research portfolio. The successful candidate must develop a productive externally funded research program and teach undergraduate and graduate courses in areas such as leadership for sustainability and other topics aligned with their expertise. Individuals must have a PhD in a social science field relevant to sustainability.

Job responsibilities will include:

Research (50%)
• Develop and maintain a robust, externally funded research program focused on the human dimensions of sustainability.
• Engage in interdisciplinary collaboration across campus and with external stakeholders, such as natural resource agencies, NGOs, and community organizations.
• Advise and mentor graduate students.

Teaching (50%)
• Teach 2–3 courses per academic year relevant to the Environmental Conservation & Society major, with a specific expectation to teach “FREC 2554 Leadership for Global Sustainability”
• Contribute to curriculum development and departmental service.

About the Department of Forest Resources and Environmental Conservation
The Department of Forest Resources and Environmental Conservation at Virginia Tech is one of the top forestry, natural resource management, and conservation programs in the United States. Our vision, mission, and values statements can be found here: https://frec.vt.edu/vision_mission_values.html. We are an inclusive and collaborative department that values knowledge and innovation; ethics and integrity; diversity and inclusivity; opportunity and affordability; and sustainability. Our exceptional education, research, and outreach programs are diverse and approach critical natural resource issues from many perspectives. The department offers master's and doctoral programs, as well as five undergraduate majors: environmental conservation and society, environmental data science, environmental resource management, forestry, and water resources policy and management. Faculty research areas of focus include forest biometrics, modeling, and remote sensing; forest biology, physiology, and genomics; ecology, silviculture, and wildland fire; hydrology, soils, and watershed management; forest management, operations, and business; resource economics and policy; human dimensions of natural resources and sustainability; environmental education, interpretation, and communication; and urban forestry. Department faculty also are engaged with industrial cooperatives, as well as extension and outreach efforts such as landowner education, SHARP logger, Master Naturalist, learning networks focused on environmental education and interpretation, and geospatial education programs.

Required Qualifications","edu/jobs/assistant-associate-professor-in-social-science-sustainability-blacksburg-virginia-united-states
Application Deadline:
10/15/2026
Published:
09/15/2026
Starting Date:
after 8/10/2027
Hours per Week:
40
Salary:
$85,000 to $125,000 per year
Education Required:
Doctorate
Experience Required:
none
Location:
Virginia Tech (Blacksburg, Virginia)
Tags:
Faculty / Post-Doc Appointments
Description
Assistant/Associate Professor in Social Science & Sustainability

 537499
 Blacksburg, Virginia
 For Resources & Environ Consrv
 Teaching & Research Faculty
 Natural Resources

Job Description

The Department of Forest Resources and Environmental Conservation at Virginia Tech invites applications for a tenure-track Assistant or Associate Professor position in Social Science and Sustainability. The specific topic of sustainability research is open, and we welcome diverse candidates whose substantive and methodological expertise complements and strengthens our program. This position will contribute to our department’s ongoing efforts to integrate rigorous social science into our interdisciplinary curriculum and research portfolio",,"10/15/2026
Published:
09/15/2026
Starting Date:
after 8/10/2027
Hours per Week:
40
Salary:
$85,000 to $125,000 per year
Education Required:
Doctorate
Experience Required:
none
Location:
Virginia Tech (Blacksburg, Virginia)
Tags:
Faculty / Post-Doc Appointments
Description
Assistant/Associate Professor in Social Science & Sustainability

 537499
 Blacksburg, Virginia
 For Resources & Environ Consrv
 Teaching & Research Faculty
 Natural Resources

Job Description

The Department of Forest Resources and Environmental Conservation at Virginia Tech invites applications for a tenure-track Assistant or Associate Professor position in Social Science and Sustainability",False,0.9,Professional,Natural Resource Management,0.463,"['natural resources', 'resource management', 'forestry', 'forest management', 'silviculture']",False,,2026-09-20T08:53:55.371505+00:00,scrape_20260920_085322_f5d35acf,2.0
Assistant/Associate Professor of Wildlife Extension,Virginia Tech (State),"310 W. Campus Dr. (Blacksburg, Virginia)",Commensurate / Negotiable,after 8/1/2027,09/15/2026,Faculty / Post-Doc Appointments,https://jobs.rwfm.tamu.edu/view-job/?id=118823,"Assistant/Associate Professor of Wildlife Extension
Virginia Tech (State) | https://hunterlab.weebly.com/
Details
Posting:
https://jobs.apply.vt.edu/jobs/assistant-associate-professor-of-wildlife-extension-blacksburg-virginia-united-states-48e2ed5d-dd8d-44ce-83ff-7d613e931201
Application Deadline:
10/15/2026
Published:
09/15/2026
Starting Date:
after 8/1/2027
Hours per Week:
at least 40
Salary:
Commensurate / Negotiable
Education Required:
Doctorate
Experience Required:
none
Location:
310 W. Campus Dr. (Blacksburg, Virginia)
Tags:
Faculty / Post-Doc Appointments
Description
The Department of Fish and Wildlife Conservation in the College of Natural Resources and Environment at Virginia Tech invites applications for a tenure-track Assistant or Associate Professor of Wildlife Extension. This position will provide statewide leadership at the intersection of wildlife science, applied research, extension education, and public engagement. The faculty member will connect Virginia Tech research with Virginia Cooperative Extension, wildlife management agencies, landowners, local governments, agricultural producers, natural resource professionals, and communities across the Commonwealth.
Priority program areas could include wildlife health and wildlife-vectored diseases, human-wildlife conflict/coexistence, deer and bear management, invasive and exotic wildlife, habitat conservation in rapidly changing landscapes, and public understanding of wildlife conservation and sustainable use.

Position Expectations
The anticipated allocation is 50% extension, 35% research, 10% teaching, and 5% service.
The extension program is expected to include an assessment of stakeholder needs and the development of programming and materials to address these needs such as, statewide workshops, webinars, field days, landowner trainings, agent professional development, publications, decision-support tools, and digital resources, and ultimately documenting the impact of programming. The faculty member will work closely with Virginia Cooperative Extension specialists, Agriculture and Natural Resource agents and partners such as the Virginia Department of Wildlife Resources, United States Department of Agriculture (USDA) - Wildlife Services, Virginia Department of Forestry, non-governmental organizations (NGOs), and local governments.
The successful candidate will establish a competitive, externally funded, applied research program that supports graduate students. The faculty member will submit competitive proposals beginning in the first year, pursue appropriate capacity and external funds, develop collaborations across the university, and produce peer-reviewed publications, extension scholarship, conference presentations, and impact reports.
The faculty member will teach a 0:1 course load with teaching focused on FIW 4454 Human-Wildlife Conflicts and Coexistence, anticipated annually in the spring, and will contribute to graduate education and mentoring through applied research and extension scholarship.

Required Qualifications
• Ph.D. in wildlife science, human dimensions of wildlife, natural resources, ecology, extension education, or a closely related field by appointment start date.
• Demonstrated expertise relevant to wildlife management, human-wildlife conflict and coexistence, wildlife health, habitat management, or human dimensions.
• Evidence of ability to develop and deliver research-based educational programs for professional and public audiences.
• Evidence of strong potential for externally funded applied research.
• Demonstrated effectiveness in verbal and written communication, including a peer-reviewed publication record.

Preferred Qualifications
• Experience working with Cooperative Extension, state or federal wildlife agencies, landowners, local governments, or stakeholder organizations.
• Graduate student mentoring experience.
• For appointment at Associate Professor, a record of sustained scholarly productivity, strong record of external funding, and extension or engagement leadership commensurate with rank.

Applicants should submit:
1) Cover letter describing their interest in the position
2) Curriculum vitae
3) A 1-2 page statement describing their extension or professional program as appropriate to the position
4) A 1-2 page statement describing their research program
5) A 1-2 page statement describing their teaching and mentoring approach and how the candidate would tie all three missions together as a programmatic theme  
6) Names and contact information for three professional references
Additional materials may be requested as the search progresses.

Contact
Elizabeth Hunter
ehunter1@vt.edu (preferred contact method)","Hours per Week:
at least 40
Salary:
Commensurate / Negotiable
Education Required:
Doctorate
Experience Required:
none","This position will provide statewide leadership at the intersection of wildlife science, applied research, extension education, and public engagement. The faculty member will connect Virginia Tech research with Virginia Cooperative Extension, wildlife management agencies, landowners, local governments, agricultural producers, natural resource professionals, and communities across the Commonwealth. Position Expectations
The anticipated allocation is 50% extension, 35% research, 10% teaching, and 5% service",,"10/15/2026
Published:
09/15/2026
Starting Date:
after 8/1/2027
Hours per Week:
at least 40
Salary:
Commensurate / Negotiable
Education Required:
Doctorate
Experience Required:
none
Location:
310 W",False,0.9,Professional,Wildlife & Natural Resources,0.222,"['wildlife', 'wildlife management', 'wildlife conservation', 'deer', 'bear']",False,,2026-09-20T08:53:55.441361+00:00,scrape_20260920_085322_f5d35acf,2.0
IGCB Postdoctoral Fellow,University of Michigan (Private),"Ann Arbor, Michigan",Commensurate / Negotiable,between 1/1/2027 and 6/30/2027,09/16/2026,Faculty / Post-Doc Appointments,https://jobs.rwfm.tamu.edu/view-job/?id=117673,"IGCB Postdoctoral Fellow
University of Michigan (Private) | https://seas.umich.edu/globalchangebiology
Details
Posting:
https://seas.umich.edu/globalchangebiology/postdoc-opportunities
Application Deadline:
09/30/2026
Published:
09/16/2026
Starting Date:
between 1/1/2027 and 6/30/2027
Hours per Week:
at least 1
Salary:
Commensurate / Negotiable
Education Required:
Doctorate
Experience Required:
none
Location:
Ann Arbor, Michigan
Tags:
Faculty / Post-Doc Appointments
Description
The Institute of Global Change Biology (IGCB) at the University of Michigan is seeking another round of exceptional applicants for the IGCB Michigan Postdoctoral Fellows Program. Successful applicants will have the opportunity and support to advance research in any aspect of global change biology.  They will also be able to participate in programs that include career mentoring, professional development, and academic networking opportunities. Applicants with interest across all areas of global change biology are invited to apply. For examples of previously funded projects, please see Research Fellows (past and present) on our website.

Faculty mentorship is a valued component of the IGCB Postdoctoral Fellows Program. The program requires regular collaboration and planning between Research Fellows and their mentors. We encourage applicants to contact at least two potential postdoc mentors at Michigan– we highly encourage co-mentoring. Preference will be given to applicants who bridge disciplines; co-mentoring across schools/departments is strongly encouraged. Co-funding of postdoc salaries (e.g. through grants to potential co-mentors or postdoc fellowships to candidates) is also encouraged but not expected. Potential mentors and their areas of interest are available on our website (see both the Steering Committee and Affiliated Faculty sections), although University of Michigan faculty mentors who are not yet affiliated with the IGCB will also be considered.

IGCB Michigan Postdoctoral Fellows are expected to be full participants in IGCB activities: including attending a weekly ‘Postdoc Plus’ group meeting and periodic IGCB seminars, workshops and training exercises; attending and/or presenting at annual IGCB Postdoc Plus, PhD student, and ‘all hands’ symposia; serving on the next IGCB Postdoc Fellows competition committee; providing timely updates for the IGCB website; and interacting in a variety of ways with other Fellows, and with IGCB Graduate Fellows  and Exchange Fellows.

The application deadline is September 30, 2026. Research in global change biology happens in many departments and units on campus, so Fellows could be jointly based in one of a number of departments and the IGCB. Successful applicants would be able to start their appointment as soon as feasible after a decision has been reached, but preferably not later than June 30, 2027 (although we can be flexible as needed). Most postdoc fellowships are expected to span two years; University protocols require a one-year initial appointment and subsequent evaluation. Postdocs of more than two years may be feasible when co-funding is available.

Applications must include: (1) A 1-page cover letter; (2) a CV; (3) names and contact information for three references; (4) a research statement. Research statements should include plans for proposed research and anticipated mentors at the University of Michigan (3 pages maximum, excluding references) and a short paragraph describing how the applicant’s research would fit in with and contribute to the IGCB Research Themes. Combine all parts of the application into a single PDF and upload the file in the application form here. Applicants should direct all three referees to upload their letters here.

Need additional information? See frequently asked questions and their responses here. Contact seas-igcb@umich.edu with any remaining inquiries.

U-M EEO/AA Statement

The University of Michigan is an equal opportunity/affirmative action employer.
Contact
Maureen Driscoll
seas-igcb@umich.edu (preferred contact method)","Hours per Week:
at least 1
Salary:
Commensurate / Negotiable
Education Required:
Doctorate
Experience Required:
none","Successful applicants will have the opportunity and support to advance research in any aspect of global change biology. For examples of previously funded projects, please see Research Fellows (past and present) on our website. The program requires regular collaboration and planning between Research Fellows and their mentors",,"09/30/2026
Published:
09/16/2026
Starting Date:
between 1/1/2027 and 6/30/2027
Hours per Week:
at least 1
Salary:
Commensurate / Negotiable
Education Required:
Doctorate
Experience Required:
none
Location:
Ann Arbor, Michigan
Tags:
Faculty / Post-Doc Appointments
Description
The Institute of Global Change Biology (IGCB) at the University of Michigan is seeking another round of exceptional applicants for the IGCB Michigan Postdoctoral Fellows Program",True,0.95,Graduate,Unknown,0.0,[],True,University of Michigan,2026-09-20T08:53:55.512795+00:00,scrape_20260920_085322_f5d35acf,2.0
Assistant Professor of Ecology,Michelle Evans White (State),"850 W Dickson Street (Fayetteville, Arkansas)",Commensurate / Negotiable,after 8/16/2027,09/15/2026,Faculty / Post-Doc Appointments,https://jobs.rwfm.tamu.edu/view-job/?id=118814,"Assistant Professor of Ecology
Michelle Evans White (State) | https://biology.uark.edu/
Details
Posting:
https://uasys.wd5.myworkdayjobs.com/en-US/UAF_External_Career_Site/details/Assistant-Professor-of-Ecology_R0091219?q=R0091219
Application Deadline:
08/16/2027
Published:
09/15/2026
Starting Date:
after 8/16/2027
Hours per Week:
40
Salary:
Commensurate / Negotiable
Education Required:
Doctorate
Experience Required:
none
Location:
850 W Dickson Street (Fayetteville, Arkansas)
Tags:
Faculty / Post-Doc Appointments
Description
Position Summary:
The Department of Biological Sciences in the Fulbright College of Arts and Sciences at the University of Arkansas invites applications for a 9-month tenure-track faculty position in Ecology at the Assistant Professor level to start August 2027.

We seek candidates whose research addresses significant questions in theoretical and/or empirical ecology, broadly defined. Candidates whose research programs complement current research areas in the department are particularly encouraged to apply. A Ph.D. in ecological sciences, or a related field, and demonstrated research accomplishments are expected, as is postdoctoral experience. Successful candidates are expected to establish an extramurally funded research program, contribute to graduate and undergraduate education, including potentially teaching our core undergraduate Ecology course, as well as a graduate level course in their specialty. 
 This is an in-person position. Most university classes are offered face-to-face, and extensive in-person engagement in such activities as office hours, student advising, and departmental, college, and university committee meetings is essential to advancing student success and departmental effectiveness.
 Regular, reliable, and non-disruptive attendance is an essential job duty, as is the ability to create and maintain collegial, harmonious working relationships with others.
 About the Department: 
The Department of Biological Sciences includes 34 tenured or tenure-track faculty members conducting research and teaching in the areas of ecology, evolutionary biology, genetics, genomics, development, cell biology, and microbiology. More information about the department can be found at: https://fulbright.uark.edu/departments/biology/. There are additional opportunities for collaboration and graduate recruitment through the Environmental Dynamics program (https://environmental-dynamics.uark.edu/), Cell and Molecular Biology program (http://cell.uark.edu), Statistics and Analytics program (http://statistics-analytics.uark.edu/index.php), and Center for Advanced Spatial Technologies (https://cast.uark.edu). The Arkansas High Performance Computing Center provides state-of-the-art computing resources.
 Duties will include:
· 40% Teaching or Professional Performance
· 40% Research/Scholarly and/or Creative Activities
· 20% Academic Service Activities
 Minimum Qualifications:
· Ph.D. in Ecology or related field from an accredited institution of higher education conferred by the start of appointment.
· Postdoctoral experience.
· Demonstrated research accomplishments.
 Preferred Qualifications:
· A demonstrated commitment to building a scholarly environment through teaching, mentoring, research, outreach, and service.
· Strong national/international record of successful publication and funding in the thematic and/or methodological areas described in the job summary.
· Commitment to, or experience in, mentoring undergraduate and graduate students in independent research.
· Strong evidence of the ability to be an active, involved, and collegial member of a collaborative faculty team both on campus and in relevant national service organizations.

 APPLICATION INSTRUCTIONS

Completed applications received by October 20, 2026, will be assured full consideration. Late applications will be reviewed as necessary to fill the position. 

For additional inquiries, please contact the search committee chair, Dr. Kristian Forbes, at kmforbes@uark.edu.

For a complete position announcement and information regarding how to apply, visit https://uasys.wd5.myworkdayjobs.com/en-US/UAF_External_Career_Site/details/Assistant-Professor-of-Ecology_R0091219?q=R0091219 

Applicants must submit the following documents as a bundled pdf:
· a curriculum vitae
· a cover letter/letter of application
· a teaching statement
· a research statement
· a list of three professional references (include name, title, email address, and phone number)
 Review of applications will begin immediately and continue until the position is filled.


Annual Salary/Benefits Package: Salary is commensurate with experience and qualifications. 

As an employer, the University of Arkansas offers a vibrant work environment and a workplace culture that promotes a healthy work-life balance. The benefits package includes university contributions to health, dental, life and disability insurance, tuition waivers for employees and their families, 12 official holidays, immediate leave accrual, and a choice of retirement programs with university contributions ranging from 5 to 10% of employee salary.

EMPLOYER INFORMATION


The University of Arkansas: Founded in 1871 as a land grant institution, the University of Arkansas is classified by the Carnegie Foundation among the top two percent of universities in the nation with the highest level of research activity. Ten colleges and schools serve more than 27,100 students with more than 200 academic programs. University of Arkansas students earn nationally competitive awards at an impressive rate and represent 50 states and more than 120 countries. The University of Arkansas is committed to providing an educational and work environment in which thought, creativity, and growth are stimulated, and in which individuals are free to realize their full potential. 

Fulbright College: The Fulbright College of Arts and Sciences is a vital public good. We provide a transformational education that prepares all students to lead and thrive in a complex world. Our research, scholarship, and creative expression address society’s great challenges and push the boundaries of human understanding. As the largest and most academically diverse unit on campus, with 3 schools, 16 departments, and 43 academic programs and research centers, Fulbright College brings the world to Arkansas and Arkansas to the world.
 The Community: Fayetteville is home to the University of Arkansas campus and is known for its spectacular views and ample green spaces. Fayetteville is considered one of the country’s finest college towns, and the surrounding northwest Arkansas region is regularly ranked as one of the best places to live in the U.S. Some of the nation’s best outdoor amenities and most spectacular hiking trails are within a short drive of campus. 
 For more information, visit: https://diversitynwa.com/  
Culture in Northwest Arkansas
About Fayetteville
About University of Arkansas

The University of Arkansas is an equal opportunity institution. The University does not discriminate in its education programs or activities (including in admission and employment) on the basis of any category or status protected by law, including age, race, color, national origin, disability, religion, protected veteran status, military service, genetic information, sex, sexual preference, or pregnancy. Federal law prohibits the University from discriminating on these bases. Questions or concerns about the application of Title IX, which prohibits discrimination on the basis of sex, may be sent to the University's Title IX Coordinator and to the U.S. Department of Education Office for Civil Rights. Persons must have proof of legal authority to work in the United States on the first day of employment. All application information is subject to public disclosure under the Arkansas Freedom of Information Act.
Contact
Dr. Kristian Forbes
kmforbes@uark.edu (preferred contact method)","Hours per Week:
40
Salary:
Commensurate / Negotiable
Education Required:
Doctorate
Experience Required:
none","We seek candidates whose research addresses significant questions in theoretical and/or empirical ecology, broadly defined. Candidates whose research programs complement current research areas in the department are particularly encouraged to apply. in ecological sciences, or a related field, and demonstrated research accomplishments are expected, as is postdoctoral experience",,"08/16/2027
Published:
09/15/2026
Starting Date:
after 8/16/2027
Hours per Week:
40
Salary:
Commensurate / Negotiable
Education Required:
Doctorate
Experience Required:
none
Location:
850 W Dickson Street (Fayetteville, Arkansas)
Tags:
Faculty / Post-Doc Appointments
Description
Position Summary:
The Department of Biological Sciences in the Fulbright College of Arts and Sciences at the University of Arkansas invites applications for a 9-month tenure-track faculty position in Ecology at the Assistant Professor level to start August 2027",False,0.9,Professional,Unknown,0.0,[],False,,2026-09-20T08:53:55.585830+00:00,scrape_20260920_085322_f5d35acf,2.0
"Tenure-Track, Assistant Professor of Biology",University of North Alabama (State),"Florence, Alabama",Commensurate / Negotiable,after 8/16/2027,09/15/2026,Faculty / Post-Doc Appointments,https://jobs.rwfm.tamu.edu/view-job/?id=118789,"Tenure-Track, Assistant Professor of Biology
University of North Alabama (State) | https://www.una.edu/
Details
Posting:
https://www.schooljobs.com/careers/una/jobs/5467325/tenure-track-assistant-professor-of-biology
Application Deadline:
10/19/2026
Published:
09/15/2026
Starting Date:
after 8/16/2027
Hours per Week:
at least 40
Salary:
Commensurate / Negotiable
Education Required:
Doctorate
Experience Required:
none
Location:
Florence, Alabama
Tags:
Faculty / Post-Doc Appointments
Description

The University of North Alabama is accepting applications for a tenure-track Assistant Professor position in the Department of Biology starting in August 2027. This position requires a PhD in biology or a closely related discipline, although ABD candidates will be considered provided degree conferral will occur before the appointment start date. The area of specialization for this position is open, but we are especially interested in candidates with backgrounds including but not limited to ornithology, entomology, mammalogy, herpetology, or mycology. For full consideration, complete application packets (cover letter, CV, statement of teaching philosophy, research statement, transcripts, and three references) must be received by October 19, 2026.  The position will remain open until filled. Sponsorship is not available for this position.

Essential Job Duties

The successful candidate will primarily teach majors and non-majors introductory biology lectures and laboratories, and upper-level coursework in their specialization.  Standard teaching load is 12 semester hours (fall and spring; summer teaching is possible but not required).  Preference may be given to candidates who can also teach human anatomy and physiology and/or clinical microbiology. Additional teaching responsibilities will be determined based on the candidate’s background. Scholarly activity including the development of an active research agenda and mentoring of undergraduate researchers, academic advising of biology majors, and other service to the department, college, and university will also be required for progress toward tenure and promotion.

Minimum Qualifications

This position requires an earned PhD in biology or a closely related discipline. Applications are also welcomed from candidates who are ABD, provided degree conferral will occur before the appointment start date. Previous experience teaching at the undergraduate level and mentoring undergraduate research students is highly preferred.

Special Instructions to Applicants

Applicants must submit a cover letter, CV, statement of teaching philosophy, research statement, unofficial transcripts, and contact information (including email addresses) for three professional/academic references at the time of application.  Preference will be given to those that submit complete application packets before October 19, 2026, although the position will remain open until filled.

Official transcripts for the highest degree attained will be required of the successful candidate, however unofficial copies are accepted for the application process.  If any of your graduate hours in the relevant teaching discipline are taken from a degree(s) that is not your highest attained, a transcript of that degree(s) must also be submitted. Electronic copies, if available, of unofficial transcripts may be attached under the attachment headings of Unofficial Transcript 1, Unofficial Transcript 2, etc. Electronic copies of unofficial/official transcripts may also be requested to be sent to employment@una.edu.  If electronic copies of transcripts are unavailable, hard copies must be sent to: Human Resources, One Harrison Plaza, UNA Box 5043, Florence, AL, 35632 or brought to 601 Cramer Way, Room 226. 

For questions, please email employment@una.edu or call 256-765-4291 and select option #2.  Selecting an option other than #2 will result in a delayed response.

UNA is an equal opportunity employer. We seek a wide range of applicants for our positions so that our core values will be affirmed.
Contact
Emily Kasl
ekasl@una.edu (preferred contact method)","Hours per Week:
at least 40
Salary:
Commensurate / Negotiable
Education Required:
Doctorate
Experience Required:
none","For full consideration, complete application packets (cover letter, CV, statement of teaching philosophy, research statement, transcripts, and three references) must be received by October 19, 2026. Scholarly activity including the development of an active research agenda and mentoring of undergraduate researchers, academic advising of biology majors, and other service to the department, college, and university will also be required for progress toward tenure and promotion. Previous experience teaching at the undergraduate level and mentoring undergraduate research students is highly preferred",,"10/19/2026
Published:
09/15/2026
Starting Date:
after 8/16/2027
Hours per Week:
at least 40
Salary:
Commensurate / Negotiable
Education Required:
Doctorate
Experience Required:
none
Location:
Florence, Alabama
Tags:
Faculty / Post-Doc Appointments
Description

The University of North Alabama is accepting applications for a tenure-track Assistant Professor position in the Department of Biology starting in August 2027",True,0.95,Graduate,Unknown,0.0,[],False,,2026-09-20T08:53:55.656290+00:00,scrape_20260920_085322_f5d35acf,2.0
Assistant Professor of Aquatic Biology,Georgia College and State University (State),"Georgia College and State University (Milledgeville, Georgia)","starting at $65,000 per year",after 8/1/2027,09/18/2026,Faculty / Post-Doc Appointments,https://jobs.rwfm.tamu.edu/view-job/?id=118882,"Assistant Professor of Aquatic Biology
Georgia College and State University (State)
Details
Posting:
https://careers.hprod.onehcm.usg.edu/psc/careers/CAREERS/HRMS/c/HRS_HRAM_FL.HRS_CG_SEARCH_FL.GBL?applicant_id=9F4C6912-A7FD-41A9-999F-C3601DBDF2F3&ad_id=528D0377-5821-4B8A-88E5-54DE3748FEBF&Page=HRS_APP_JBPST_FL&Action=U&FOCUS=Applicant&SiteId=36000&JobOpeningId=303391&PostingSeq=1&PortalActualURL=https%3a%2f%2fcareers.hprod.onehcm.usg.edu%2fpsc%2fcareers%2fCAREERS%2fHRMS%2fc%2fHRS_HRAM_FL.HRS_CG_SEARCH_FL.GBL%3fapplicant_id%3d9F4C6912-A7FD-41A9-999F-C3601DBDF2F3%26ad_id%3d528D0377-5821-4B8A-88E5-54DE3748FEBF%26Page%3dHRS_APP_JBPST_FL%26Action%3dU%26FOCUS%3dApplicant%26SiteId%3d36000%26JobOpeningId%3d303391%26PostingSeq%3d1&PortalRegistryName=CAREERS&PortalServletURI=https%3a%2f%2fcareers.hprod.onehcm.usg.edu%2fpsp%2fcareers%2f&PortalURI=https%3a%2f%2fcareers.hprod.onehcm.usg.edu%2fpsc%2fcareers%2f&PortalHostNode=APPLICANT&NoCrumbs=yes&PortalKeyStruct=yes
Application Deadline:
10/16/2026
Published:
09/18/2026
Starting Date:
after 8/1/2027
Hours per Week:
at least 40
Salary:
starting at $65,000 per year
Education Required:
Doctorate
Experience Required:
none
Location:
Georgia College and State University (Milledgeville, Georgia)
Tags:
Faculty / Post-Doc Appointments
Description
About Us

Georgia College & State University (GCSU) is the state's designated public liberal arts university, where students learn the essential skills to compete in a fast-paced and technology-driven global society. The university prepares students for successful careers, leadership in communities, problem solving and life-long learning through personalized attention in a residential setting with opportunities for a variety of transformational experiences through its award-winning, high-impact practices. One of only three selective universities within the University System of Georgia and a top 10 ranked public university in the Southeast, GCSU offers undergraduate degrees in more than 40 majors, more than 30 graduate programs, doctorates in education and nursing, professional certificates, and continuing education programs.


As a member of the prestigious Council of Public Liberal Arts Colleges (COPLAC), GCSU is committed to fostering a liberal arts environment that values academic preeminence, interdisciplinary inquiry and an inclusive learning community. GCSU enjoys a strong reputation for academic excellence and nationally ranked programs according to US News & World Report, The Princeton Review and Colleges of Distinction - among other ranking sources.


Georgia College & State University takes great pride in combining the educational experience of a private liberal arts college with the affordability of a public university. Faculty and staff are dedicated to student engagement and experiential learning through high-impact practices such as internships, service- and community-based learning, leadership development, study abroad opportunities, mentored undergraduate research and a capstone project that fosters intellectual curiosity, reasoned inquiry and critical thinking.


The university's beautiful and historic campus is located downtown in Milledgeville, Georgia, a charming, diverse college town of approximately 19,000 residents in Central Georgia, and only 90 miles southeast of Atlanta. Milledgeville is also the home of noted American author and alumna, Flannery O'Connor, '45, and the college community enjoys many exciting literary arts programs at O'Connor's former home, Andalusia, a National Historic Landmark owned by the university. Milledgeville is located on the banks of beautiful Lake Sinclair and Lake Oconee, allowing faculty, staff and students to take full advantage of the environmental and recreational benefits of being part of a lake community. For cultural, educational and leisure opportunities beyond Milledgeville - Macon and Atlanta are located within easy driving distances.


Georgia College & State University is dedicated to protecting academic freedom in addition to supporting freedom of expression as outlined in the University System of Georgia's Freedom of Expression and Academic Freedom<https://www.usg.edu/policymanual/section6/C2653> policy and its Ethics Code of Conduct<https://www.usg.edu/policymanual/section8/C224/#p8.2.18_personnel_conduct>. For more information, visit us online at gcsu.edu.
 

Department Information

The Department of Biological and Environmental Sciences at Georgia College & State University offers undergraduate majors in Biology and Environmental Science, with concentrations available in Marine Sciences and Biomedical Sciences. The department also offers an M.S. program in Biology with both thesis and non-thesis options. Our 29 full-time faculty members support approximately 395 undergraduate Biology majors, 112 Environmental Science majors, and 26 graduate students. To learn more about our programs, faculty, and student opportunities, please visit http://www.gcsu.edu/biology/

Job Summary

The Department of Biological and Environmental Sciences at Georgia College & State University invites applications for a tenure-track position in aquatic biology (freshwater or marine) to begin August 2027. The candidate will contribute to both the core curriculum and upper-division courses in their area of specialization at the undergraduate and graduate levels. Teaching responsibilities will include Ichthyology and Aquatic Ecology, along with the opportunity to develop additional upper-division courses in aquatic biology (e.g. fisheries biology, freshwater biology, or courses in the marine sciences). We are particularly interested in candidates whose expertise in aquatic biology - demonstrated through their publication record - complements rather than overlaps existing faculty strengths. The position also includes mentoring students through research and other scholarly or creative activities.


 

Responsibilities

Faculty - Teaching/Instructing -


Teaching Responsibilities

Full-time instructional load teaching in areas of expertise within the academic discipline
Regular course meetings and instruction
Mentoring Students
Other teaching responsibilities

All Georgia College faculty share the responsibility of teaching our core curriculum and providing foundational courses for majors and non-majors alike. Faculty also contribute to the Georgia College core curriculum by teaching topical freshman (GC1Y) or sophomore seminar (GC2Y) courses.


 


Faculty - Service to Institution


All faculty are expected to support the advancement of the department, college and university mission by providing service to the institution. Service may be at the department, college, university, community and/or disciplinary level. Duties include service on college-level and university-level committees, advising students regarding career options, and support of department-level outreach activities.


Service to the Institution

Committee memberships and offices
Programs directed and advised
Participation in special programs or projects
Other service in the institution

 


Faculty - Professional Development-


Faculty are expected to conduct research and develop within the profession. 


Academic Achievement/Professional Development

Publications (editing, citations)
Presentations at professional meetings
Publication; peer reviewed scholarship
Current work in circulation or in progress
Grants received or applied for
Membership and participation in professional organizations
Other professional service of development activities

 Required Qualifications

Educational Requirements

Ph.D. in Biology, Aquatic Biology, or a closely related field (ABD candidates with degree completion by August 1, 2027, will be included).
Must meet SACSCOC accreditation requirements stated in C.S.3.7.1 (www.saccsoc.org (faculty credentials)) to teach ichthyology and related aquatic biology classes.

 


Required Experience

Candidates with expertise in aquatic (freshwater or marine) biology as demonstrated by publication record.
Ability to work collegially and effectively with university students, faculty, staff and the surrounding community.

 


 

Preferred Qualifications
At least two years of experience teaching undergraduate courses with at least one year as instructor of record
Ability to teach courses in support of our marine sciences concentration with an emphasis on areas such as ichthyology, aquatic biology, or other freshwater or marine sciences that broaden departmental offerings
Record of and commitment to engaging undergraduates and graduate students in research
Record of methodological innovation and creative teaching strategies, particularly those that deliver authentic research experiences to students in the classroom

 


 

Proposed Salary

The proposed salary is $65,000.

Required Documents to Attach
Cover Letter
CV
Teaching Philosophy
Research Statement
Unofficial Transcripts
List of References

 

Knowledge, Skills, & Abilities

ABILITIES

Build positive student relationships and provide mentorship
Engage in continuous professional development
Manage multiple courses and administrative responsibilities
Solve problems and make data-driven decisions
Collaborate with colleagues and participate in service
Demonstrate leadership and take initiative
Adapt to changing institutional needs
Maintain accurate records and meet deadlines

KNOWLEDGE

Subject matter expertise and current disciplinary trends
Curriculum design and program outcome alignment
Assessment methods and student learning measurement
Accreditation standards (SACSCOC and discipline-specific)
Academic policies, procedures, and ethics
Adult learning principles and adaptive learning styles

Educational technology and learning management systems


 


SKILLS


Teaching: 

Course design and delivery
Learning activity development and facilitation
Technology integration and LMS proficiency 

Instructional adaptation 


 


Assessment: 

Valid assessment instrument development
Constructive feedback provision 

Data analysis for instructional improvement 


 


Communication:

Clear verbal and written communication 
Professional presentation abilities 
Active listening and collaboration 
 
Technology: 

Discipline-relevant software proficiency 
Multimedia and presentation tools 
Basic troubleshooting capabilities
 USG Core Values

The University System of Georgia is comprised of our 26 institutions of higher education and learning as well as the System Office. Our USG Statement of Core Values are Integrity, Excellence, Accountability, and Respect. These values serve as the foundation for all that we do as an organization, and each USG community member is responsible for demonstrating and upholding these standards. More details on the USG Statement of Core Values and Code of Conduct are available in USG Board Policy 8.2.18.1.2 and can be found on-line at https://www.usg.edu/policymanual/section8/C224/#p8.2.18_personnel_conduct.


Additionally, USG supports Freedom of Expression as stated in Board Policy 6.5 Freedom of Expression and Academic Freedom found on-line at https://www.usg.edu/policymanual/section6/C2653.

Equal Employment Opportunity

Georgia College & State University (GCSU) is committed to the fundamental principle of equal opportunity and equal treatment for every prospective and current employee. No person shall, on the grounds of race, color, sex (including pregnancy, sexual orientation, and gender identity), religion, national origin, age, disability, veteran status, or genetic information, be excluded from employment or participation in, be denied the benefits of, or otherwise be subjected to discrimination, under any program or activity conducted by GCSU.


Georgia College & State University is a national award-winning institution in areas of student success and achievement. It strives to achieve excellence in the composition of its community, educational programs, university policies, research and scholarship, campus life, employment practices, extracurricular activities, and community outreach. It is a priority of the university to be a welcoming and inclusive environment so that its campus culture will enhance the ability of its community members to succeed in their endeavors, to be respected as individuals, and to feel a sense of belonging.

Background Check
Criminal Background Check
Education Verification
Contact
Dominic L DeSantis
4784455846
dominic.desantis@gcsu.edu (preferred contact method)","Hours per Week:
at least 40
Salary:
starting at $65,000 per year
Education Required:
Doctorate
Experience Required:
none","Faculty and staff are dedicated to student engagement and experiential learning through high-impact practices such as internships, service- and community-based learning, leadership development, study abroad opportunities, mentored undergraduate research and a capstone project that fosters intellectual curiosity, reasoned inquiry and critical thinking. The position also includes mentoring students through research and other scholarly or creative activities. Service to the Institution

Committee memberships and offices
Programs directed and advised
Participation in special programs or projects
Other service in the institution

 


Faculty - Professional Development-


Faculty are expected to conduct research and develop within the profession",,"10/16/2026
Published:
09/18/2026
Starting Date:
after 8/1/2027
Hours per Week:
at least 40
Salary:
starting at $65,000 per year
Education Required:
Doctorate
Experience Required:
none
Location:
Georgia College and State University (Milledgeville, Georgia)
Tags:
Faculty / Post-Doc Appointments
Description
About Us

Georgia College & State University (GCSU) is the state's designated public liberal arts university, where students learn the essential skills to compete in a fast-paced and technology-driven global society",True,0.95,Graduate,Fisheries & Aquatic Science,0.27,"['fish', 'fisheries', 'aquatic', 'marine', 'freshwater']",False,,2026-09-20T08:53:55.726995+00:00,scrape_20260920_085322_f5d35acf,2.0
Faculty Position in Wildlife and Wildlands Conservation,Brigham Young University (Private),"Provo, Utah",Commensurate / Negotiable,between 5/31/2027 and 8/23/2027,09/17/2026,Faculty / Post-Doc Appointments,https://jobs.rwfm.tamu.edu/view-job/?id=118871,"Faculty Position in Wildlife and Wildlands Conservation
Brigham Young University (Private) | https://pws.byu.edu/
Details
Posting:
https://byu.wd1.myworkdayjobs.com/faculty-careers/job/Provo-UT/Plant---Wildlife-Sciences---CFS-Professorial-Faculty---Wildlife-and-Wildlands-Conservation_JR-11157
Application Deadline:
10/14/2026
Published:
09/17/2026
Starting Date:
between 5/31/2027 and 8/23/2027
Hours per Week:
at least 40
Salary:
Commensurate / Negotiable
Education Required:
Doctorate
Experience Required:
none
Location:
Provo, Utah
Tags:
Faculty / Post-Doc Appointments
Description
The Department of Plant and Wildlife Sciences at Brigham Young University, Provo, Utah invites applications for a full-time, continuing-status track position in Wildlife and Wildlands Conservation. The successful candidate will teach 3-4 courses per year. Potential courses include Principles of Wildlife and Fisheries Management, Techniques for Wildlife Investigations and Management, Introduction to Wildlife and Wildlands Conservation, Conservation of Carnivores, Mammalogy, Ornithology, Safety Certifications for Field Biologists, Fisheries and Wetlands Management, etc. The successful candidate will also develop a graduate course in their area of expertise. The candidate will develop a research program in his or her area of expertise, and must produce high-quality scholarship, publish in peer-reviewed journals, and mentor graduate and undergraduate students in research. The candidate will also be expected to serve on department-, college-, and/or university-level committees, and be professionally active in his or her respective discipline.  Applicants must have a Ph.D. degree and relevant research experience and a commitment to excellence in teaching and mentoring—especially at the undergraduate level.  Please access the online application at https://byu.wd1.myworkdayjobs.com/faculty-careers/job/Provo-UT/Plant---Wildlife-Sciences---CFS-Professorial-Faculty---Wildlife-and-Wildlands-Conservation_JR-11157. Questions about this position may be directed to Dr. Brock McMillan at Brock_McMillan@byu.edu . Information about the Department of Plant and Wildlife Sciences is available at: http://pws.byu.edu. Applications are due by October 14th, 2026.

BYU, an equal opportunity employer, requires all faculty to observe the university’s honor code and dress and grooming standards.  Preference is given to qualified candidates who are members in good standing of the affiliated church, The Church of Jesus Christ of Latter-day Saints.

Contact
Brock R McMillan
8014221228
brock_mcmillan@byu.edu
contact via the web posting is preferred (see Details section)","Hours per Week:
at least 40
Salary:
Commensurate / Negotiable
Education Required:
Doctorate
Experience Required:
none","The candidate will develop a research program in his or her area of expertise, and must produce high-quality scholarship, publish in peer-reviewed journals, and mentor graduate and undergraduate students in research. degree and relevant research experience and a commitment to excellence in teaching and mentoring—especially at the undergraduate level",,"10/14/2026
Published:
09/17/2026
Starting Date:
between 5/31/2027 and 8/23/2027
Hours per Week:
at least 40
Salary:
Commensurate / Negotiable
Education Required:
Doctorate
Experience Required:
none
Location:
Provo, Utah
Tags:
Faculty / Post-Doc Appointments
Description
The Department of Plant and Wildlife Sciences at Brigham Young University, Provo, Utah invites applications for a full-time, continuing-status track position in Wildlife and Wildlands Conservation",False,0.9,Professional,Unknown,0.0,[],False,,2026-09-20T08:53:55.798442+00:00,scrape_20260920_085322_f5d35acf,2.0
"Professor and Chair, School of Earth and Environmental Sciences",Baylor University (Private),"Baylor University (Waco, Texas)",Commensurate / Negotiable,after 8/1/2027,09/17/2026,Faculty / Post-Doc Appointments,https://jobs.rwfm.tamu.edu/view-job/?id=118873,"Professor and Chair, School of Earth and Environmental Sciences
Baylor University (Private) | https://www.baylor.edu/
Details
Posting:
https://apply.interfolio.com/188136
Application Deadline:
11/30/2026
Published:
09/17/2026
Starting Date:
after 8/1/2027
Hours per Week:
at least 40
Salary:
Commensurate / Negotiable
Education Required:
Doctorate
Experience Required:
at least 8 years
Location:
Baylor University (Waco, Texas)
Tags:
Faculty / Post-Doc Appointments
Description
Description:
Baylor University seeks a visionary leader and accomplished scholar to serve as the inaugural Chair of the School of Earth and Environmental Sciences (SEES). The Chair will play a central role in developing and advancing an integrated vision for research, education, and program expansion aligned with Baylor's goals as a nationally recognized R1 institution. The Chair will demonstrate a commitment to Baylor's mission as a Christian research university.

The new School, established in June 2026, is being formed through the integration of the Departments of Environmental Science and Geosciences and builds on established strengths across a broad range of earth and environmental systems research and teaching. These include environmental health and toxicology, environmental chemistry, ecosystem and atmospheric modeling, hydrological and surface processes, biogeosciences, climate and paleoclimate, energy geosciences, environmental law and policy, and solid earth and planetary sciences. Committed to excellence in undergraduate and graduate education, SEES is expanding its academic programs and interdisciplinary collaborations to drive continued growth and impact.

Reporting to the Dean of the College of Arts & Sciences, the Chair will provide strategic, collaborative, and entrepreneurial leadership in shaping SEES identity, advancing its research and academic programs, and increasing its national and international visibility. The successful candidate will lead SEES during a period of anticipated growth, including the expansion of academic programs and increased interdisciplinary collaboration across Earth and Environmental Sciences, while supporting a commitment to Baylor's mission, as is expected for a Christian research university.

The Chair will work collaboratively with faculty, staff, and university leadership to:
Develop, articulate, and implement a strategic vision for SEES aligned with Baylor's priorities as a Carnegie-designated R1 institution
Advance research excellence and external funding
Strengthen undergraduate and graduate education
Foster interdisciplinary initiatives within SEES and across the University
Recruit, mentor, and retain faculty with strong records of research, teaching, and service
Enhance the School's national and international visibility
Oversee academic programs, budgeting, personnel, and administrative operations
Candidates who are outside of the United States and do not have other nonimmigrant visa status will not be sponsored for an H-1B petition.

About Baylor University: Baylor University is located in https://apptrkr.com/get_redirect.php?id=7289444&targetURL=

The Chair will work collaboratively with faculty, staff, and university leadership to:
Develop, articulate, and implement a strategic vision for SEES aligned with Baylor's priorities as a Carnegie-designated R1 institution
Advance research excellence and external funding
Strengthen undergraduate and graduate education
Foster interdisciplinary initiatives within SEES and across the University
Recruit, mentor, and retain faculty with strong records of research, teaching, and service
Enhance the School's national and international visibility
Oversee academic programs, budgeting, personnel, and administrative operations
Candidates who are outside of the United States and do not have other nonimmigrant visa status will not be sponsored for an H-1B petition.

About Baylor University: Baylor University is located in Waco, Texas and is the oldest college in the state. It has a diverse student population of 21,000 and is recognized as an R1 institution by the Carnegie Classification. Baylor is also noted on the honor roll of ""Great Colleges to Work For"" by ModernThink. We offer competitive salaries and benefits, allowing faculty and staff to live in one of the fastest-growing parts of the state. As a Christian university with historic Baptist roots and as reflected in the Notice of Non-Discrimination, Baylor strives to be a place characterized by civility and respect. We believe each student, faculty, staff, and administrator is made in the image of God. Baylor's new strategic plan, Baylor in Deeds, guides the University as it continues its mission of educating men and women for worldwide leadership and service by integrating academic excellence and Christian commitment within a caring community.


Qualifications:
REQUIRED
Earned doctorate in Earth Science, Environmental Sciences, Environmental Health, Geoscience, or a closely related field
Demonstrate scholarship and record of external funding consistent with an appointment as a tenured Professor
Experience in academic leadership or administration
Strong commitment to excellence in teaching and mentoring
PREFERRED
Demonstrated ability to foster collaborative relationships across disciplines and with internal and external partners
Ability to develop and articulate a clear vision for advancing research and academic programs in Earth and Environmental Sciences
A track record of successfully developing and implementing new initiatives

Application Instructions:
To apply, visit https://apply.interfolio.com/188136

To apply, please submit the following materials through Interfolio:
Letter of application addressing interest and qualification, including the following sections:
Statement of research interests and accomplishments
Statement of teaching philosophy and accomplishments
Statement of leadership experience and vision for the School of Earth and Environmental Sciences
Copy of the official transcript from the highest-degree granting institution
Curriculum vita
Names and contact information for three professional references
Selected applicants will be contacted to complete a required, self-disclosed Religious Affiliation Form.

Review of applications will begin October 1, 2026, and continue until the position is filled. Nothing received after November 30, 2026 will be considered.

For questions regarding the position, please contact search chair, Dr. Kevin Chambliss, at Kevin_Chambliss@baylor.edu.
Contact
Kevin Chambliss
Kevin_Chambliss@baylor.edu (preferred contact method)","Candidates who are outside of the United States and do not have other nonimmigrant visa status will not be sponsored for an H-1B petition.

About Baylor University: Baylor University is located in Waco, Texas and is the oldest college in the state. It has a diverse student population of 21,000 and is recognized as an R1 institution by the Carnegie Classification. Baylor is also noted on the honor roll of ""Great Colleges to Work For"" by ModernThink. We offer competitive salaries and benefits, allowing faculty and staff to live in one of the fastest-growing parts of the state. As a Christian university with historic Baptist roots and as reflected in the Notice of Non-Discrimination, Baylor strives to be a place characterized by civility and respect. We believe each student, faculty, staff, and administrator is made in the image of God. Baylor's new strategic plan, Baylor in Deeds, guides the University as it continues its mission of educating men and women for worldwide leadership and service by integrating academic excellence and Christian commitment within a caring community.


Qualifications:
REQUIRED","The Chair will play a central role in developing and advancing an integrated vision for research, education, and program expansion aligned with Baylor's goals as a nationally recognized R1 institution. The Chair will demonstrate a commitment to Baylor's mission as a Christian research university. The new School, established in June 2026, is being formed through the integration of the Departments of Environmental Science and Geosciences and builds on established strengths across a broad range of earth and environmental systems research and teaching",,"11/30/2026
Published:
09/17/2026
Starting Date:
after 8/1/2027
Hours per Week:
at least 40
Salary:
Commensurate / Negotiable
Education Required:
Doctorate
Experience Required:
at least 8 years
Location:
Baylor University (Waco, Texas)
Tags:
Faculty / Post-Doc Appointments
Description
Description:
Baylor University seeks a visionary leader and accomplished scholar to serve as the inaugural Chair of the School of Earth and Environmental Sciences (SEES)",False,0.9,Professional,Environmental Science,0.238,"['environmental science', 'environmental chemistry', 'environmental health']",False,,2026-09-20T08:53:55.869910+00:00,scrape_20260920_085322_f5d35acf,2.0
Aquatics Assets Assistant Division Manager,Washington State Department of Natural Resources (State),"1111 Washington St. SE (Olympia, Washington)","$102,888 to $119,976 per year",after 11/2/2026,09/18/2026,N/A,https://jobs.rwfm.tamu.edu/view-job/?id=118906,"Aquatics Assets Assistant Division Manager
Washington State Department of Natural Resources (State) | https://www.dnr.wa.gov/
Details
Posting:
https://www.governmentjobs.com/careers/washington/jobs/5485527/assistant-division-manager-asset-management-wms2?department[0]=Dept.%20of%20Natural%20Resources&sort=PositionTitle%7CAscending&pagetype=jobOpportunitiesJobs
Application Deadline:
09/28/2026
Published:
09/18/2026
Starting Date:
after 11/2/2026
Hours per Week:
40
Salary:
$102,888 to $119,976 per year
Education Required:
none
Experience Required:
at least 5 years
Location:
1111 Washington St. SE (Olympia, Washington)
Description
Assistant Division Manager – Asset Management, WMS2
Work Hours and Partial Telework flexibility may be available and considered
Salary:  $8,574.00 - $9,998.00 Monthly
To allow for growth and salary progression, the full salary range is: $8,574.00 - $10,526.00 Monthly

Review of applications is ongoing. We reserve the right to make a hiring decision or close this recruitment at any time after 9/24/26. It is in your best interest to submit materials as soon as possible.

Want to join something GREAT and make a difference?
The Department of Natural Resources (DNR) has an exciting opportunity within our Aquatic Resources Division. Come help us manage state-owned aquatic lands so that people and fish and wildlife thrive, businesses and eelgrass meadows grow, and waterfront public access and salmon are preserved in perpetuity.

We are looking for an experienced supervisor to be the Aquatics Assistant Division Manager for Asset Management, leading an amazing team of professional staff who manage, protect, and restore aquatic lands across Washington State. 

The Assistant Division Manager serves as a leader in both Asset Management and the Aquatic Resources Division in developing and maintaining an inclusive, respectful, and welcoming work environment for all. The position also works directly with individual citizens, private industry, Tribes, other governments, and partners to ensure resources are managed to preserve ecological and economic viability, including cleanup, pollution prevention, habitat conservation and protection, restoration, and assessment of the proper use of state-owned aquatic lands. 

If you are fascinated by and enjoy the following, you may be an ideal candidate:
The DNR mission
Encouraging and supporting diversity, innovation, collaboration, and creativity within your team and in partnership with DNR staff across the state
Mastering unusual, often technical topics such as sediment quality standards, SEPA, legal descriptions, scientific research, and environmental protection statutes and rules
Helping your staff, colleagues, and senior managers solve complex public policy, environmental, and real property management problems
Fostering water-dependent uses, encouraging direct public use and access, and managing natural resources in a sustainable manner by developing and supporting implementation of habitat stewardship measures 
Supporting further development of programs that use boats, ROVs, drones, and other innovative approaches to managing Aquatic Reserves and other aquatic lands
Supporting a successful, growing Derelict Vessel Removal team that operates statewide
Managing Non-routine work; even experienced staff learn something new nearly every day
Providing excellent customer service both internally and externally

Responsibilities:
This position acts as a principal assistant to the Aquatic Resources Division Manager. This position is responsible for management of the Asset Management Section, which includes: Derelict Vessel Removal Program, Restoration and Derelict Structure Removal Program, Sediment Quality Program (including Port Management), and Aquatic Reserves Program.
Specific objectives of the ADM are to:

Build and lead a team that encourages and supports diversity, equity, inclusion, and belonging in concert with innovation, collaboration, and creativity.  
Maintain and foster an inclusive and welcoming culture in the Aquatic Resources Division.  
Develop respectful relationships characterized by clear communication with our partners, lessees/grantees, and applicants.
Provide oversight of derelict vessel removals and guide further enhancement of the program.
Provide oversight of the development and implementation of aquatic restoration and removal of derelict structures. 
Provide oversight of the creation and management of aquatic reserves. 
Provide oversight of sediment quality management.
Protect, restore and enhance aquatic ecosystems through management actions.
Provide expert guidance and oversight to facilitate consistent and lawful application of programs managed by the ADM. 
Ensure business practices lead to an increase in efficiency, accountability and responsiveness. 
These issues require a high level of critical thinking and political awareness. Coordinating with division experts, executive management, external interest holders, legislators, and legislative staff is critical as these groups are often concerned with fundamental changes of statewide significance. Generally, these issues and any changes that result have legal, political, and financial implications for all of these groups. 

This position directly supports all of DNR’s Strategic priorities, in particular, Make DNR a Great Place to Work and Serve Washington’s Lands and Communities and Protect our Lands and Waters and the Aquatic Resources Division Strategic Framework.

Required Qualifications:
You must meet all the Required Qualifications and Competencies to be considered for this position. There are multiple pathways to meet qualifications, such as education, volunteer work, life skills, and experience.  Please clearly communicate in your application material that your skills align with the position and qualifications.

A Bachelor’s Degree in natural resource management, forestry, geography, marine science, other science, engineering, land use or environmental planning, public policy, or other relevant field; AND five (5) years of related professional and/or project management work experience, including supervisory experience, in one of the aforementioned specialties; OR an equivalent combination of education, training, and professional experience that demonstrates the required knowledge, skills, and abilities.
Experience reading, interpreting, and implementing statutes and regulations, drafting legislation, reviewing and analyzing legislation, and preparation of legislative testimony.
Experience negotiating contentious issues in a respectful, responsive, and informed manner.
Experience using Microsoft suite such as Word, Excel, Outlook, and PowerPoint.

Required Competencies: 
Knowledge of natural resources laws and practices.
Skills managing staff time and expenditures to meet budgets.
Knowledge of contracts, business and/or property management.
Customer service oriented.
Collaboration skills in resolving issues in an active, respectful, cooperative and professional manner.
Skills in managing complex issues in a politically sensitive manner.
Skills in managing relationships and team-building.
Communicates using both verbal and written forms to guide teams and support organizational goals.
Anticipates potential obstacles, adjusts plans proactively, and communicates priorities to maintain workflow efficiency.
Commitment to fostering and supporting an environment that honors diversity, equity, inclusion, and environmental justice practices.

Desired Qualifications:
These qualifications are not required. However, it can help you stand out as a candidate and should be highlighted in your application material.
Master’s or higher degree in natural resource management, real estate, forestry, geography, marine science, other science, engineering, land use or environmental planning, public policy, business or other relevant field.
At least three years of supervisory experience.
Experience managing staff time and expenditures to meet budgets.
Experience with real estate management, including commercial real estate practices, appraisal, and lease/contract management and development.
Experience negotiating with governments including Tribes and local, regional, state, and federal agencies.
Experience in giving testimony to legislative bodies and public presentations.
Experience working with natural resource management/environmental protection issues.
Knowledge of state legislative and political processes.
Contact
DNR Recruiting
3609720384
dnrrecruiting@dnr.wa.gov
contact via the web posting is preferred (see Details section)","Required Qualifications:
You must meet all the Required Qualifications and Competencies to be considered for this position. There are multiple pathways to meet qualifications, such as education, volunteer work, life skills, and experience.  Please clearly communicate in your application material that your skills align with the position and qualifications.","If you are fascinated by and enjoy the following, you may be an ideal candidate:
The DNR mission
Encouraging and supporting diversity, innovation, collaboration, and creativity within your team and in partnership with DNR staff across the state
Mastering unusual, often technical topics such as sediment quality standards, SEPA, legal descriptions, scientific research, and environmental protection statutes and rules
Helping your staff, colleagues, and senior managers solve complex public policy, environmental, and real property management problems
Fostering water-dependent uses, encouraging direct public use and access, and managing natural resources in a sustainable manner by developing and supporting implementation of habitat stewardship measures 
Supporting further development of programs that use boats, ROVs, drones, and other innovative approaches to managing Aquatic Reserves and other aquatic lands
Supporting a successful, growing Derelict Vessel Removal team that operates statewide
Managing Non-routine work; even experienced staff learn something new nearly every day
Providing excellent customer service both internally and externally

Responsibilities:
This position acts as a principal assistant to the Aquatic Resources Division Manager",,"09/28/2026
Published:
09/18/2026
Starting Date:
after 11/2/2026
Hours per Week:
40
Salary:
$102,888 to $119,976 per year
Education Required:
none
Experience Required:
at least 5 years
Location:
1111 Washington St",False,0.9,Professional,Unknown,0.0,[],True,University of Washington,2026-09-20T08:53:55.932979+00:00,scrape_20260920_085322_f5d35acf,2.0
Assistant Professor of Water Resources,"Robert B. Annis Water Resources Institute, Grand Valley State University (State)","740 West Shoreline Dr. (MUSKEGON, Michigan)","starting at $80,000 per year",after 8/2/2027,09/18/2026,Faculty / Post-Doc Appointments,https://jobs.rwfm.tamu.edu/view-job/?id=118880,"Assistant Professor of Water Resources
Robert B. Annis Water Resources Institute, Grand Valley State University (State) | https://www.gvsu.edu/wri
Details
Posting:
https://gvsu.wd1.myworkdayjobs.com/careers/job/Allendale-MI/Assistant-Professor---Robert-B-Annis-Water-Resources-Institute_R105015
Application Deadline:
10/16/2026
Published:
09/18/2026
Starting Date:
after 8/2/2027
Hours per Week:
at least 40
Salary:
starting at $80,000 per year
Education Required:
Doctorate
Experience Required:
none
Location:
740 West Shoreline Dr. (MUSKEGON, Michigan)
Tags:
Faculty / Post-Doc Appointments
Description
The Robert B. Annis Water Resources Institute (AWRI) at Grand Valley State University invites applications for a tenure-track Assistant Professor of Water Resources. We embrace the broadest definition of water resources, including aquatic ecology and evolution, freshwater science, aquatic chemistry and toxicology, hydrology, limnology, and ecological engineering. We welcome applications from researchers working at any spatial scale, in any freshwater system (lakes, rivers, streams, wetlands, or groundwater), at any level of biological or environmental organization, and using any mode of inference, from empirical to computational. Applicants who can augment our existing strengths in conservation and restoration ecology, environmental sensing and detection, human and environment interactions, and aquatic biogeochemistry and contaminants are particularly encouraged to apply.
 A Ph.D. is required of applicants, and postdoctoral experience is preferred. Preferred candidates will have a demonstrated record of publishing quality research; obtaining extramural funding for research; an ability to teach undergraduate courses related to their field of expertise and mentor M.S. students through their thesis research; and a desire to work in a collaborative, interdisciplinary environment. Educational responsibilities of the selected candidate would include delivering a single undergraduate course in a related major, advising undergraduate and graduate students in research, and engaging with a robust community engagement and education program. This is a nine-month, tenure-track position with benefits. The distribution of effort for this position is flexible but defaults to 75% research, 15% teaching, and 10% service. Salary is commensurate with skills and experience with a minimum starting salary of $80,000. 
 Qualified individuals should submit materials online at www.jobs.gvsu.edu, including a cover letter, curriculum vitae, separate statements of research and teaching interests, and the names and contact information of three references. Review of applications will begin on October 16, 2026, and the position will remain open until filled. Inquiries about the position may be directed to the search chair and AWRI Executive Director, Dr. Stuart Jones (jonesstu@gvsu.edu). Grand Valley State University is an Antidiscrimination/Equal Opportunity Institution.
 About AWRI: AWRI is a world-class research facility situated on Muskegon Lake in Muskegon, Michigan, on the shores of Lake Michigan. The institute houses a dozen faculty, numerous research staff, and a robust M.S. program in Biology with an aquatic science emphasis. Located 30 miles from the main Grand Valley State University campus, AWRI maintains state-of-the-art analytical and molecular laboratories, a mesocosm facility, and two research vessels. Please visit the AWRI website (www.gvsu.edu/wri) for more information on our faculty, facilities, research programs, educational programs, and outreach initiatives.
 University: Grand Valley State University is a public comprehensive institution located in West Michigan. The University serves approximately 22,000 undergraduate and graduate students and has been nationally recognized for its contribution to students’ social mobility. The greater Grand Rapids metropolitan area has a population of more than one million people, is affordable, and offers rich cultural amenities. Grand Valley seeks to create an inclusive and diverse environment for faculty and students while promoting enrichment of society through excellent teaching, active scholarship, and service.
Contact
Stuart Jones
616-331-3749
jonesstu@gvsu.edu (preferred contact method)","Hours per Week:
at least 40
Salary:
starting at $80,000 per year
Education Required:
Doctorate
Experience Required:
none","We welcome applications from researchers working at any spatial scale, in any freshwater system (lakes, rivers, streams, wetlands, or groundwater), at any level of biological or environmental organization, and using any mode of inference, from empirical to computational. Preferred candidates will have a demonstrated record of publishing quality research; obtaining extramural funding for research; an ability to teach undergraduate courses related to their field of expertise and mentor M. students through their thesis research; and a desire to work in a collaborative, interdisciplinary environment",,"10/16/2026
Published:
09/18/2026
Starting Date:
after 8/2/2027
Hours per Week:
at least 40
Salary:
starting at $80,000 per year
Education Required:
Doctorate
Experience Required:
none
Location:
740 West Shoreline Dr",False,0.9,Professional,Fisheries & Aquatic Science,0.27,"['aquatic', 'freshwater', 'stream', 'river', 'lake']",False,,2026-09-20T08:53:56.002536+00:00,scrape_20260920_085322_f5d35acf,2.0
Fisheries and Wildlife Biological Scientist II,Florida Fish and Wildlife Conservation Commission (State),"Lakeland, Florida","starting at $41,000 per year",after 10/1/2026,09/15/2026,N/A,https://jobs.rwfm.tamu.edu/view-job/?id=118819,"Fisheries and Wildlife Biological Scientist II
Florida Fish and Wildlife Conservation Commission (State) | https://myfwc.com/
Details
Posting:
https://jobs.myflorida.com/job/LAKELAND-FISHERIES-&-WILDLIFE-BIO-SCIENTIST-II-77000133-FL-33801/1429887100/
Application Deadline:
09/29/2026
Published:
09/15/2026
Starting Date:
after 10/1/2026
Hours per Week:
at least 40
Salary:
starting at $41,000 per year
Education Required:
Bachelors
Experience Required:
at least 5 years
Location:
Lakeland, Florida
Description
FWC Division of Freshwater Fisheries Management

Fisheries and Wildlife Biological Scientist II

$41,000 Annually

Tenoroc PUA

3829 Tenoroc Mine Road

Lakeland, FL 33805

 

Division of Freshwater Fisheries Management

Fisheries and Wildlife Biological Scientist II - CS 77000133

Lakeland, Florida - $41,000 Annually

 

Our organization:

The FWC envisions a Florida where fish and wildlife are abundant and thriving in healthy and connected natural landscapes with vital working lands and waterways; where natural resources are valued and safely enjoyed by all; and wherein natural systems support vibrant human communities and a strong economy.

Our Mission: Managing fish and wildlife resources for their long-term well-being and the benefit of people.

Every organization has an identity that is forged not only by what it does, but by how it conducts itself.  The values embedded in our mission and expressed in the vision of the FWC are to make quality decisions by being dynamic, science-informed, efficient, ethical, collaborative and committed to the vitality of the state and its environment.

 

Minimum Qualifications:

5 years professional experience in a closely-related biological field or laboratory program is required.
A bachelor's degree from an accredited college or university with a major in one of the biological sciences and one year of professional biological experience in a field or laboratory program; or
A master's degree from an accredited college or university in one of the biological sciences can substitute for the required experience.
 
Preferred Qualifications: 

A bachelor's degree from an accredited college or university with a major in a life or physical sciences and two years of professional experience in a field or laboratory program; or
A master's degree from an accredited college or university in a life or physical science.
Background in fisheries science with experience in biological field sampling and the use of fisheries-related sampling equipment.
Be willing and able to travel out of the office location area, stay overnight, work weekends and put in extended hours when necessary.
 

Requirements:

Must possess and maintain a valid Florida driver’s license.
Must possess a valid boaters safety education identification card prior to operating any agency vessel.  The selected candidate must already possess a boater safety card or be willing and able to get one within 30 days of hiring.
A bachelor's degree from an accredited college or university with a major in a life or physical science.
 

Position Overview and Responsibilities:

Design, implement and evaluate management strategies to provide quality angling opportunities at the Tenoroc Fish Management Area.  Activities include sampling and analysis of physical and biological components of aquatic ecosystems; applying fishery management techniques; assist in the development and implementation of studies to evaluate effects of different strategies on aquatic communities; compilation of fisheries data on Tenoroc lakes; fish stocking; and collection of angler creel survey data.
 Works with Division of Habitat and Species Conservation’s Aquatic Habitat Restoration and Enhancement section as well as Invasive Plant Management personnel to design and implement habitat maintenance and improvement projects.
 Assesses freshwater fisheries resources utilizing established sampling methodologies and gear.
Establish and maintain stakeholder contacts with anglers, local governmental officials, tackle shop owners, fishing guides, outdoor media, fishing clubs, NGOs, etc. to ensure effective, two-way communication relative to FWC programs and projects.
Facilitate the development of interagency partnerships, stakeholder relationships, and cooperative agreements with local governments in order to protect, manage, and enhance fisheries resources.
Conducts outreach and promotional programs.  Provides technical assistance and information to the public through presentations, publications, correspondence, and media contacts.
 Prepares educational materials such as new releases, brochures and visual aids.
 Investigate fish kills and pollution-related events on state waters.
Coordinate with Regional Freshwater Fisheries Administrator and other agency staff to develop aquatic restoration, enhancement, aquatic plant management, and other projects that emphasize improving or maintaining sport fish populations, angler access or the creation of new fishing opportunities.
Data compilation, management, and analysis (including statistical analysis)
Drafting/editing of agency quarterly and annual reports
Assists with developing work plans and budgets
Operates/maintains boats, motors, trailers and other agency equipment.
Office hours are from 8:00 A.M. to 5:00 P.M. EST, Monday through Friday
This position requires periodic work time on weekends and evenings. Occasional overnight travel is required.
 

Knowledge, Skills and Abilities:

Knowledge of Florida’s freshwater fish, fisheries, fish population dynamics, and fish management techniques.
Knowledge of freshwater aquatic plants and related management techniques.
Knowledge of aquatic habitat restoration techniques.
Knowledge of data analysis techniques relevant to fisheries biology.
Knowledge of Microsoft Word, Excel, and PowerPoint software applications
Skill in the operation of boats, outboard motors, trailers, etc.
Skill in the use of word processing, spreadsheet, database, data analysis, fish population analysis programs, etc.
Skill in the use of scientific and field equipment
Skill in personnel development
Ability to communicate effectively
Ability to plan, organize and coordinate work assignments
Ability to develop new or revised habitat restoration or enhancement techniques based on system conditions.
Ability to work with internal and external personnel, managers, government officials, riparian landowners, and other stakeholders.
Ability to work independently
Ability to utilize problem-solving techniques
Ability to understand and apply applicable rules, regulations, policies and procedures relating to fish and wildlife management
Ability to travel overnight and work flexible hours to meet project objectives
Ability to design and conduct biological studies/surveys.
Ability to identify freshwater fish to species level.
 

Why should I apply?

 

The Benefits of Working for the State of Florida:
State of Florida employees enjoy top-tier benefits offerings including comprehensive health coverage to meet the needs of you and your family while maintaining low deductibles and low monthly out-of-pocket contributions. State employees also enjoy the option of selecting between the FRS Pension Plan and the FRS Investment Plan for retirement.  As an additional benefit, state employment affords you the opportunity to take part in the tuition waiver program within the state university and community college systems.

Health Premiums $25.00- Single / $90.00- Family Biweekly

No Cost $25,000 Life Insurance

Nine Paid State Holidays, One Personal Holiday per year

4 hours Annual Leave and 4 hours Sick Leave accrued Biweekly

Retirement Plan Options

State University and College Tuition Waiver Program

On the Job Trainings

Support for family planning, including paid maternity leave, adoption benefits, Family and Medical Leave Act (FMLA), Family Supportive Work Program (FSWP), and paid leave for family and medical responsibilities for eligible employees.

Paid administrative leave for mentoring, volunteering, voting, and other reasons because we understand the importance of giving back to the community.

 

For a more complete list of benefits, visit https://www.mybenefits.myflorida.com/

Contact
Eric Johnson
863-648-3809
eric.johnson@myfwc.com (preferred contact method)","Hours per Week:
at least 40
Salary:
starting at $41,000 per year
Education Required:
Bachelors
Experience Required:
at least 5 years","Works with Division of Habitat and Species Conservation’s Aquatic Habitat Restoration and Enhancement section as well as Invasive Plant Management personnel to design and implement habitat maintenance and improvement projects. to ensure effective, two-way communication relative to FWC programs and projects. Coordinate with Regional Freshwater Fisheries Administrator and other agency staff to develop aquatic restoration, enhancement, aquatic plant management, and other projects that emphasize improving or maintaining sport fish populations, angler access or the creation of new fishing opportunities",,"09/29/2026
Published:
09/15/2026
Starting Date:
after 10/1/2026
Hours per Week:
at least 40
Salary:
starting at $41,000 per year
Education Required:
Bachelors
Experience Required:
at least 5 years
Location:
Lakeland, Florida
Description
FWC Division of Freshwater Fisheries Management

Fisheries and Wildlife Biological Scientist II

$41,000 Annually

Tenoroc PUA

3829 Tenoroc Mine Road

Lakeland, FL 33805

 

Division of Freshwater Fisheries Management

Fisheries and Wildlife Biological Scientist II - CS 77000133

Lakeland, Florida - $41,000 Annually

 

Our organization:

The FWC envisions a Florida where fish and wildlife are abundant and thriving in healthy and connected natural landscapes with vital working lands and waterways; where natural resources are valued and safely enjoyed by all; and wherein natural systems support vibrant human communities and a strong economy",False,0.9,Professional,Fisheries & Aquatic Science,0.36,"['fish', 'fisheries', 'aquatic', 'freshwater', 'river']",False,,2026-09-20T08:53:56.065507+00:00,scrape_20260920_085322_f5d35acf,2.0
EPA Development of Computational Approaches for Predicting Thyroid Systems Disruption in Aquatic Species,Oak Ridge Associated Universities (ORAU) (Private),"Duluth, Minnesota",Commensurate / Negotiable,after 11/1/2026,09/14/2026,Undergraduate Opportunities,https://jobs.rwfm.tamu.edu/view-job/?id=118782,"EPA Development of Computational Approaches for Predicting Thyroid Systems Disruption in Aquatic Species
Oak Ridge Associated Universities (ORAU) (Private) | https://orise.orau.gov/index.html
Details
Posting:
https://www.zintellect.com/Opportunity/Details/EPA-OCSPP-2026-0008
Application Deadline:
10/09/2026
Published:
09/14/2026
Starting Date:
after 11/1/2026
Hours per Week:
at least 40
Salary:
Commensurate / Negotiable
Education Required:
Bachelors
Experience Required:
none
Location:
Duluth, Minnesota
Tags:
Undergraduate Opportunities
Description
*Applications may be reviewed on a rolling-basis and this posting could close before the deadline. 

EPA Office/Lab and Location: A research opportunity is currently available at the Environmental Protection Agency (EPA), Great Lakes Coastal Environmental Science Laboratory, located in Duluth, Minnesota.

The mission of EPA is to protect human health and the environment. EPA works to ensure that: Americans have clean air, land and water; national efforts to reduce environmental risks are based on the best available scientific information; federal laws protecting human health and the environment are administered and enforced fairly, effectively and as Congress intended; Environmental stewardship is integral to U.S. policies concerning natural resources, human health, economic growth, energy, transportation, agriculture, industry, and international trade, and these factors are similarly considered in establishing environmental policy; All parts of society have access to accurate information sufficient to effectively participate in managing human health and environmental risks; Contaminated lands and toxic sites are cleaned up; and chemicals in the marketplace are reviewed for safety.

Research Project: The US EPA is mandated to address the endocrine disrupting potential of thousands of chemicals. For the majority of these chemicals there is a lack of information regarding whether they have the potential to cause adverse effects from impacts on thyroid hormone status. Understanding the important targets within the network of processes involved in maintaining normal functioning thyroid hormone levels, and what approaches to best assess activity at those targets are critical to developing a comprehensive approach to evaluating thyroid hormone disrupting potential of large numbers of chemicals.  

Recently, a number of thyroid-related in vitro high-throughput screening (HTS) assays have been developed to broaden assay coverage for molecular targets potentially leading to thyroid disruption and were implemented to screen US EPA’s ToxCast Phase 1, 2 and E1K chemical libraries. This battery of thyroid-related in vitro HTS assays can be employed to rapidly assess potential interference with these targets. However, this screening approach leaves uncertainties regarding the meaning of in vitro activity data as it relates to in vivo adverse outcomes. Part of this research effort aims to develop a translational process that integrates relevant information, models, and data streams to provide richer context to interpret in vitro results related to thyroid disruption. As part of the translational  process, this fellowship will focus on the development of a bio-assay to quantitative monitor thyroid hormone synthesis as a complimentary assay to existing in vitro thyroid-related assays. Assay development will be followed by the analysis of canonical and suspected thyroid disrupting chemicals to understand whether, or how, in vitro activity of chemicals translates to in vivo outcomes. Additionally, this research will employ existing computational tools such as the octanol-water partition coefficient (logKow) and quantitative structure-activity relationships (QSAR) models to provide deeper interpretation of in vitro data and further prioritize chemicals most likely to impact thyroid function in aquatic systems. The translational principles employed will have much broader applicability across ToxCast HTS assays and aquatic vertebrates. 

With guidance from the mentor, you may be involved in any or all of the following training activities:

Learn how innovative in vitro to in vivo extrapolation and reverse toxicokinetic approaches are used to translate effect concentrations measured in laboratory assays to equivalent blood, tissue, or environmental media concentrations.
Help with designing workflows and applying data analysis pipelines that support automated and standardized analysis of large scientific data sets.
Gain experience contributing to the development and implementation of data archiving and storage systems for research data management.
Learn how statistical and performance-based measures are applied to assess assay and data quality through quality assurance and quality control practices.
Process and analyze large, high-content data sets using established and emerging computational analysis pipelines under mentor guidance.
Compile and synthesize scientific information from peer-reviewed literature and online data sources to support interpretation of test results within the Adverse Outcome Pathway (AOP) framework.
Apply statistical analysis approaches such as hypothesis testing, regression methods, multivariate statistics, and concordance analyses to support research objectives.
Develop familiarity with computational and quantitative methods used in toxicology, exposure science, and data-intensive research environments.
Build scientific communication skills through preparation and presentation of research findings at regional, national, and international conferences or workshops.
Contribute to the preparation of peer-reviewed publications and dissemination materials for research partners, collaborators, and stakeholders.
Gain professional development experience in interdisciplinary research, data analysis, scientific collaboration, and communication of complex scientific findings to diverse audiences.
Learning Objectives: You will learn how to collaborate effectively within a transdisciplinary research team while gaining experience in project planning, scientific communication, research implementation, and data analysis activities. Through collaboration with researchers and staff, you will develop an understanding of how multidisciplinary scientific projects are designed, managed, and executed. You will also have opportunities to learn from and interact with internationally recognized scientific leaders within EPA and across external research organizations and institutions.

You will build knowledge of laboratory, analytical, and computational techniques that are broadly applicable across life sciences research fields. Through hands-on participation and mentorship, you will learn how to operate and use a variety of scientific instruments and equipment and gain familiarity with laboratory and research workflows. You will also learn approaches for evaluating data quality, troubleshooting research results, and applying statistical methods for scientific data analysis, interpretation, and communication. Opportunities may be available to contribute to original research efforts and support the development of scientific publications and related research products.

Mentor(s): The mentor for this opportunity is Sigmund Degitz (degitz.sigmund@epa.gov). If you have questions about the nature of the research, please contact the mentor.

Anticipated Appointment Start Date: Fall 2026. All start dates are flexible and vary depending on numerous factors.

Appointment Length: The appointment will initially be for one year and may be renewed three to four additional years upon EPA recommendation and subject to availability of funding.

Level of Participation: The appointment is full time.

Participant Stipend: The participant will receive a monthly stipend commensurate with educational level and experience. 

Citizenship Requirements: This opportunity is available to U.S. citizens and Lawful Permanent Residents (LPR) only.

EPA Security Clearance: Completion of a successful background investigation by the Office of Personnel Management (OPM) is required for an applicant to be on-boarded at EPA.

ORISE Information: This program, administered by ORAU through its contract with the U.S. Department of Energy (DOE) to manage the Oak Ridge Institute for Science and Education (ORISE), was established through an interagency agreement between DOE and EPA. Participants do not become employees of EPA, DOE or the program administrator, and there are no employment-related benefits. Proof of health insurance is required for participation in this program. Health insurance can be obtained through ORISE.

ORISE offers all ORISE EPA graduate students and Postdocs a free 5-year membership to the National Postdoctoral Association (NPA).

The successful applicant(s) will be required to comply with Environmental, Safety and Health (ES&H) requirements of the hosting facility.

Questions: Please see the FAQ section of our website. If you have additional questions about the application process, please email ORISE.EPA.OCSPP@orau.org and include the reference code for this opportunity.

Qualifications
The qualified candidate should have received a master's or bachelor's degree in one of the relevant fields (Computational Biology, Computational Toxicology, Mathematics, Biostatistics, Computer Science). Degree must have been received within the past five years.

Candidates with a bachelors may be considered if they can demonstrate strong experience. 

Preferred skills:

Computational skills (e.g., programming, R-based statistics)
Experience designing workflows and applying data analysis pipelines for automated and standardized analysis of large data sets.
Experience developing and implementing a data archiving and storage system.
Experience identifying statistical and performance-based measures of assay and data quality and implementing quality assurance and quality control.
Experience processing and analyzing large, high content, data sets using both existing and novel computational pipelines.
Experience conducting statistical analyses including the use of hypothesis testing, regression-based approaches, multi-variate statistics, concordance analyses, etc. 
 

Stipend
$50,460.00 – $61,722.00 Yearly
Point of Contact
Rachel
Eligibility Requirements
Citizenship: LPR or U.S. Citizen
Degree: Bachelor's Degree or Master's Degree received within the last 60 month(s).
Contact
EPA-OCSPP-2026-0008
contact via the web posting is preferred (see Details section)",Citizenship Requirements: This opportunity is available to U.S. citizens and Lawful Permanent Residents (LPR) only.,"EPA Office/Lab and Location: A research opportunity is currently available at the Environmental Protection Agency (EPA), Great Lakes Coastal Environmental Science Laboratory, located in Duluth, Minnesota. Research Project: The US EPA is mandated to address the endocrine disrupting potential of thousands of chemicals. Part of this research effort aims to develop a translational process that integrates relevant information, models, and data streams to provide richer context to interpret in vitro results related to thyroid disruption",,"10/09/2026
Published:
09/14/2026
Starting Date:
after 11/1/2026
Hours per Week:
at least 40
Salary:
Commensurate / Negotiable
Education Required:
Bachelors
Experience Required:
none
Location:
Duluth, Minnesota
Tags:
Undergraduate Opportunities
Description
*Applications may be reviewed on a rolling-basis and this posting could close before the deadline",True,0.95,Graduate,Natural Resource Management,0.216,"['natural resources', 'agriculture', 'environmental policy', 'stakeholder', 'interpretation']",False,,2026-09-20T08:53:56.136756+00:00,scrape_20260920_085322_f5d35acf,2.0
EPA Quantitative Bioassay Development for Aquatic Vertebrates,Oak Ridge Associated Universities (ORAU) (Private),"Duluth, Minnesota",Commensurate / Negotiable,after 11/1/2026,09/14/2026,"Graduate Opportunities, Undergraduate Opportunities",https://jobs.rwfm.tamu.edu/view-job/?id=118784,"EPA Quantitative Bioassay Development for Aquatic Vertebrates
Oak Ridge Associated Universities (ORAU) (Private) | https://orise.orau.gov/index.html
Details
Posting:
https://www.zintellect.com/Opportunity/Details/EPA-OCSPP-2026-0009
Application Deadline:
11/09/2026
Published:
09/14/2026
Starting Date:
after 11/1/2026
Hours per Week:
at least 40
Salary:
Commensurate / Negotiable
Education Required:
Bachelors
Experience Required:
none
Location:
Duluth, Minnesota
Tags:
Graduate Opportunities
Undergraduate Opportunities
Description
 *Applications may be reviewed on a rolling-basis and this posting could close before the deadline. 

EPA Office/Lab and Location: A research opportunity is currently available at the Environmental Protection Agency (EPA), Great Lakes Coastal Environmental Science Laboratory, located in Duluth, Minnesota.

The mission of EPA is to protect human health and the environment. EPA works to ensure that: Americans have clean air, land and water; national efforts to reduce environmental risks are based on the best available scientific information; federal laws protecting human health and the environment are administered and enforced fairly, effectively and as Congress intended; Environmental stewardship is integral to U.S. policies concerning natural resources, human health, economic growth, energy, transportation, agriculture, industry, and international trade, and these factors are similarly considered in establishing environmental policy; All parts of society have access to accurate information sufficient to effectively participate in managing human health and environmental risks; Contaminated lands and toxic sites are cleaned up; and chemicals in the marketplace are reviewed for safety.

Research Project: The US EPA is mandated to address the endocrine disrupting potential of thousands of chemicals. For the majority of these chemicals there is a lack of information regarding whether they have the potential to cause adverse effects from impacts on thyroid hormone status. Understanding the important targets within the network of processes involved in maintaining normal functioning thyroid hormone levels, and what approaches to best assess activity at those targets are important to developing a comprehensive approach to evaluating thyroid hormone disrupting potential of large numbers of chemicals.  

Recently, a number of thyroid-related in vitro high-throughput screening (HTS) assays have been developed to broaden assay coverage for molecular targets potentially leading to thyroid disruption and were implemented to screen US EPA’s ToxCast Phase 1, 2 and E1K chemical libraries. This battery of thyroid-related in vitro HTS assays can be employed to rapidly assess potential interference with these targets. However, this screening approach leaves uncertainties regarding the meaning of in vitro activity data as it relates to in vivo adverse outcomes. Part of this research effort aims to develop a translational process that integrates relevant information, models, and data streams to provide richer context to interpret in vitro results related to thyroid disruption. As part of the translational  process, this position will focus on the development of a bio-assay to quantitative monitor thyroid hormone synthesis as a complimentary assay to existing in vitro thyroid-related assays. Assay development will be followed by the analysis of canonical and suspected thyroid disrupting chemicals to understand whether, or how, in vitro activity of chemicals translates to in vivo outcomes. Additionally, this research will employ existing computational tools such as the octanol-water partition coefficient (logKow) and quantitative structure-activity relationships (QSAR) models to provide deeper interpretation of in vitro data and further prioritize chemicals most likely to impact thyroid function in aquatic systems. The translational principles employed will have much broader applicability across ToxCast HTS assays and aquatic vertebrates. 

With guidance from the mentor, you may be involved in any or all of the following training activities:

Learn how analytical methods are developed and applied to quantify biomolecules, such as thyroid hormones and proteins, in biological tissues collected from aquatic organisms using liquid chromatography-mass spectrometry techniques.
Gain experience exploring alternative high-throughput detection strategies for measuring biomolecules in biological tissues.
Develop knowledge of data quality assurance and quality control practices used in laboratory and computational research settings.
Learn how chemoinformatic and quantitative structure–activity relationship (QSAR) approaches are used to examine relationships between chemical structure and biological effects.
Process and analyze large, high-content data sets using established and emerging computational analysis pipelines.
Build skills in analyzing experimental data and preparing tables, figures, visual summaries, and other materials used to communicate scientific findings.
Apply statistical analysis approaches such as hypothesis testing, regression methods, multivariate statistics, and concordance analyses to support interpretation of research results.
Strengthen scientific communication skills through opportunities to present research findings at scientific meetings and contribute to written reports and peer-reviewed journal articles.
Learning Objectives: You will learn how to collaborate effectively within a transdisciplinary research team while gaining experience in project planning, scientific communication, research implementation, and data analysis activities. Through collaboration with researchers and staff, you will develop an understanding of how multidisciplinary scientific projects are designed, managed, and executed. You will also have opportunities to learn from and interact with internationally recognized scientific leaders within EPA and across external research organizations and institutions.

You will build knowledge of laboratory, analytical, and computational techniques that are broadly applicable across life sciences research fields. Through hands-on participation and mentorship, you will learn how to operate and use a variety of scientific instruments and equipment and gain familiarity with laboratory and research workflows. You will also learn approaches for evaluating data quality, troubleshooting research results, and applying statistical methods for scientific data analysis, interpretation, and communication. Opportunities may be available to contribute to original research efforts and support the development of scientific publications and related research products.

Mentor(s): The mentor for this opportunity is Heather Brown (brown.heather@epa.gov). If you have questions about the nature of the research, please contact the mentor.

Anticipated Appointment Start Date: Fall 2026. All start dates are flexible and vary depending on numerous factors.

Appointment Length: The appointment will initially be for one year and may be renewed three to four additional years upon EPA recommendation and subject to availability of funding.

Level of Participation: The appointment is full time.

Participant Stipend: The participant will receive a monthly stipend commensurate with educational level and experience.

Citizenship Requirements: This opportunity is available to U.S. citizens and Lawful Permanent Residents (LPR) only.

EPA Security Clearance: Completion of a successful background investigation by the Office of Personnel Management (OPM) is required for an applicant to be on-boarded at EPA.

ORISE Information: This program, administered by ORAU through its contract with the U.S. Department of Energy (DOE) to manage the Oak Ridge Institute for Science and Education (ORISE), was established through an interagency agreement between DOE and EPA. Participants do not become employees of EPA, DOE or the program administrator, and there are no employment-related benefits. Proof of health insurance is required for participation in this program. Health insurance can be obtained through ORISE.

ORISE offers all ORISE EPA graduate students and Postdocs a free 5-year membership to the National Postdoctoral Association (NPA).

The successful applicant(s) will be required to comply with Environmental, Safety and Health (ES&H) requirements of the hosting facility.

Questions: Please see the FAQ section of our website. If you have additional questions about the application process, please email ORISE.EPA.OCSPP@orau.org and include the reference code for this opportunity.

Qualifications
The qualified candidate should have received or be currently pursuing a master's or bachelor's degree in one of the relevant fields (chemistry with a focus in a sub-discipline such as analytical chemistry, biochemistry, environmental chemistry, etc).

Candidates with a bachelors in chemistry or biochemistry may be considered if they can demonstrate strong mathematical and computational skills. 

Preferred skills:

Familiarity and/or experience with analytical instrumentation, particularly LC-MS/MS.
Previous experience with statistical data analysis (e.g. R-based statistics) 
Experience conducting in vitro and in vivo bioassays.
Coursework in statistics, chemoinformatics, quantitative chemistry, and/or instrumental analysis, basic coursework in biology.
Previous research experience, beyond lab-oriented coursework alone.
Familiarity with literature search tools and strategies
Previous experience with science communication to a diversity of technical and non-technical audiences.
Previous experience writing peer reviewed journal articles.
Previous experience working with aquatic organisms such as fish or amphibians.
Stipend
$50,460.00 – $61,722.00 Yearly
Point of Contact
Rachel
Eligibility Requirements
Citizenship: LPR or U.S. Citizen
Degree: Bachelor's Degree or Master's Degree received within the last 60 months or currently pursuing.

  Contact
EPA-OCSPP-2026-0009
contact via the web posting is preferred (see Details section)",Citizenship Requirements: This opportunity is available to U.S. citizens and Lawful Permanent Residents (LPR) only.,"EPA Office/Lab and Location: A research opportunity is currently available at the Environmental Protection Agency (EPA), Great Lakes Coastal Environmental Science Laboratory, located in Duluth, Minnesota. Research Project: The US EPA is mandated to address the endocrine disrupting potential of thousands of chemicals. Part of this research effort aims to develop a translational process that integrates relevant information, models, and data streams to provide richer context to interpret in vitro results related to thyroid disruption",,"11/09/2026
Published:
09/14/2026
Starting Date:
after 11/1/2026
Hours per Week:
at least 40
Salary:
Commensurate / Negotiable
Education Required:
Bachelors
Experience Required:
none
Location:
Duluth, Minnesota
Tags:
Graduate Opportunities
Undergraduate Opportunities
Description
 *Applications may be reviewed on a rolling-basis and this posting could close before the deadline",True,0.95,Graduate,Unknown,0.0,[],False,,2026-09-20T08:53:56.215157+00:00,scrape_20260920_085322_f5d35acf,2.0
MS research position - University of Georgia Odum School of Ecology - freshwater mussels,University of Georgia (State),"140 East Green St. (Athens, Georgia)","$24,000 to $35,000 per year",8/1/2027,09/16/2026,Graduate Opportunities,https://jobs.rwfm.tamu.edu/view-job/?id=118438,"MS research position - University of Georgia Odum School of Ecology - freshwater mussels
University of Georgia (State) | http://ecology.uga.edu
Details
Application Deadline:
10/15/2026
Published:
09/16/2026
Starting Date:
8/1/2027
Ending Date:
7/31/2029
Hours per Week:
40
Salary:
$24,000 to $35,000 per year
Education Required:
Bachelors
Experience Required:
at least 1 year
Location:
140 East Green St. (Athens, Georgia)
Tags:
Graduate Opportunities
Description
The Odum School of Ecology is seeking applicants for a M.S. position beginning in summer or fall 2027 in the research group of Dr. John Wares (www.wareslab.net) in partnership with US Forest Service Research & Development. Research project will be partially defined by funding source and region, with a focus on freshwater mussels in the Great Lakes region; the project may incorporate comparative work with freshwater mussels/habitats in the southeastern US. Stipend may vary during duration of graduate training. Pre-applications required by October 1, and candidates will be notified of suitability by October 16, 2026. To be considered for this position, please send a single PDF that includes (1) a cover letter highlighting your research background and field experience to date, goals as a scientist, knowledge of freshwater mussels, and what types of research questions you hope to address with respect to freshwater mussel diversity; (2) a current CV highlighting relevant professional experience, educational background, and current GPA. The PDF filename should start with your last name, and the email subject line should read “2027 MS-ICAS pre-application”.
Contact
Dr. John Wares
jpwares@uga.edu (preferred contact method)","Hours per Week:
40
Salary:
$24,000 to $35,000 per year
Education Required:
Bachelors
Experience Required:
at least 1 year","MS research position - University of Georgia Odum School of Ecology - freshwater mussels
University of Georgia (State) | http://ecology. position beginning in summer or fall 2027 in the research group of Dr. net) in partnership with US Forest Service Research & Development",,"10/15/2026
Published:
09/16/2026
Starting Date:
8/1/2027
Ending Date:
7/31/2029
Hours per Week:
40
Salary:
$24,000 to $35,000 per year
Education Required:
Bachelors
Experience Required:
at least 1 year
Location:
140 East Green St",False,0.8,Professional,Unknown,0.0,[],False,,2026-09-20T08:53:56.285380+00:00,scrape_20260920_085322_f5d35acf,2.0
Fall Intern (Lonesome Coyote Ranch),Lonesome Coyote Ranch (Private),"Tilden, Texas",Commensurate / Negotiable,between 9/21/2026 and 10/21/2026,09/15/2026,Undergraduate Opportunities,https://jobs.rwfm.tamu.edu/view-job/?id=118796,"Fall Intern (Lonesome Coyote Ranch)
Lonesome Coyote Ranch (Private) | https://www.lonesomecoyoteranch.com
Details
Posting:
https://www.lonesomecoyoteranch.com
Application Deadline:
10/20/2026
Published:
09/15/2026
Starting Date:
between 9/21/2026 and 10/21/2026
Hours per Week:
30 - 40
Salary:
Commensurate / Negotiable
Education Required:
Some Undergraduate
Experience Required:
at least 1 year
Location:
Tilden, Texas
Tags:
Undergraduate Opportunities
Description
Assist in the day to day workings of an 11,000 acre ranch in McMullen County, Texas.  Intern job duties may include, but are not limited to helping with wildlife habitat; breeding facilities; filling feeders; brush clearing; deer capture; maintenance/installation of hunting blinds; operating farm equipment ; facilities maintenance; running snares; land discing/planting; wildlife harvest and data collection; assisting hunters for deer, upland birds and exotics; game cleaning and preparation; and other general ranch work as needed.  Applicant must be able to lift 75 lbs and maneuver across rough terrain.  Interns may be allowed to assist with deer harvest management and guiding hunts.

College students and/or recent graduates in a wildlife management or related degree plan.  The ideal candidate will be a self-motivated, self starter with a strong work ethic and a ranch/hunting background.  Applicants should have good people skills.  This position requires working long hours and weekends and in adverse weather conditions.  Candidates must maintain a valid driver’s license and Texas hunting license.  Applicants are subject to background checks.
 Please send a resume, cover letter and 3 references to Amanda@lonesomecoyoteranch.com

Contact
Amanda Gray
3612159283
amanda@lonesomecoyoteranch.com (preferred contact method)","Hours per Week:
30 - 40
Salary:
Commensurate / Negotiable
Education Required:
Some Undergraduate
Experience Required:
at least 1 year",,,"10/20/2026
Published:
09/15/2026
Starting Date:
between 9/21/2026 and 10/21/2026
Hours per Week:
30 - 40
Salary:
Commensurate / Negotiable
Education Required:
Some Undergraduate
Experience Required:
at least 1 year
Location:
Tilden, Texas
Tags:
Undergraduate Opportunities
Description
Assist in the day to day workings of an 11,000 acre ranch in McMullen County, Texas",False,0.6,Professional,Wildlife & Natural Resources,0.278,"['wildlife', 'wildlife management', 'hunting', 'wildlife habitat', 'deer']",False,,2026-09-20T08:53:56.357494+00:00,scrape_20260920_085322_f5d35acf,2.0
MS position - Marshall U - Palmquist Lab - Vegetation dynamics and plant community change in coastal ecosystems,Marshall University (State),"Marshall University (Huntington, West Virginia)","up to $24,000 per year",between 1/4/2027 and 5/3/2027,09/14/2026,Graduate Opportunities,https://jobs.rwfm.tamu.edu/view-job/?id=118761,"MS position - Marshall U - Palmquist Lab - Vegetation dynamics and plant community change in coastal ecosystems
Marshall University (State) | http://www.kylepalmquist.org
Details
Application Deadline:
10/19/2026
Published:
09/14/2026
Starting Date:
between 1/4/2027 and 5/3/2027
Hours per Week:
at most 40
Salary:
up to $24,000 per year
Education Required:
Bachelors
Experience Required:
at least 1 year
Location:
Marshall University (Huntington, West Virginia)
Tags:
Graduate Opportunities
Description
The Palmquist Lab at Marshall University is recruiting for a funded MS position at Marshall
University in vegetation dynamics and plant community change in coastal ecosystems. Our
research focuses on quantifying vegetation dynamics over space and time and identifying how
the relative importance of ecological processes structuring plant communities changes with
spatial and temporal scale. In addition, a key goal of our research is to understand how pattern
and process in plant communities will be altered in the face of global environmental change. An
important motivation for our work is to address ecological questions at large spatial scales to
inform landscape conservation. We collect field data, use existing large observational data sets,
and implement simulation modeling to address these goals in temperate shrublands, wetlands,
woodlands, and forests. Additional information about the lab can be found at
http://www.kylepalmquist.org/.

RESEARCH FOCUS: The successful candidate will explore plant community patterns and
short-term vegetation change and dynamics in coastal ecosystems on Marine Corps Recruit
Depot Parris Island (MCRDPI), a sea-island in South Carolina. Coastal vegetation provides
important ecosystem services, including storm protection, erosion control, and habitat for
wildlife. These complex, highly zoned plant communities are structured by multiple
environmental factors including salinity, elevation, soil texture, soil moisture, exposure, and light
availability. The project will leverage an existing network of 57 permanent vegetation plots
located throughout the island that were installed and sampled in 2022. The successful candidate
will re-sample these plots in summer 2027 to evaluate plant community change. In addition,
there is a rich plant community data set from 2022 that has yet to be fully explored. Finally, the
student will be able to leverage and potentially improve existing vegetation maps of the island
that were created from an integration of remotely sensed products and field validation points.

REQUIRED QUALIFICATIONS: A background and relevant course work in plant ecology,
knowledge and experience with the vegetation of the southeastern US, strong communication
skills, and strong quantitative skills. Experience with plant community analysis and an interest in
questions that evaluate plant community patterns over space and time.

EXPECTATIONS: The successful candidate will be expected to conduct high-quality research,
serve as a teaching assistant within the Department of Biological Sciences, present their research
to the scientific community at regional and national meetings, and publish in peer-reviewed
scientific journals.

TIMELINE: The preferred start date is January 2027. The student must start no later than May
2027.

FUNDING: Funding will be provided by teaching assistantships for two years, along with
supplemental pay to conduct research during the academic year and summer. The 12-month pay
for this position is $24,000 and a full tuition waiver will be provided. The student is responsible
for covering University fees and health insurance.

HOW TO APPLY: Interested students should apply by submitting the following to Dr. Kyle
Palmquist (palmquist@marshall.edu): 1) short statement of research interests and career goals
(no longer than 1 page), 2) CV, 3) unofficial transcripts, and 4) contact information for threeprofessional references. Please include: “MS position – coastal vegetation” and your name in the email subject.

DEADLINE TO APPLY: No later than October 16, 2026.

Review of applications will begin immediately and continue until a candidate is selected. I will
contact you to discuss your research interests and goals for graduate school if I determine you
would be a good fit for the lab. If selected, a full application must be submitted to the
Department of Biological Sciences at Marshall University, Huntington, WV. Faculty in the
Department of Biological Sciences have expertise in a variety of biological fields, including but
not limited to ecology, evolution, herpetology, and physiology. More information about the
Department and its programs can be found here: https://www.marshall.edu/biology/. Application
requirements for admission to the DBS graduate program can be found here:
https://www.marshall.edu/biology/admission/.

Marshall University is located in Huntington, an affordable college town located on the Ohio
River in the beautiful state of West Virginia. The town is small enough to get around on foot and
bike, but large enough to support a variety of restaurants and other cultural activities. Huntington
and the surrounding area offer ample recreational opportunities (hiking, skiing, rafting), along
with proximity to larger cities, including Louisville, KY, Cincinnati, OH, and Columbus, OH. In
the Palmquist Lab, we highly value and encourage work-life balance.

I strongly encourage students from diverse backgrounds and experiences to apply. Feel free to
contact me with questions at any time.
Contact
Kyle Palmquist
palmquist@marshall.edu (preferred contact method)","The Palmquist Lab at Marshall University is recruiting for a funded MS position at Marshall
University in vegetation dynamics and plant community change in coastal ecosystems. Our
research focuses on quantifying vegetation dynamics over space and time and identifying how
the relative importance of ecological processes structuring plant communities changes with
spatial and temporal scale. In addition, a key goal of our research is to understand how pattern
and process in plant communities will be altered in the face of global environmental change. An
important motivation for our work is to address ecological questions at large spatial scales to
inform landscape conservation. We collect field data, use existing large observational data sets,
and implement simulation modeling to address these goals in temperate shrublands, wetlands,
woodlands, and forests. Additional information about the lab can be found at
http://www.kylepalmquist.org/.

RESEARCH FOCUS: The successful candidate will explore plant community patterns and
short-term vegetation change and dynamics in coastal ecosystems on Marine Corps Recruit
Depot Parris Island (MCRDPI), a sea-island in South Carolina. Coastal vegetation provides
important ecosystem services, including storm protection, erosion control, and habitat for
wildlife. These complex, highly zoned plant communities are structured by multiple
environmental factors including salinity, elevation, soil texture, soil moisture, exposure, and light
availability. The project will leverage an existing network of 57 permanent vegetation plots
located throughout the island that were installed and sampled in 2022. The successful candidate
will re-sample these plots in summer 2027 to evaluate plant community change. In addition,
there is a rich plant community data set from 2022 that has yet to be fully explored. Finally, the
student will be able to leverage and potentially improve existing vegetation maps of the island
that were created from an integration of remotely sensed products and field validation points.

REQUIRED QUALIFICATIONS: A background and relevant course work in plant ecology,
knowledge and experience with the vegetation of the southeastern US, strong communication
skills, and strong quantitative skills. Experience with plant community analysis and an interest in
questions that evaluate plant community patterns over space and time.

EXPECTATIONS: The successful candidate will be expected to conduct high-quality research,
serve as a teaching assistant within the Department of Biological Sciences, present their research
to the scientific community at regional and national meetings, and publish in peer-reviewed
scientific journals.

TIMELINE: The preferred start date is January 2027. The student must start no later than May
2027.

FUNDING: Funding will be provided by teaching assistantships for two years, along with
supplemental pay to conduct research during the academic year and summer. The 12-month pay
for this position is $24,000 and a full tuition waiver will be provided. The student is responsible
for covering University fees and health insurance.

HOW TO APPLY: Interested students should apply by submitting the following to Dr. Kyle
Palmquist (palmquist@marshall.edu): 1) short statement of research interests and career goals
(no longer than 1 page), 2) CV, 3) unofficial transcripts, and 4) contact information for threeprofessional references. Please include: “MS position – coastal vegetation” and your name in the email subject.

DEADLINE TO APPLY: No later than October 16, 2026.

Review of applications will begin immediately and continue until a candidate is selected. I will
contact you to discuss your research interests and goals for graduate school if I determine you
would be a good fit for the lab. If selected, a full application must be submitted to the
Department of Biological Sciences at Marshall University, Huntington, WV. Faculty in the
Department of Biological Sciences have expertise in a variety of biological fields, including but
not limited to ecology, evolution, herpetology, and physiology. More information about the
Department and its programs can be found here: https://www.marshall.edu/biology/. Application
requirements for admission to the DBS graduate program can be found here:
https://www.marshall.edu/biology/admission/.

Marshall University is located in Huntington, an affordable college town located on the Ohio
River in the beautiful state of West Virginia. The town is small enough to get around on foot and
bike, but large enough to support a variety of restaurants and other cultural activities. Huntington
and the surrounding area offer ample recreational opportunities (hiking, skiing, rafting), along
with proximity to larger cities, including Louisville, KY, Cincinnati, OH, and Columbus, OH. In
the Palmquist Lab, we highly value and encourage work-life balance.

I strongly encourage students from diverse backgrounds and experiences to apply. Feel free to
contact me with questions at any time.","Our
research focuses on quantifying vegetation dynamics over space and time and identifying how
the relative importance of ecological processes structuring plant communities changes with
spatial and temporal scale. In addition, a key goal of our research is to understand how pattern
and process in plant communities will be altered in the face of global environmental change. RESEARCH FOCUS: The successful candidate will explore plant community patterns and
short-term vegetation change and dynamics in coastal ecosystems on Marine Corps Recruit
Depot Parris Island (MCRDPI), a sea-island in South Carolina",,"10/19/2026
Published:
09/14/2026
Starting Date:
between 1/4/2027 and 5/3/2027
Hours per Week:
at most 40
Salary:
up to $24,000 per year
Education Required:
Bachelors
Experience Required:
at least 1 year
Location:
Marshall University (Huntington, West Virginia)
Tags:
Graduate Opportunities
Description
The Palmquist Lab at Marshall University is recruiting for a funded MS position at Marshall
University in vegetation dynamics and plant community change in coastal ecosystems",True,0.95,Graduate,Unknown,0.0,[],False,,2026-09-20T08:53:56.427322+00:00,scrape_20260920_085322_f5d35acf,2.0
Global Synthesis Working Group Postdoctoral Research Fellow,University of Michigan (Private),"Ann Arbor, Michigan",Commensurate / Negotiable,after 10/1/2026,09/16/2026,"Faculty / Post-Doc Appointments, Graduate Opportunities",https://jobs.rwfm.tamu.edu/view-job/?id=118192,"Global Synthesis Working Group Postdoctoral Research Fellow
University of Michigan (Private) | https://seas.umich.edu/globalchangebiology
Details
Posting:
https://seas.umich.edu/globalchangebiology/postdoc-opportunities
Application Deadline:
09/30/2026
Published:
09/16/2026
Starting Date:
after 10/1/2026
Hours per Week:
at most 40
Salary:
Commensurate / Negotiable
Education Required:
Doctorate
Experience Required:
none
Location:
Ann Arbor, Michigan
Tags:
Faculty / Post-Doc Appointments
Graduate Opportunities
Description
The Institute for Global Change Biology at the University of Michigan seeks a postdoctoral researcher for a regional biodiversity model intercomparison project (BMIP) examining diverse correlative, process-based, and hybrid biodiversity models for projecting species and population responses to climate and land-use change. The postdoctoral researcher will support the development and synthesis of the model intercomparison of the sModelProBio working group (led by Greta Bocedi, University of Aberdeen and Damaris Zurell, University of Potsdam). The sModelProBio working group represents a collaborative project of sDiv (Synthesis Centre of the German Center for Biodiversity, iDiv) and the Institute for Global Change Biology, funded under the multi-institutional Global Synthesis Call on “Interactions between Biodiversity and Climate Change”. The sModelProBio working group is made up of an international team of researchers from the University of Aberdeen, University of Potsdam, University of Connecticut, San Diego State University, the University of Michigan, and elsewhere. This effort fills a critical gap in biodiversity science by providing robust regional-scale projections required for conservation planning and policy implementation. The postdoc will be co-supervised by Peter Reich (Director of the IGCB) and sModelProBio leaders Damaris Zurell and Greta Bocedi.

We seek an outstanding candidate with strong computational and quantitative skills and training in ecology, biodiversity science, environmental science, or a related discipline. Candidates must have expertise in programming, including in R, and experience in ecological modelling. The successful candidate might also have experience in one or more of these areas: Bayesian modeling, ecological forecasting, simulation modeling, ecophysiological modeling, hybrid AI-mechanistic models, or related quantitative approaches.

The postdoctoral researcher will be a member of the working group, support the modelling case studies, develop reproducible analytical workflows, quantify sources of uncertainty, and contribute to biodiversity projections relevant to conservation planning and policy. Opportunities will exist to develop independent projects, receive training from multiple scientists, and contribute to international workshops. The candidate will work closely with an international network of biodiversity and climate scientists while helping to develop new approaches for linking regional biodiversity projections with broader-scale assessments. This position offers an opportunity to contribute to a highly collaborative synthesis effort at the forefront of biodiversity forecasting and global change ecology.

The successful applicant will have completed a PhD degree in ecology, biology, Earth sciences, computer science, or a related field prior to the start date. An excellent publication record, strong organizational and communication skills, and a demonstrated ability to work independently are required. Preference will be given to scientists with experience in ecological modeling, software or package development, and designing novel computational workflows.

Review of applications will begin September 1, 2026; applications will be considered until a candidate is hired. The initial appointment period will be for one year with the expectation of a single renewal pending satisfactory performance. The successful candidate will participate in a program that includes career mentoring, professional development, and academic networking opportunities. Applications must include: 1) a cover letter that explains your fit to the research position, what novel insights or skills you would add, and your potential start date; 2) a complete CV with publications and grants; and 3) PDF copies of at least three publications, and 4) letters from two references; please ask both to upload their letters here. Combine all other parts of the application into a single PDF and upload the file in the application form here. Contact the IGCB Program Manager (Maureen Driscoll; mdberr@umich.edu) with any questions. The position includes a competitive salary and health insurance.

U-M EEO/AA Statement

The University of Michigan is an equal opportunity/affirmative action employer.
Contact
Maureen Driscoll
mdberr@umich.edu (preferred contact method)","Hours per Week:
at most 40
Salary:
Commensurate / Negotiable
Education Required:
Doctorate
Experience Required:
none","Global Synthesis Working Group Postdoctoral Research Fellow
University of Michigan (Private) | https://seas. edu/globalchangebiology/postdoc-opportunities
Application Deadline:
09/30/2026
Published:
09/16/2026
Starting Date:
after 10/1/2026
Hours per Week:
at most 40
Salary:
Commensurate / Negotiable
Education Required:
Doctorate
Experience Required:
none
Location:
Ann Arbor, Michigan
Tags:
Faculty / Post-Doc Appointments
Graduate Opportunities
Description
The Institute for Global Change Biology at the University of Michigan seeks a postdoctoral researcher for a regional biodiversity model intercomparison project (BMIP) examining diverse correlative, process-based, and hybrid biodiversity models for projecting species and population responses to climate and land-use change. The postdoctoral researcher will support the development and synthesis of the model intercomparison of the sModelProBio working group (led by Greta Bocedi, University of Aberdeen and Damaris Zurell, University of Potsdam)",,"09/30/2026
Published:
09/16/2026
Starting Date:
after 10/1/2026
Hours per Week:
at most 40
Salary:
Commensurate / Negotiable
Education Required:
Doctorate
Experience Required:
none
Location:
Ann Arbor, Michigan
Tags:
Faculty / Post-Doc Appointments
Graduate Opportunities
Description
The Institute for Global Change Biology at the University of Michigan seeks a postdoctoral researcher for a regional biodiversity model intercomparison project (BMIP) examining diverse correlative, process-based, and hybrid biodiversity models for projecting species and population responses to climate and land-use change",False,0.9,Professional,Environmental Science,0.238,"['environmental science', 'ecology', 'climate change', 'conservation']",True,University of Michigan,2026-09-20T08:53:56.504342+00:00,scrape_20260920_085322_f5d35acf,2.0
CIEE Working Group Postdoctoral Research Fellow in Biodiversity Forecasting and Climate Change,University of Michigan (Private),"Ann Arbor, Michigan",Commensurate / Negotiable,before 6/1/2027,09/16/2026,Faculty / Post-Doc Appointments,https://jobs.rwfm.tamu.edu/view-job/?id=118839,"CIEE Working Group Postdoctoral Research Fellow in Biodiversity Forecasting and Climate Change
University of Michigan (Private) | https://seas.umich.edu/globalchangebiology
Details
Posting:
https://seas.umich.edu/globalchangebiology/postdoc-opportunities
Application Deadline:
11/30/2026
Published:
09/16/2026
Starting Date:
before 6/1/2027
Hours per Week:
at least 40
Salary:
Commensurate / Negotiable
Education Required:
Doctorate
Experience Required:
none
Location:
Ann Arbor, Michigan
Tags:
Faculty / Post-Doc Appointments
Description
*Application review begins 1 November 2026*

The Institute for Global Change Biology (IGCB) at the University of Michigan seeks a postdoctoral researcher to support an international synthesis project examining how climate change may reshape ecosystem functioning and evolutionary diversity through its effects on species distributions. The postdoctoral researcher will contribute to the development of analytical frameworks that integrate species distribution models, climate vulnerability assessments, functional traits, ecosystem services, and phylogenetic information to better understand biodiversity responses to global environmental change.


The position will support the Freshwater Futures Working Group, funded by the Canadian Institute of Ecology and Evolution (CIEE). The working group brings together an international team of researchers from the University of Regina, University of Toronto, McGill University, and Dalhousie University in Canada; the University of Michigan and the University of Vermont in the United States; the Federal University of Ceará and the Federal University of Pará in Brazil; and the Zoological Society of London in the United Kingdom. The group aims to develop open, reproducible tools for assessing the impacts of climate change on biodiversity, ecosystem functioning, and evolutionary history, with a particular focus on freshwater ecosystems and biodiversity policy applications.


The successful candidate will be co-supervised by Dr. Thiago Gonçalves-Souza and Dr. Bruno Soares (University of Regina) and will work closely with an international network of ecologists, conservation scientists, and biodiversity policy experts. The position offers substantial opportunities to collaborate across institutions while developing independent research projects related to biodiversity forecasting, climate adaptation, and conservation planning.


We seek an outstanding candidate with strong computational and quantitative skills and training in ecology, biodiversity science, environmental science, geography, statistics, computer science, or a related discipline. Candidates must have strong quantitative programming skills and experience with ecological modeling and species distribution models (SDMs). Experience with biodiversity analyses, environmental data science, ecological forecasting, or climate change vulnerability assessments would be particularly valuable. Additional assets include experience with macroecology and biogeography, functional or phylogenetic diversity analyses, and the development of analytical tools, R packages, or dashboards.


The postdoctoral researcher will serve as a core member of the working group and will:

Support the development and synthesis of regional and large-scale biodiversity analyses.
Develop reproducible workflows integrating biodiversity, trait, climate, and phylogenetic datasets.
Quantify uncertainties associated with biodiversity projections and climate vulnerability assessments.
Contribute to the development of biodiversity indicators relevant to conservation planning and international biodiversity targets.
Lead and co-author peer-reviewed publications.

The candidate will work closely with scientists studying biodiversity change across multiple ecological systems while helping develop new approaches that connect biodiversity forecasts to ecosystem functioning, resilience, and conservation decision-making. This position provides a unique opportunity to contribute to a highly collaborative synthesis effort at the interface of global change ecology, biodiversity science, and environmental policy. The successful candidate will join a vibrant research community at the Institute for Global Change Biology and participate in mentoring, professional development, and international networking opportunities.
 
The successful applicant will have completed a PhD in ecology, biology, environmental science, geography, computer science, statistics, or a related field prior to the start date. An excellent publication record, strong communication and organizational skills, and demonstrated ability to work independently are required. Preference will be given to candidates with experience in ecological modeling, biodiversity forecasting, interdisciplinary synthesis projects, and computational tool development.


Review of applications will begin November 1, 2026 and continue until the position is filled. The appointment period will initially be for one year, with the possibility of extension pending satisfactory performance and funding availability.

Applications should include:

A cover letter (maximum 1 page) describing the applicant's relevant research experience and explaining how their background, technical skills, and research interests align with the objectives of this postdoctoral project. Applicants should also briefly describe how they envision contributing to the project and indicate their anticipated start date.
A curriculum vitae, including publications and funding history.
PDF copies of up to three representative publications.
Contact information for three references.

U-M EEO/AA Statement

The University of Michigan is an equal opportunity/affirmative action employer.

Contact
Maureen Berrodin
mdberr@umich.edu (preferred contact method)","Hours per Week:
at least 40
Salary:
Commensurate / Negotiable
Education Required:
Doctorate
Experience Required:
none","CIEE Working Group Postdoctoral Research Fellow in Biodiversity Forecasting and Climate Change
University of Michigan (Private) | https://seas. edu/globalchangebiology/postdoc-opportunities
Application Deadline:
11/30/2026
Published:
09/16/2026
Starting Date:
before 6/1/2027
Hours per Week:
at least 40
Salary:
Commensurate / Negotiable
Education Required:
Doctorate
Experience Required:
none
Location:
Ann Arbor, Michigan
Tags:
Faculty / Post-Doc Appointments
Description
*Application review begins 1 November 2026*

The Institute for Global Change Biology (IGCB) at the University of Michigan seeks a postdoctoral researcher to support an international synthesis project examining how climate change may reshape ecosystem functioning and evolutionary diversity through its effects on species distributions. The postdoctoral researcher will contribute to the development of analytical frameworks that integrate species distribution models, climate vulnerability assessments, functional traits, ecosystem services, and phylogenetic information to better understand biodiversity responses to global environmental change",,"11/30/2026
Published:
09/16/2026
Starting Date:
before 6/1/2027
Hours per Week:
at least 40
Salary:
Commensurate / Negotiable
Education Required:
Doctorate
Experience Required:
none
Location:
Ann Arbor, Michigan
Tags:
Faculty / Post-Doc Appointments
Description
*Application review begins 1 November 2026*

The Institute for Global Change Biology (IGCB) at the University of Michigan seeks a postdoctoral researcher to support an international synthesis project examining how climate change may reshape ecosystem functioning and evolutionary diversity through its effects on species distributions",False,0.9,Professional,Environmental Science,0.317,"['environmental science', 'ecology', 'ecosystem services', 'climate change', 'conservation']",True,University of Michigan,2026-09-20T08:53:56.574481+00:00,scrape_20260920_085322_f5d35acf,2.0
Stengl-Wyer Postdoctoral Scholars in Biodiversity Sciences - UT Austin,The University of Texas at Austin (State),"2415 Speedway (Austin, Texas)","$70,000 per year",between 8/1/2027 and 9/30/2027,09/15/2026,Faculty / Post-Doc Appointments,https://jobs.rwfm.tamu.edu/view-job/?id=118821,"Stengl-Wyer Postdoctoral Scholars in Biodiversity Sciences - UT Austin
The University of Texas at Austin (State) | https://www.utexas.edu/
Details
Posting:
https://biodiversity.utexas.edu/about-center/endowments-biodiversity/stengl-wyer-endowment/stengl-wyer-scholars-program
Application Deadline:
12/07/2026
Published:
09/15/2026
Starting Date:
between 8/1/2027 and 9/30/2027
Hours per Week:
40
Salary:
$70,000 per year
Education Required:
Doctorate
Experience Required:
none
Location:
2415 Speedway (Austin, Texas)
Tags:
Faculty / Post-Doc Appointments
Description
Recent Ph.D.s are cordially invited to apply for distinguished postdoctoral positions in the biodiversity sciences at The University of Texas at Austin (UT), one of the top campuses in the country for this research. 

The Stengl-Wyer Scholars Program provides up to three years of support for talented postdoctoral researchers in the broad area of the biodiversity sciences. Scholars may study any group of organisms at any scale, from genes to populations to ecosystems, and may use any combination of approaches. Applications that advance research within the Texas Field Station Network or UT Biodiversity Collections are highly encouraged given the Stengl-Wyer Endowment’s mission to support biological field stations and collections. 

Scholars will:
- conduct cutting-edge research over three years with the goal of developing an independent research program 
- have access to outstanding core research facilities at UT, including field stations, natural history collections, high-performance computing, analytical and biomedical core facilities 
- reside locally and have a regular workspace and presence on the UT campus
- primarily focus on research; but in at least one of the three years, scholars will develop educational or community engagement activities (examples include, but are not limited to, teaching undergraduate/graduate workshops or modules, leading summer internship programs, creating K-12 engagement activities, leading outreach at UT field stations)
- engage with other members of the Stengl-Wyer Program Cohort and the larger community through peer mentoring and collaboration
- receive career mentorship and participate in professional development activities such as workshops and annual retreats
Contact
Seth Conway
swe@austin.utexas.edu (preferred contact method)","Hours per Week:
40
Salary:
$70,000 per year
Education Required:
Doctorate
Experience Required:
none","s are cordially invited to apply for distinguished postdoctoral positions in the biodiversity sciences at The University of Texas at Austin (UT), one of the top campuses in the country for this research. The Stengl-Wyer Scholars Program provides up to three years of support for talented postdoctoral researchers in the broad area of the biodiversity sciences. Applications that advance research within the Texas Field Station Network or UT Biodiversity Collections are highly encouraged given the Stengl-Wyer Endowment’s mission to support biological field stations and collections",,"12/07/2026
Published:
09/15/2026
Starting Date:
between 8/1/2027 and 9/30/2027
Hours per Week:
40
Salary:
$70,000 per year
Education Required:
Doctorate
Experience Required:
none
Location:
2415 Speedway (Austin, Texas)
Tags:
Faculty / Post-Doc Appointments
Description
Recent Ph",True,0.95,Graduate,Unknown,0.0,[],False,,2026-09-20T08:53:56.645263+00:00,scrape_20260920_085322_f5d35acf,2.0
fulltime Research Associate: development of methods for genetic estimation of wildlife population sizes,University of Goettingen (State),"Büsgenweg 3 (Göttingen, Germany)",Commensurate / Negotiable,between 11/1/2026 and 2/15/2027,09/15/2026,Faculty / Post-Doc Appointments,https://jobs.rwfm.tamu.edu/view-job/?id=118726,"fulltime Research Associate: development of methods for genetic estimation of wildlife population sizes
University of Goettingen (State)
Details
Posting:
https://www.uni-goettingen.de/de/644546.html?details=3373
Application Deadline:
09/30/2026
Published:
09/15/2026
Starting Date:
between 11/1/2026 and 2/15/2027
Ending Date:
6/30/2029
Hours per Week:
39 - 40
Salary:
Commensurate / Negotiable
Education Required:
Masters
Experience Required:
none
Location:
Büsgenweg 3 (Göttingen, Germany)
Tags:
Faculty / Post-Doc Appointments
Description
In the Department of Wildlife Sciences at the Faculty of Forestry Sciences and Forest Ecology, Georg-August-University Göttingen, the position of

Research Associate (f/m/d) 

is available as soon as possible within a third-party funded project focused on the further development of methods for genetic estimation of wildlife population sizes. The position is full-time (100% of regular weekly working hours, currently 39.8 hours per week). The position is initially limited until 30 June 2029, with the intention of extending it for a full three years. Remuneration is according to salary group 13 TV-L (this is the typical salary group for postdocs in Germany - it is enough money to live well). 
 

Position Description
In recent years, several methods for estimating wildlife population sizes based on the genetic identification of kinship relationships have been developed. These include, among others, Close-Kin Mark-Recapture (CKMR; see Sévêque et al. 2025, https://doi.org/10.1111/2041-210X.14490) and approaches involving the reconstruction of pedigrees (see Rosenblatt et al. 2023,  https://doi.org/10.1002/ece3.10650). The successful candidate will further develop existing methods and adapt them for application to wild species commonly found in Germany that are subject to hunting. The initial focus will be on red deer (Cervus elaphus) and other ungulates, for which genetic samples can be collected via hunting. 

In addition to methodological development, you will use simulations to test the applicability of the method(s) under realistic conditions, and implemented the most promising approaches in R. 

There is also the opportunity to collaborate with researchers in the USA to test the methodology on a solitary carnivore species.

 Your Profile
We are seeking a highly motivated, productive, and independent individual with strong quantitative skills, particularly in statistical modeling. You possess…

-  a completed master's or diploma degree in a scientific field in Statistics, Modeling, Ecology, Genetics, Biology, or a closely related field  
- experience in statistical model development and coding  
- experience with simulation models  
- basic knowledge of population ecology  
- basic knowledge of population genetics  
- solid programming skills in R  
- excellent spoken and written English skills  
- experience in scientific writing, demonstrated by (co-)authorship of peer-reviewed articles in scientific journals  
- strong interest in wildlife ecology  

Advantageous are: a PhD in a relevant field, experience in statistical estimation of wildlife abundance—particularly using genetic methods—experience in determining kinship relationships using genetic markers, and knowledge of, or interest in, hunting-related topics.

Place of work is Göttingen. 

We offer flexible working conditions with significant potential for personal development.  

The University of Göttingen aims to increase the proportion of women in areas where they are underrepresented and therefore strongly encourages qualified women to apply. The university considers itself family-friendly and promotes the compatibility of academic work and family life. The university is particularly committed to the professional integration of disabled employees and welcomes applications from disabled persons. In cases of equal qualifications, applications from disabled persons will be given preference. Disability or equivalent status should be indicated in the application to safeguard your interests.


Please submit your clear, English-language application (including CV, cover letter, and copies of key certificates or employment references) as a single, continuous PDF document by 30.09.2026 to Agnieszka Melzer (wildlife@gwdg.de ). In your cover letter, please emphasize your relevant statistical expertise and, if applicable, your experience in abundance estimation.

For any questions about the position, please contact Niko Balkenhol (nbalken@gwdg.de).

Note:

By submitting your application, you consent to the processing of your personal data by us in accordance with data protection regulations. For more information on the legal basis and data usage, please see: [Information Sheet on the General Data Protection Regulation (GDPR)](https://uni-goettingen.de/DSGVO)

Contact
Niko Balkenhol
nbalken@gwdg.de (preferred contact method)","In the Department of Wildlife Sciences at the Faculty of Forestry Sciences and Forest Ecology, Georg-August-University Göttingen, the position of

Research Associate (f/m/d) 

is available as soon as possible within a third-party funded project focused on the further development of methods for genetic estimation of wildlife population sizes. The position is full-time (100% of regular weekly working hours, currently 39.8 hours per week). The position is initially limited until 30 June 2029, with the intention of extending it for a full three years. Remuneration is according to salary group 13 TV-L (this is the typical salary group for postdocs in Germany - it is enough money to live well). 
 

Position Description
In recent years, several methods for estimating wildlife population sizes based on the genetic identification of kinship relationships have been developed. These include, among others, Close-Kin Mark-Recapture (CKMR; see Sévêque et al. 2025, https://doi.org/10.1111/2041-210X.14490) and approaches involving the reconstruction of pedigrees (see Rosenblatt et al. 2023,  https://doi.org/10.1002/ece3.10650). The successful candidate will further develop existing methods and adapt them for application to wild species commonly found in Germany that are subject to hunting. The initial focus will be on red deer (Cervus elaphus) and other ungulates, for which genetic samples can be collected via hunting. 

In addition to methodological development, you will use simulations to test the applicability of the method(s) under realistic conditions, and implemented the most promising approaches in R. 

There is also the opportunity to collaborate with researchers in the USA to test the methodology on a solitary carnivore species.

 Your Profile
We are seeking a highly motivated, productive, and independent individual with strong quantitative skills, particularly in statistical modeling. You possess…

-  a completed master's or diploma degree in a scientific field in Statistics, Modeling, Ecology, Genetics, Biology, or a closely related field  
- experience in statistical model development and coding  
- experience with simulation models  
- basic knowledge of population ecology  
- basic knowledge of population genetics  
- solid programming skills in R  
- excellent spoken and written English skills  
- experience in scientific writing, demonstrated by (co-)authorship of peer-reviewed articles in scientific journals  
- strong interest in wildlife ecology  

Advantageous are: a PhD in a relevant field, experience in statistical estimation of wildlife abundance—particularly using genetic methods—experience in determining kinship relationships using genetic markers, and knowledge of, or interest in, hunting-related topics.

Place of work is Göttingen. 

We offer flexible working conditions with significant potential for personal development.  

The University of Göttingen aims to increase the proportion of women in areas where they are underrepresented and therefore strongly encourages qualified women to apply. The university considers itself family-friendly and promotes the compatibility of academic work and family life. The university is particularly committed to the professional integration of disabled employees and welcomes applications from disabled persons. In cases of equal qualifications, applications from disabled persons will be given preference. Disability or equivalent status should be indicated in the application to safeguard your interests.


Please submit your clear, English-language application (including CV, cover letter, and copies of key certificates or employment references) as a single, continuous PDF document by 30.09.2026 to Agnieszka Melzer (wildlife@gwdg.de ). In your cover letter, please emphasize your relevant statistical expertise and, if applicable, your experience in abundance estimation.

For any questions about the position, please contact Niko Balkenhol (nbalken@gwdg.de).

Note:

By submitting your application, you consent to the processing of your personal data by us in accordance with data protection regulations. For more information on the legal basis and data usage, please see: [Information Sheet on the General Data Protection Regulation (GDPR)](https://uni-goettingen.de/DSGVO)","fulltime Research Associate: development of methods for genetic estimation of wildlife population sizes
University of Goettingen (State)
Details
Posting:
https://www. details=3373
Application Deadline:
09/30/2026
Published:
09/15/2026
Starting Date:
between 11/1/2026 and 2/15/2027
Ending Date:
6/30/2029
Hours per Week:
39 - 40
Salary:
Commensurate / Negotiable
Education Required:
Masters
Experience Required:
none
Location:
Büsgenweg 3 (Göttingen, Germany)
Tags:
Faculty / Post-Doc Appointments
Description
In the Department of Wildlife Sciences at the Faculty of Forestry Sciences and Forest Ecology, Georg-August-University Göttingen, the position of

Research Associate (f/m/d) 

is available as soon as possible within a third-party funded project focused on the further development of methods for genetic estimation of wildlife population sizes. There is also the opportunity to collaborate with researchers in the USA to test the methodology on a solitary carnivore species",,"09/30/2026
Published:
09/15/2026
Starting Date:
between 11/1/2026 and 2/15/2027
Ending Date:
6/30/2029
Hours per Week:
39 - 40
Salary:
Commensurate / Negotiable
Education Required:
Masters
Experience Required:
none
Location:
Büsgenweg 3 (Göttingen, Germany)
Tags:
Faculty / Post-Doc Appointments
Description
In the Department of Wildlife Sciences at the Faculty of Forestry Sciences and Forest Ecology, Georg-August-University Göttingen, the position of

Research Associate (f/m/d) 

is available as soon as possible within a third-party funded project focused on the further development of methods for genetic estimation of wildlife population sizes",True,0.95,Graduate,Wildlife & Natural Resources,0.222,"['wildlife', 'hunting', 'deer', 'ungulate', 'carnivore']",False,,2026-09-20T08:53:56.715777+00:00,scrape_20260920_085322_f5d35acf,2.0
"Director, Climate Adaptation",Defenders of Wildlife (Private),"1130 17th St. NW (Washington, D.C.)","$127,000 to $143,000 per year",after 9/21/2026,09/18/2026,N/A,https://jobs.rwfm.tamu.edu/view-job/?id=118892,"Director, Climate Adaptation
Defenders of Wildlife (Private) | https://defenders.org/
Details
Posting:
https://defenders.org/about/jobs
Application Deadline:
11/20/2026
Published:
09/18/2026
Starting Date:
after 9/21/2026
Hours per Week:
at least 40
Salary:
$127,000 to $143,000 per year
Education Required:
Masters
Experience Required:
at least 8 years
Location:
1130 17th St. NW (Washington, D.C.)
Description
 DEFENDERS OF WILDLIFE
POSITION DESCRIPTION
 JOB TITLE: Director, Climate Adaptation 
SALARY: $127,000 - $143,000 
FLSA: Exempt
DEPARTMENT: Center for Conservation Innovation
LOCATION: Headquarters, Washington, DC
REPORTS TO: VP, Conservation Research and Innovation
NUMBER OF DIRECT AND INDIERCT REPORT(S): 1 direct, 1 indirect
LAST REVISED: JUNE 2026

POSITION SUMMARY
The accelerating effects of climate change are among the greatest obstacles to protecting and restoring wildlife at risk of extinction. The Center for Conservation Innovation (CCI) at Defenders of Wildlife is seeking an interdisciplinary leader to serve as Director of Climate Adaptation and help advance science-based strategies that address these challenges. 

Reporting to the Vice President of Conservation Research and Innovation, the Director is a leader within CCI responsible for guiding Defenders’ efforts to address the impacts of climate change on wildlife and ecosystems. The Director will manage a small team of scientists and policy analysts dedicated to aligning climate and biodiversity objectives to enhance the protection of at-risk species and their habitats across the United States. This includes applying climate science, social science, and policy analysis to develop innovative approaches to conservation planning and decision-making. 

The Director will lead and collaborate on applied research initiatives focused on understanding climate change impacts on wildlife and ecosystems, nature-based solutions, wildlife-compatible energy development, ecosystem resilience, and species adaptation. Working closely with CCI’s Conservation Science and Technology teams, as well as legal, field, and policy staff across the organization, the Director will ensure that the latest climate science and policy strategies are effectively integrated into Defenders’ conservation, advocacy, and field-based efforts.

The ideal candidate is a strategic thinker and an effective communicator with experience in leading interdisciplinary teams. They possess a strong background in climate adaptation and conservation, including expertise in ecological, social, or economic dimensions of conservation decision-making and have a demonstrated ability to bridge disciplines and engage diverse stakeholder groups. This individual is expected to think creatively, work collaboratively, and successfully advance innovative solutions to complex conservation challenges.

ESSENTIAL DUTIES AND RESPONSIBILITIES

Leads and develops a team of scientists and analysts:
Oversees the planning, prioritization, and execution of the climate team’s portfolio of projects and initiatives, aligning work with organizational strategy. 
Supervises a small team of staff and occasional volunteers, providing strategic direction, mentorship, and accountability for successful project delivery.
Ensures direction from Defenders’ leadership, including the VP, is shared with and contextualized for supervisees.
Leads climate science and policy analyses to improve wildlife conservation:
Develops and oversees applied research and decision-support initiatives focused on climate vulnerability, socio-ecological systems, and conservation strategies that strengthen outcomes for imperiled species in the face of accelerating change.
Helps position Defenders to address emerging climate and biodiversity challenges through strategic analysis and development of innovative conservation approaches, technologies, and partnerships.
Guides interdisciplinary program teams in the strategic use of climate science, social science, and policy analysis.
Advises on development of next-generation conservation policy frameworks that respond to accelerating threats and anticipate ecological change.
Advances conservation through partnerships and collaboration:
Identifies opportunities for cross-programmatic collaboration across energy, human-wildlife co-existence, and biodiversity initiatives.
Builds strong working relationships across departments to promote communication, coordination, and shared conservation outcomes.
Cultivates and leads strategic partnerships with researchers, agencies, NGOs, Indigenous communities, and other stakeholders to develop and advance climate-informed conservation solutions. 
Communicates and shares results and conservation implications:
Translates complex data into actionable insights for policy, advocacy, and on-the-ground action.
Supports and advises on strategic communications, translating complex scientific information for diverse audiences and contributing to advocacy, media engagement, public outreach, and policymaker education.
Publishes project findings in peer-reviewed journals, reports, blogs, articles, and/or other media. Communicates findings at scientific conferences and other events.

Travel Requirements: up to 5% of the time.
Perform all other related duties as assigned.
 QUALIFICATIONS
Education: Advanced degree (MS/PhD) or equivalent (Master’s degree in relevant field or equivalent required)
 Experience: At least 8 years of relevant experience, including at least 3 years managing staff and leading complex interdisciplinary projects.
An equivalent combination of education and experience may be accepted as a satisfactory substitute for the specific education and experience listed above.
 Knowledge, Skills, Abilities for All Defenders 
https://defenders.org/knowledge-skills-and-abilities 
 Knowledge, Skills, Abilities for Director of Climate Adaptation
Deep expertise in climate science as it relates to impacts on wildlife, habitats, and ecosystem processes across terrestrial, freshwater, and/or marine systems.
Knowledge of federal and state conservation policies relevant to climate adaptation and species recovery as well as the social, economic, and governance factors that influence conservation outcomes. 
Demonstrated ability to develop and implement an applied research agenda, including by supervising scientists and analysts and leading collaborations with internal and external partners.
Ability to align research questions and workflows with broader organizational goals and needs.
Experience with climate modeling, downscaled projections, uncertainty analysis, and adaptation frameworks as well as scientific analysis methods such as population viability analysis, landscape prioritization, habitat connectivity analysis, climate vulnerability analyses, and socio-ecological systems analysis.
Skilled communicator able to convey complex scientific and policy information to diverse audiences, in writing, in presentations, and via compelling data visualizations and maps.
Demonstrated record of scientific leadership through peer-reviewed publications, technical reports, policy analyses, or other influential conservation products.
Experience using geospatial, statistical, and computational tools to inform conservation science and climate adaptation. Proficiency with GIS and R or Python strongly preferred; familiarity with remote sensing, machine learning, and artificial intelligence is desirable.
Interest and drive to pursue and develop innovative conservation ideas and tools. Enthusiasm for using data to catalyze and improve biodiversity conservation. 

Contact
Holden Bossert
2027720222
Hbossert@defenders.org (preferred contact method)","DEFENDERS OF WILDLIFE
POSITION DESCRIPTION
 JOB TITLE: Director, Climate Adaptation 
SALARY: $127,000 - $143,000 
FLSA: Exempt
DEPARTMENT: Center for Conservation Innovation
LOCATION: Headquarters, Washington, DC
REPORTS TO: VP, Conservation Research and Innovation
NUMBER OF DIRECT AND INDIERCT REPORT(S): 1 direct, 1 indirect
LAST REVISED: JUNE 2026

POSITION SUMMARY
The accelerating effects of climate change are among the greatest obstacles to protecting and restoring wildlife at risk of extinction. The Center for Conservation Innovation (CCI) at Defenders of Wildlife is seeking an interdisciplinary leader to serve as Director of Climate Adaptation and help advance science-based strategies that address these challenges. 

Reporting to the Vice President of Conservation Research and Innovation, the Director is a leader within CCI responsible for guiding Defenders’ efforts to address the impacts of climate change on wildlife and ecosystems. The Director will manage a small team of scientists and policy analysts dedicated to aligning climate and biodiversity objectives to enhance the protection of at-risk species and their habitats across the United States. This includes applying climate science, social science, and policy analysis to develop innovative approaches to conservation planning and decision-making. 

The Director will lead and collaborate on applied research initiatives focused on understanding climate change impacts on wildlife and ecosystems, nature-based solutions, wildlife-compatible energy development, ecosystem resilience, and species adaptation. Working closely with CCI’s Conservation Science and Technology teams, as well as legal, field, and policy staff across the organization, the Director will ensure that the latest climate science and policy strategies are effectively integrated into Defenders’ conservation, advocacy, and field-based efforts.

The ideal candidate is a strategic thinker and an effective communicator with experience in leading interdisciplinary teams. They possess a strong background in climate adaptation and conservation, including expertise in ecological, social, or economic dimensions of conservation decision-making and have a demonstrated ability to bridge disciplines and engage diverse stakeholder groups. This individual is expected to think creatively, work collaboratively, and successfully advance innovative solutions to complex conservation challenges.

ESSENTIAL DUTIES AND RESPONSIBILITIES

Leads and develops a team of scientists and analysts:
Oversees the planning, prioritization, and execution of the climate team’s portfolio of projects and initiatives, aligning work with organizational strategy. 
Supervises a small team of staff and occasional volunteers, providing strategic direction, mentorship, and accountability for successful project delivery.
Ensures direction from Defenders’ leadership, including the VP, is shared with and contextualized for supervisees.
Leads climate science and policy analyses to improve wildlife conservation:
Develops and oversees applied research and decision-support initiatives focused on climate vulnerability, socio-ecological systems, and conservation strategies that strengthen outcomes for imperiled species in the face of accelerating change.
Helps position Defenders to address emerging climate and biodiversity challenges through strategic analysis and development of innovative conservation approaches, technologies, and partnerships.
Guides interdisciplinary program teams in the strategic use of climate science, social science, and policy analysis.
Advises on development of next-generation conservation policy frameworks that respond to accelerating threats and anticipate ecological change.
Advances conservation through partnerships and collaboration:
Identifies opportunities for cross-programmatic collaboration across energy, human-wildlife co-existence, and biodiversity initiatives.
Builds strong working relationships across departments to promote communication, coordination, and shared conservation outcomes.
Cultivates and leads strategic partnerships with researchers, agencies, NGOs, Indigenous communities, and other stakeholders to develop and advance climate-informed conservation solutions. 
Communicates and shares results and conservation implications:
Translates complex data into actionable insights for policy, advocacy, and on-the-ground action.
Supports and advises on strategic communications, translating complex scientific information for diverse audiences and contributing to advocacy, media engagement, public outreach, and policymaker education.
Publishes project findings in peer-reviewed journals, reports, blogs, articles, and/or other media. Communicates findings at scientific conferences and other events.

Travel Requirements: up to 5% of the time.
Perform all other related duties as assigned.
 QUALIFICATIONS
Education: Advanced degree (MS/PhD) or equivalent (Master’s degree in relevant field or equivalent required)
 Experience: At least 8 years of relevant experience, including at least 3 years managing staff and leading complex interdisciplinary projects.
An equivalent combination of education and experience may be accepted as a satisfactory substitute for the specific education and experience listed above.
 Knowledge, Skills, Abilities for All Defenders 
https://defenders.org/knowledge-skills-and-abilities 
 Knowledge, Skills, Abilities for Director of Climate Adaptation
Deep expertise in climate science as it relates to impacts on wildlife, habitats, and ecosystem processes across terrestrial, freshwater, and/or marine systems.
Knowledge of federal and state conservation policies relevant to climate adaptation and species recovery as well as the social, economic, and governance factors that influence conservation outcomes. 
Demonstrated ability to develop and implement an applied research agenda, including by supervising scientists and analysts and leading collaborations with internal and external partners.
Ability to align research questions and workflows with broader organizational goals and needs.
Experience with climate modeling, downscaled projections, uncertainty analysis, and adaptation frameworks as well as scientific analysis methods such as population viability analysis, landscape prioritization, habitat connectivity analysis, climate vulnerability analyses, and socio-ecological systems analysis.
Skilled communicator able to convey complex scientific and policy information to diverse audiences, in writing, in presentations, and via compelling data visualizations and maps.
Demonstrated record of scientific leadership through peer-reviewed publications, technical reports, policy analyses, or other influential conservation products.
Experience using geospatial, statistical, and computational tools to inform conservation science and climate adaptation. Proficiency with GIS and R or Python strongly preferred; familiarity with remote sensing, machine learning, and artificial intelligence is desirable.
Interest and drive to pursue and develop innovative conservation ideas and tools. Enthusiasm for using data to catalyze and improve biodiversity conservation.",")
Description
 DEFENDERS OF WILDLIFE
POSITION DESCRIPTION
 JOB TITLE: Director, Climate Adaptation 
SALARY: $127,000 - $143,000 
FLSA: Exempt
DEPARTMENT: Center for Conservation Innovation
LOCATION: Headquarters, Washington, DC
REPORTS TO: VP, Conservation Research and Innovation
NUMBER OF DIRECT AND INDIERCT REPORT(S): 1 direct, 1 indirect
LAST REVISED: JUNE 2026

POSITION SUMMARY
The accelerating effects of climate change are among the greatest obstacles to protecting and restoring wildlife at risk of extinction. Reporting to the Vice President of Conservation Research and Innovation, the Director is a leader within CCI responsible for guiding Defenders’ efforts to address the impacts of climate change on wildlife and ecosystems. The Director will lead and collaborate on applied research initiatives focused on understanding climate change impacts on wildlife and ecosystems, nature-based solutions, wildlife-compatible energy development, ecosystem resilience, and species adaptation",,"11/20/2026
Published:
09/18/2026
Starting Date:
after 9/21/2026
Hours per Week:
at least 40
Salary:
$127,000 to $143,000 per year
Education Required:
Masters
Experience Required:
at least 8 years
Location:
1130 17th St",False,0.9,Professional,Wildlife & Natural Resources,0.222,"['wildlife', 'wildlife conservation', 'habitat', 'ecosystem', 'biodiversity']",False,,2026-09-20T08:53:56.778127+00:00,scrape_20260920_085322_f5d35acf,2.0
"Director, Conservation Technology",Defenders of Wildlife (Private),"1130 17th St. NW (Washington, D.C.)","$143,000 to $155,000 per year",after 9/21/2026,09/18/2026,N/A,https://jobs.rwfm.tamu.edu/view-job/?id=118891,"Director, Conservation Technology
Defenders of Wildlife (Private) | https://defenders.org/
Details
Posting:
https://defenders.org/about/jobs
Application Deadline:
11/20/2026
Published:
09/18/2026
Starting Date:
after 9/21/2026
Hours per Week:
at least 40
Salary:
$143,000 to $155,000 per year
Education Required:
Masters
Experience Required:
at least 8 years
Location:
1130 17th St. NW (Washington, D.C.)
Description
DEFENDERS OF WILDLIFE
POSITION DESCRIPTION

JOB TITLE: Director, Conservation Technology  
SALARY: $143,000 - $155,000
FLSA: Exempt
DEPARTMENT: Center for Conservation Innovation
LOCATION: Headquarters, Washington, DC
REPORTS TO: VP, Conservation Research and Innovation
NUMBER OF DIRECT AND INDIRECT REPORT(S): 2
LAST REVISED: June 2026

POSITION SUMMARY
Rapid advances in technology, from satellite remote sensing to artificial intelligence and predictive analytics, are transforming our ability to understand and protect wildlife. The Center for Conservation Innovation (CCI) at Defenders of Wildlife is seeking an innovative and collaborative leader to serve as Director of Conservation Technology and help harness these advances to scale conservation impact.

Reporting to the Vice President of Conservation Research and Innovation, the Director is a leader within CCI responsible for guiding Defenders’ efforts to leverage data science, technology, and innovation to advance species recovery, conservation planning, conservation monitoring, and evaluation of conservation outcomes. They will lead, develop, and work alongside a small team of scientists and developers applying environmental data science, artificial intelligence, remote sensing, and other emerging technologies to strengthen wildlife conservation. This includes setting the team’s strategic direction and overseeing the development of innovative analytical approaches, decision-support tools, and technology-enabled conservation solutions.

Working closely with Defenders’ field, policy, and legal staff, as well as agency partners and other conservation practitioners, the Director will identify priority challenges and opportunities for innovation. Serving as a bridge between conservation practitioners and the research and technology communities, they will help identify, adapt, and deploy practical solutions that improve conservation outcomes and integrate them into Defenders’ legal, policy, and field-based efforts.

The ideal candidate is an ambitious, entrepreneurial, and creative leader driven by the opportunity to translate data and emerging technologies into real-world conservation solutions. They are a strategic thinker and effective communicator with experience leading interdisciplinary teams, building partnerships, and connecting conservation challenges with practical, high-impact technology solutions.

ESSENTIAL DUTIES AND RESPONSIBILITIES
 Leads and develops a team of scientists and technologists: 
Oversees the planning, prioritization, and execution of the technology team’s portfolio of projects and initiatives.
Supervises and mentors a small team of scientists, application developers, and occasional volunteers, providing guidance, professional development, and accountability for successful project delivery.
Ensures direction from Defenders’ leadership, including the VP, is shared with and contextualized for supervisees.
Leads Defenders’ data science and conservation technology program:
Guides Defenders' approach to data science and emerging technologies, identifying opportunities and helping prioritize investments and applications that advance conservation goals and align with organizational priorities.
Serves as a bridge between conservation practitioners and the research and technology communities, connecting priority conservation challenges with innovative analytical and technology solutions.
Advances organizational approaches, partnerships, and policies that support the responsible use and scaling of innovative conservation technologies.
Develops and delivers data-driven conservation solutions:
Prototypes, develops, and deploys innovative tools, analyses, monitoring and evaluation systems, and decision-support resources that address wildlife conservation needs. 
Creates dashboards, visualizations, online applications, and other resources that communicate findings and support conservation practitioners. 
Translates technical concepts and findings for diverse audiences through communications, advocacy materials, media engagement, and public outreach.
Builds partnerships and advances collaboration:
Cultivates partnerships with conservation organizations, government agencies, Tribal partners, technology companies, and other stakeholders to advance shared conservation goals.
Represents Defenders at meetings, conferences, trainings, and other forums to share innovative approaches, strengthen partnerships, and facilitate adoption of CCI work products.

Travel Requirements: up to 5% of the time.
Perform all other related duties as assigned.

QUALIFICATIONS
Education: Advanced degree in a relevant field (e.g. masters) required; PhD preferred
Experience: At least 8 years of relevant experience, including at least 3 years managing staff and leading complex interdisciplinary projects.
 An equivalent combination of education and experience may be accepted as a satisfactory substitute for the specific education and experience listed above.
 Knowledge, Skills, Abilities for All Defenders
https://defenders.org/knowledge-skills-and-abilities

Knowledge, Skills, Abilities for Director of Conservation Technology

Required skills: 
Demonstrated experience applying data science, geospatial analysis, computational methods, software development, or related disciplines to address conservation planning, recovery, or monitoring challenges. 
Ability to listen to conservation practitioners, identify opportunities for innovation, and connect real-world challenges with practical, scalable analytical and technology-enabled solutions. 
Experience leading and developing technical teams, including supervising staff and managing applied research, analytical, or technology programs. 
Technical expertise in GIS, R/Python, large and complex datasets, cloud-based platforms, remote sensing imagery, and data visualization tools. Experience evaluating and applying artificial intelligence is highly desirable. 
Experience building partnerships and collaborating effectively with conservation practitioners, agencies, Tribal partners, academic institutions, technology organizations, and other stakeholders. 
Knowledge of the U.S. Endangered Species Act and other federal and state conservation policies relevant to species conservation, recovery, and management. 
Strong strategic planning and project management skills, including the ability to prioritize opportunities, align technical work with organizational goals, and manage multiple initiatives. 
Excellent written and verbal communication skills, including the ability to translate complex technical concepts and analytical findings for decision-makers, practitioners, policymakers, and the public.
Contact
Holden Bossert
2027720222
Hbossert@defenders.org (preferred contact method)","DEFENDERS OF WILDLIFE
POSITION DESCRIPTION

JOB TITLE: Director, Conservation Technology  
SALARY: $143,000 - $155,000
FLSA: Exempt
DEPARTMENT: Center for Conservation Innovation
LOCATION: Headquarters, Washington, DC
REPORTS TO: VP, Conservation Research and Innovation
NUMBER OF DIRECT AND INDIRECT REPORT(S): 2
LAST REVISED: June 2026

POSITION SUMMARY
Rapid advances in technology, from satellite remote sensing to artificial intelligence and predictive analytics, are transforming our ability to understand and protect wildlife. The Center for Conservation Innovation (CCI) at Defenders of Wildlife is seeking an innovative and collaborative leader to serve as Director of Conservation Technology and help harness these advances to scale conservation impact.

Reporting to the Vice President of Conservation Research and Innovation, the Director is a leader within CCI responsible for guiding Defenders’ efforts to leverage data science, technology, and innovation to advance species recovery, conservation planning, conservation monitoring, and evaluation of conservation outcomes. They will lead, develop, and work alongside a small team of scientists and developers applying environmental data science, artificial intelligence, remote sensing, and other emerging technologies to strengthen wildlife conservation. This includes setting the team’s strategic direction and overseeing the development of innovative analytical approaches, decision-support tools, and technology-enabled conservation solutions.

Working closely with Defenders’ field, policy, and legal staff, as well as agency partners and other conservation practitioners, the Director will identify priority challenges and opportunities for innovation. Serving as a bridge between conservation practitioners and the research and technology communities, they will help identify, adapt, and deploy practical solutions that improve conservation outcomes and integrate them into Defenders’ legal, policy, and field-based efforts.

The ideal candidate is an ambitious, entrepreneurial, and creative leader driven by the opportunity to translate data and emerging technologies into real-world conservation solutions. They are a strategic thinker and effective communicator with experience leading interdisciplinary teams, building partnerships, and connecting conservation challenges with practical, high-impact technology solutions.

ESSENTIAL DUTIES AND RESPONSIBILITIES
 Leads and develops a team of scientists and technologists: 
Oversees the planning, prioritization, and execution of the technology team’s portfolio of projects and initiatives.
Supervises and mentors a small team of scientists, application developers, and occasional volunteers, providing guidance, professional development, and accountability for successful project delivery.
Ensures direction from Defenders’ leadership, including the VP, is shared with and contextualized for supervisees.
Leads Defenders’ data science and conservation technology program:
Guides Defenders' approach to data science and emerging technologies, identifying opportunities and helping prioritize investments and applications that advance conservation goals and align with organizational priorities.
Serves as a bridge between conservation practitioners and the research and technology communities, connecting priority conservation challenges with innovative analytical and technology solutions.
Advances organizational approaches, partnerships, and policies that support the responsible use and scaling of innovative conservation technologies.
Develops and delivers data-driven conservation solutions:
Prototypes, develops, and deploys innovative tools, analyses, monitoring and evaluation systems, and decision-support resources that address wildlife conservation needs. 
Creates dashboards, visualizations, online applications, and other resources that communicate findings and support conservation practitioners. 
Translates technical concepts and findings for diverse audiences through communications, advocacy materials, media engagement, and public outreach.
Builds partnerships and advances collaboration:
Cultivates partnerships with conservation organizations, government agencies, Tribal partners, technology companies, and other stakeholders to advance shared conservation goals.
Represents Defenders at meetings, conferences, trainings, and other forums to share innovative approaches, strengthen partnerships, and facilitate adoption of CCI work products.

Travel Requirements: up to 5% of the time.
Perform all other related duties as assigned.

QUALIFICATIONS
Education: Advanced degree in a relevant field (e.g. masters) required; PhD preferred
Experience: At least 8 years of relevant experience, including at least 3 years managing staff and leading complex interdisciplinary projects.
 An equivalent combination of education and experience may be accepted as a satisfactory substitute for the specific education and experience listed above.
 Knowledge, Skills, Abilities for All Defenders
https://defenders.org/knowledge-skills-and-abilities

Knowledge, Skills, Abilities for Director of Conservation Technology

Required skills: 
Demonstrated experience applying data science, geospatial analysis, computational methods, software development, or related disciplines to address conservation planning, recovery, or monitoring challenges. 
Ability to listen to conservation practitioners, identify opportunities for innovation, and connect real-world challenges with practical, scalable analytical and technology-enabled solutions. 
Experience leading and developing technical teams, including supervising staff and managing applied research, analytical, or technology programs. 
Technical expertise in GIS, R/Python, large and complex datasets, cloud-based platforms, remote sensing imagery, and data visualization tools. Experience evaluating and applying artificial intelligence is highly desirable. 
Experience building partnerships and collaborating effectively with conservation practitioners, agencies, Tribal partners, academic institutions, technology organizations, and other stakeholders. 
Knowledge of the U.S. Endangered Species Act and other federal and state conservation policies relevant to species conservation, recovery, and management. 
Strong strategic planning and project management skills, including the ability to prioritize opportunities, align technical work with organizational goals, and manage multiple initiatives. 
Excellent written and verbal communication skills, including the ability to translate complex technical concepts and analytical findings for decision-makers, practitioners, policymakers, and the public.",")
Description
DEFENDERS OF WILDLIFE
POSITION DESCRIPTION

JOB TITLE: Director, Conservation Technology  
SALARY: $143,000 - $155,000
FLSA: Exempt
DEPARTMENT: Center for Conservation Innovation
LOCATION: Headquarters, Washington, DC
REPORTS TO: VP, Conservation Research and Innovation
NUMBER OF DIRECT AND INDIRECT REPORT(S): 2
LAST REVISED: June 2026

POSITION SUMMARY
Rapid advances in technology, from satellite remote sensing to artificial intelligence and predictive analytics, are transforming our ability to understand and protect wildlife. Reporting to the Vice President of Conservation Research and Innovation, the Director is a leader within CCI responsible for guiding Defenders’ efforts to leverage data science, technology, and innovation to advance species recovery, conservation planning, conservation monitoring, and evaluation of conservation outcomes. Serving as a bridge between conservation practitioners and the research and technology communities, they will help identify, adapt, and deploy practical solutions that improve conservation outcomes and integrate them into Defenders’ legal, policy, and field-based efforts",,"11/20/2026
Published:
09/18/2026
Starting Date:
after 9/21/2026
Hours per Week:
at least 40
Salary:
$143,000 to $155,000 per year
Education Required:
Masters
Experience Required:
at least 8 years
Location:
1130 17th St",False,0.9,Professional,Environmental Science,0.198,"['conservation', 'endangered species', 'species recovery']",False,,2026-09-20T08:53:56.840544+00:00,scrape_20260920_085322_f5d35acf,2.0
Postdoctoral Research Associate - Phytoplankton Ecology,"Harte Research Institute, Texas A&M University-Corpus Christi (State)",6300 Ocean Drive (Texas),"$50,000 to $57,500 per year",after 11/1/2026,09/18/2026,Faculty / Post-Doc Appointments,https://jobs.rwfm.tamu.edu/view-job/?id=118889,"Postdoctoral Research Associate - Phytoplankton Ecology
Harte Research Institute, Texas A&M University-Corpus Christi (State)
Details
Posting:
https://tamus.wd1.myworkdayjobs.com/en-US/TAMUCC_External/details/Postdoctoral-Research-Associate---Phytoplankton-Ecology_R-097274
Application Deadline:
10/03/2026
Published:
09/18/2026
Starting Date:
after 11/1/2026
Hours per Week:
at least 40
Salary:
$50,000 to $57,500 per year
Education Required:
Doctorate
Experience Required:
none
Location:
6300 Ocean Drive (Texas)
Tags:
Faculty / Post-Doc Appointments
Description
Postdoctoral Research Associate - Phytoplankton Ecology

Harte Research Institute, Texas A&M University-Corpus Christi

Description

A postdoctoral research associate position is available in the Coastal Water Health lab at the Harte Research Institute. The postdoctoral researcher will conduct research under the auspices of a new grant that focuses on understanding dynamics of Aureoumbra lagunensis (“brown tide”) blooms in the Baffin Bay-Upper Laguna Madre ecosystem of Texas. The postdoctoral researcher will gain experience in project management, project development, mentoring (of undergraduate/graduate students) and stakeholder engagement. 

Essential job duties include:

·       Coordinate project activities in collaboration with PI, Co-PIs and assigned staff
·       Implement project activities
·       Participate in field and laboratory-based project activities to acquire data
·       Process and analyze samples collected
·       Develop new techniques as appropriate for project
·       Analyze water quality data
·       Submit data to a data manager in a timely manner
·       Publish results in peer reviewed journals and present at local/national/international meetings.
·       Develop new avenues of research
·       Submit grant applications to support new avenues of research

Qualifications

Required

·        Ph.D. in Marine Science or related field
·        Experience with phytoplankton identification, preferably including marine taxa.
·        Fundamental knowledge of phytoplankton ecology
·        Intermediate skills in Microsoft Office Suite (Word, Excel, PowerPoint, and Outlook).
·        Excellent verbal and written communication skills, including experience communicating scientific findings to a broad audience.
·        Desire to work with a broad spectrum of collaborators, managers, and stakeholders.
·        Experience with project management and ability to meet project goals in a timely manner.
·        Ability to participate in field work under occasional harsh conditions such as heat and wind
·        Experience with appropriate statistical techniques for analyzing time-series data and community structure data

Preferred

·        Experience with R software packages

Salary and Benefits

·       Salary range is $50,000-$57,500 depending on qualifications and experience
·       Generous retirement benefits 
·       Health insurance
·       Vacation (8 hours/month) and sick time (8 hours/month)

Application information

To apply, please visit: https://tamus.wd1.myworkdayjobs.com/en-US/TAMUCC_External/details/Postdoctoral-Research-Associate---Phytoplankton-Ecology_R-097274

You will need to submit a cover letter describing your qualifications, a CV and a list of three references. Review of applications will begin immediately and continue until the position is filled. For questions about the position, please contact Dr. Mike Wetz at michael.wetz@tamucc.edu.

Contact
Mike Wetz
michael.wetz@tamucc.edu (preferred contact method)","Hours per Week:
at least 40
Salary:
$50,000 to $57,500 per year
Education Required:
Doctorate
Experience Required:
none","Postdoctoral Research Associate - Phytoplankton Ecology
Harte Research Institute, Texas A&M University-Corpus Christi (State)
Details
Posting:
https://tamus. com/en-US/TAMUCC_External/details/Postdoctoral-Research-Associate---Phytoplankton-Ecology_R-097274
Application Deadline:
10/03/2026
Published:
09/18/2026
Starting Date:
after 11/1/2026
Hours per Week:
at least 40
Salary:
$50,000 to $57,500 per year
Education Required:
Doctorate
Experience Required:
none
Location:
6300 Ocean Drive (Texas)
Tags:
Faculty / Post-Doc Appointments
Description
Postdoctoral Research Associate - Phytoplankton Ecology

Harte Research Institute, Texas A&M University-Corpus Christi

Description

A postdoctoral research associate position is available in the Coastal Water Health lab at the Harte Research Institute. The postdoctoral researcher will conduct research under the auspices of a new grant that focuses on understanding dynamics of Aureoumbra lagunensis (“brown tide”) blooms in the Baffin Bay-Upper Laguna Madre ecosystem of Texas",,"10/03/2026
Published:
09/18/2026
Starting Date:
after 11/1/2026
Hours per Week:
at least 40
Salary:
$50,000 to $57,500 per year
Education Required:
Doctorate
Experience Required:
none
Location:
6300 Ocean Drive (Texas)
Tags:
Faculty / Post-Doc Appointments
Description
Postdoctoral Research Associate - Phytoplankton Ecology

Harte Research Institute, Texas A&M University-Corpus Christi

Description

A postdoctoral research associate position is available in the Coastal Water Health lab at the Harte Research Institute",False,0.9,Professional,Fisheries & Aquatic Science,0.15,"['marine', 'coastal', 'water quality', 'plankton']",False,,2026-09-20T08:53:56.913205+00:00,scrape_20260920_085322_f5d35acf,2.0
Hunting / Wildlife Specialist (Get Paid to Hunt),Comanche Ranch (Private),"Comanche Ranch (Carrizo Springs, Texas)","starting at $30,000 per year",after 10/5/2026,09/15/2026,N/A,https://jobs.rwfm.tamu.edu/view-job/?id=118820,"Hunting / Wildlife Specialist (Get Paid to Hunt)
Comanche Ranch (Private)
Details
Application Deadline:
10/05/2026
Published:
09/15/2026
Starting Date:
after 10/5/2026
Hours per Week:
at least 40
Salary:
starting at $30,000 per year
Education Required:
High School Diploma
Experience Required:
at least 1 year
Location:
Comanche Ranch (Carrizo Springs, Texas)
Description
Full time salaried position with benefits (health & retirement) team oriented person needed for 113,000 acre hunting ranch in Dimmit and Maverick Counties.  For the Hunting / Wildlife Specialist position the ranch will provide housing with utilities and use of a ranch vehicle for work purposes.  

Person will participate in wildlife management including:

- Deer hunting and fishing (Help shoot culls and management deer)

- Processing of all harvested animals.

- Locating wildlife by utilizing advanced hunting skills

- Deer scouting, including using game cameras and video cameras to locate and pattern deer

- Setting up hunting and viewing situations as assigned

- Predator control including trapping coons, feral pig management

- Maintain protein, corn, cottonseed feeders

- Assisting in wildlife management practices under the direction of the Wildlife Biologist

- General housekeeping in camp areas and guest areas

- General maintenance of wildlife and guest resources

- Individual plant treatment chemical applications

 

Person will be responsible for assisting the manager in general ranch duties including but not limited to:

-Equipment and vehicle maintenance

-Maintaining water sources in the field

-Building and setting up designated hunting areas

-Brush clearing with heavy equipment (ie. Dozer, excavator, tractors, etc.)

- Building of hog proof fencing

- Assisting in guest services

 

Qualifications- Recent graduates studying in Wildlife or related fields.  Prefer experience in ranching or farm operations.  Must be well groomed and presentable at all times.  Must maintain a positive attitude.  Must demonstrate initiative and be open to new ideas. Must possess mental alertness, motivation, persistence, maturity, and ability to relate well to others.
 Please send a resume to email listed.

Certificates, Licenses, Registration - Valid state hunting license required. No violations of local, state or federal game laws. 

Work Environment- The work environment characteristics described here are representative of those an employee encounters while performing the essential functions of this job. Reasonable accommodations may be made to enable individuals with disabilities to perform the essential functions.

 - Person must be able to work in extreme weather conditions of South Texas heat. 

- Need to be able to work efficiently on their own and with groups to complete tasks.  

- Need to be able to lift 50lbs. 

- Ability to work in a seated or standing position for extended periods of time. 

- Ability to walk long distances without rest.
 
 

Contact
matt moran
matt@comancheranch.com (preferred contact method)","Qualifications- Recent graduates studying in Wildlife or related fields.  Prefer experience in ranching or farm operations.  Must be well groomed and presentable at all times.  Must maintain a positive attitude.  Must demonstrate initiative and be open to new ideas. Must possess mental alertness, motivation, persistence, maturity, and ability to relate well to others.",")

- Building of hog proof fencing

- Assisting in guest services

 

Qualifications- Recent graduates studying in Wildlife or related fields",,"10/05/2026
Published:
09/15/2026
Starting Date:
after 10/5/2026
Hours per Week:
at least 40
Salary:
starting at $30,000 per year
Education Required:
High School Diploma
Experience Required:
at least 1 year
Location:
Comanche Ranch (Carrizo Springs, Texas)
Description
Full time salaried position with benefits (health & retirement) team oriented person needed for 113,000 acre hunting ranch in Dimmit and Maverick Counties",False,0.85,Professional,Wildlife & Natural Resources,0.167,"['wildlife', 'wildlife management', 'hunting', 'deer', 'predator']",False,,2026-09-20T08:53:56.974859+00:00,scrape_20260920_085322_f5d35acf,2.0
AgCorps Member,Montana Department of Agriculture (State),"302 N. Roberts St. (Helena, Montana)","$23,000 per year",1/11/2027,09/14/2026,N/A,https://jobs.rwfm.tamu.edu/view-job/?id=118776,"AgCorps Member
Montana Department of Agriculture (State) | https://agr.mt.gov/index
Details
Posting:
https://my.americorps.gov
Application Deadline:
12/21/2026
Published:
09/14/2026
Starting Date:
1/11/2027
Ending Date:
11/19/2027
Hours per Week:
40 - 45
Salary:
$23,000 per year
Education Required:
Bachelors
Experience Required:
none
Location:
302 N. Roberts St. (Helena, Montana)
Description
AgCorps is a state AmeriCorps program administered by the Montana Department of Agriculture. AgCorps aims to improve the capacity of partner organizations to meet their mission, grow collaborations, provide effective programming, and create resilient, healthy, safe, and engaged communities in Montana.  We have positions all across the state including Helena, Missoula, Livingston, Great Falls, and Columbia Falls. 

Potential Duties: 
•             Coordinate events and conduct outreach for the host site 
•             Recruit and manage volunteer groups 
•             Develop social media and outreach materials
•             Assist with Harvest of the Month, Ag in the Classroom or Farm to School lessons 
•             Assist with mapping and monitoring of noxious weeds 
•             Assist the department with their apiary program and outreach 
•             Attendance at mandatory trainings (orientation, Symposium, mid-service training and end of service training)  
•             Participation in evaluation and reporting (monthly reporting, bi-weekly timesheet submission and monthly check-in calls)

Potential knowledge, skills and abilities: 
·         Ability to interact with community members of all demographics
·         Knowledge of design and editing software (i.e., Canva, Adobe, etc.)
·         Communication and public speaking skills
·         Understanding or willingness to learn about agriculture in Montana
·         Valid driver’s license 
·         Ability to be part of a collaborative team 
·         Excellent time and project management skills and attention to detail
·         Adhere to program policies and procedures 
·         Demonstrate the ability to balance service activities 
·         Demonstrate professional behavior and use of appropriate language
·         Demonstrate the ability to be flexible and serve cooperatively 
·         Demonstrate the ability to communicate effectively and resolve conflicts

Program Benefits: 

·         Members receive a living allowance to cover basic expenses while serving
·         Upon successful completion of service, members receive an education award 
·         While serving, members may qualify for student loan forbearance
·         Healthcare/ childcare services are available while serving
·         A monthly housing stipend if eligible
·         Other benefits include being part of an incredible community, being surrounded by professionals in multiple fields, and job shadowing opportunities
·         AmeriCorps alumni benefits include access to nationwide alumni network, many career resources, access to AmeriCorps alumni emails and updates

Minimum requirements: 
·         Must be 18+ at the beginning of service  
·         High school graduate, GED recipient, working towards obtaining a high school diploma/ GED
·         Be a citizen, national, or lawful permanent resident alien of the United States
·         Satisfy the National Service Criminal History Check eligibility criteria



Contact
Amanda Coyle
4064447819
Amanda.Coyle@mt.gov (preferred contact method)","Hours per Week:
40 - 45
Salary:
$23,000 per year
Education Required:
Bachelors
Experience Required:
none",")
·         Communication and public speaking skills
·         Understanding or willingness to learn about agriculture in Montana
·         Valid driver’s license 
·         Ability to be part of a collaborative team 
·         Excellent time and project management skills and attention to detail
·         Adhere to program policies and procedures 
·         Demonstrate the ability to balance service activities 
·         Demonstrate professional behavior and use of appropriate language
·         Demonstrate the ability to be flexible and serve cooperatively 
·         Demonstrate the ability to communicate effectively and resolve conflicts

Program Benefits: 

·         Members receive a living allowance to cover basic expenses while serving
·         Upon successful completion of service, members receive an education award 
·         While serving, members may qualify for student loan forbearance
·         Healthcare/ childcare services are available while serving
·         A monthly housing stipend if eligible
·         Other benefits include being part of an incredible community, being surrounded by professionals in multiple fields, and job shadowing opportunities
·         AmeriCorps alumni benefits include access to nationwide alumni network, many career resources, access to AmeriCorps alumni emails and updates

Minimum requirements: 
·         Must be 18+ at the beginning of service  
·         High school graduate, GED recipient, working towards obtaining a high school diploma/ GED
·         Be a citizen, national, or lawful permanent resident alien of the United States
·         Satisfy the National Service Criminal History Check eligibility criteria



Contact
Amanda Coyle
4064447819
Amanda",,"12/21/2026
Published:
09/14/2026
Starting Date:
1/11/2027
Ending Date:
11/19/2027
Hours per Week:
40 - 45
Salary:
$23,000 per year
Education Required:
Bachelors
Experience Required:
none
Location:
302 N",False,0.6,Professional,Unknown,0.0,[],False,,2026-09-20T08:54:00.187417+00:00,scrape_20260920_085322_f5d35acf,2.0
"Associate Director (Archbold Expeditions, Inc.)","Archbold Expeditions, Inc. (Private)","123 Main Drive (Venus, Florida)",Commensurate / Negotiable,between 10/1/2026 and 1/1/2027,09/14/2026,N/A,https://jobs.rwfm.tamu.edu/view-job/?id=118773,"Associate Director (Archbold Expeditions, Inc.)
Archbold Expeditions, Inc. (Private) | https://www.archbold-station.org/
Details
Posting:
https://archbold-station.apscareerportal.com/jobs/3591290/apps/new
Application Deadline:
10/31/2026
Published:
09/14/2026
Starting Date:
between 10/1/2026 and 1/1/2027
Hours per Week:
at least 40
Salary:
Commensurate / Negotiable
Education Required:
Masters
Experience Required:
at least 3 years
Location:
123 Main Drive (Venus, Florida)
Description
About Archbold
Archbold Biological Station is a distinctive nonprofit research, conservation, and education organization rooted in the landscapes of south-central Florida. Since 1941, Archbold has been dedicated to long-term ecological research, education, and conservation as part of the global effort to understand, interpret, and preserve the world’s natural heritage. Our work spans the globally significant ecosystems of the Lake Wales Ridge and Headwaters of the Everglades as well as Buck Island Ranch, a 10,300-acre working cattle ranch where science informs the future of Florida’s working lands. Across these landscapes, scientists, land stewards, educators, students, and partners work together to understand ecological change, conserve biodiversity, strengthen stewardship, and connect science with people and practical solutions.

Located in Lake Placid, Archbold offers the opportunity to live and work in a region renowned for its natural beauty and rural character. Lake Placid offers a distinctive quality of life in the heart of south-central Florida. Surrounded by lakes, ranchlands, and some of Florida’s most unique natural ecosystems, the area combines exceptional access to nature with the warmth of a small, friendly community. Away from the traffic and fast pace of Florida’s coastal cities, Lake Placid provides a quieter lifestyle while still offering an active local community and easy access to outdoor recreation throughout the region.

Position Summary
The Associate Director is a senior management leader who strengthens the people, management systems, and internal coordination that enable Archbold to carry out its mission effectively. Reporting to and working closely with the Executive Director & CEO, the Associate Director supervises a portfolio that includes archives, intern and volunteer coordination, communications, human resources, environmental education, event services, and facilities, translating organizational priorities into clear expectations, coordinated work, and follow-through.

People leadership is central to this position. Success depends on leading through capable managers and professionals rather than personally performing every function under the role's oversight. Archbold seeks a leader who manages with transparency, humility, clarity, and respect; listens well; supports appropriate autonomy and accountability; and helps people succeed. The role is based primarily at the Station but works across Archbold's diverse mission, including Buck Island Ranch, research, stewardship, working lands, education, outreach, and engagement.

Key Responsibilities
People Management & Leadership
Directly supervise managers and professionals who lead their respective functional areas, with additional staff working within those teams.
Establish clear roles, responsibilities, decision authority, performance expectations, and accountability aligned with organizational priorities.
Coach supervisors and staff in management, communication, performance, professional development, delegation, and appropriate autonomy.
Address personnel and operational challenges constructively and strengthen collaboration across teams.
Partner with Human Resources on hiring, onboarding, performance management, staff development, and consistent workplace practices.
Organizational Effectiveness & Execution
Oversee assigned administrative, engagement, and mission-support functions, ensuring managers and staff have the support and accountability needed to lead effectively.
Translate institutional priorities into clear work plans, ownership, timelines, and follow-through; identify gaps or barriers that impede effective work.
Improve systems, policies, workflows, and cross-functional coordination; track key decisions, commitments, and deadlines.
Provide supervisory oversight of maintenance and other operational functions by setting priorities, clarifying responsibility, supporting appropriate decision-making, and ensuring follow-through.
 Work with the Executive Director, CFO, and relevant managers on annual planning and budgeting for areas under the Associate Director’s oversight.
Mission Integration & Collaboration
Work closely with the Executive Director and leadership team to support implementation of organization-wide priorities and coordinate cross-functional initiatives within delegated areas.
Strengthen coordination among staff in stewardship, working lands, education, outreach, communications, and operations.
Support education, outreach, communications, and public-engagement staff so mission-facing work is coordinated and aligned with organizational priorities.
Provide clear, concise information and recommendations when executive decisions are needed.
Required Qualifications
Education
Bachelor’s degree in a relevant field, plus significant professional experience in organizational administration, operations, program management, or a related area.
Master’s degree or other advanced education is strongly preferred, or an equivalent combination of advanced education and progressively responsible professional experience.
Demonstrated success in organizational leadership, operational management, strategic planning, and/or program administration.
Experience
Substantial, progressively responsible administrative and management experience involving organizational operations, personnel management, program oversight, and coordination across multiple functions or teams.
Significant formal responsibility for directly supervising employees, including setting expectations, coaching, managing performance, supporting professional development, and fostering accountability.
Demonstrated ability to lead through other managers and professionals rather than personally performing all functions under their oversight.
Strong understanding of and appreciation for science and scientific research in a mission-driven organization. Research experience is not required, but candidates must be comfortable working closely with scientists in a culture where evidence and long-term knowledge are central.
Demonstrated understanding of the importance of education, outreach, communications, and public engagement. Experience leading, supervising, or working closely with one or more of these functions is strongly preferred.
Certifications/Licenses
None required

Preferred Qualifications
Experience in a nonprofit, research, educational, conservation, environmental, natural-resource, or similarly mission-driven organization; biological field-station familiarity is a significant advantage.
Experience overseeing multiple functions such as human resources, education, communications, outreach, facilities/campus operations, events, volunteer or internship programs, or administrative services.
Experience strengthening management systems, roles, performance, and accountability. Experience with conservation, land stewardship, natural-resource management, agriculture, ranching, or working lands is desirable.

Knowledge, Skills, and Abilities
Strong interpersonal and communication skills; demonstrated ability to build trust, address difficult issues constructively, and work effectively across organizational levels.
Sound judgment and discretion, with the ability to make independent decisions within delegated authority while collaborating closely with executive leadership.
Ability to translate institutional priorities into clear roles, expectations, coordinated work, and follow-through across diverse functions.
A transparent, humble, and accountable management approach that respects expertise and helps others succeed across Archbold's diverse mission.

Work Environment & Physical Requirements
This is primarily an on-site, office-based leadership position with regular movement around Archbold's campus and periodic work at Buck Island Ranch or other Archbold locations. Work may occasionally involve outdoor conditions, uneven terrain, meetings or activities outside normal office settings, and local travel. Employees must be able to perform the essential functions of the position with or without reasonable accommodation.

Compensation:
This position offers a competitive annual salary ranging from $100,000 to $120,000, commensurate with experience, education, and qualifications. Starting salary will be determined based on the candidate's background and demonstrated expertise.

Remote Work or Hybrid Eligibility:
None

How to Apply
Submit a resume and cover letter through the application portal on Archbold's careers page. Applications will be reviewed as specified in the posting and continue until the position is filled.
Contact
Jen Owen Ph.D., Executive Director/CEO
863-465-2571
execdir@archbold-station.org
contact via the web posting is preferred (see Details section)","Work Environment & Physical Requirements
This is primarily an on-site, office-based leadership position with regular movement around Archbold's campus and periodic work at Buck Island Ranch or other Archbold locations. Work may occasionally involve outdoor conditions, uneven terrain, meetings or activities outside normal office settings, and local travel. Employees must be able to perform the essential functions of the position with or without reasonable accommodation.

Compensation:
This position offers a competitive annual salary ranging from $100,000 to $120,000, commensurate with experience, education, and qualifications. Starting salary will be determined based on the candidate's background and demonstrated expertise.

Remote Work or Hybrid Eligibility:
None

How to Apply
Submit a resume and cover letter through the application portal on Archbold's careers page. Applications will be reviewed as specified in the posting and continue until the position is filled.","com/jobs/3591290/apps/new
Application Deadline:
10/31/2026
Published:
09/14/2026
Starting Date:
between 10/1/2026 and 1/1/2027
Hours per Week:
at least 40
Salary:
Commensurate / Negotiable
Education Required:
Masters
Experience Required:
at least 3 years
Location:
123 Main Drive (Venus, Florida)
Description
About Archbold
Archbold Biological Station is a distinctive nonprofit research, conservation, and education organization rooted in the landscapes of south-central Florida. Since 1941, Archbold has been dedicated to long-term ecological research, education, and conservation as part of the global effort to understand, interpret, and preserve the world’s natural heritage. The role is based primarily at the Station but works across Archbold's diverse mission, including Buck Island Ranch, research, stewardship, working lands, education, outreach, and engagement",,"10/31/2026
Published:
09/14/2026
Starting Date:
between 10/1/2026 and 1/1/2027
Hours per Week:
at least 40
Salary:
Commensurate / Negotiable
Education Required:
Masters
Experience Required:
at least 3 years
Location:
123 Main Drive (Venus, Florida)
Description
About Archbold
Archbold Biological Station is a distinctive nonprofit research, conservation, and education organization rooted in the landscapes of south-central Florida",False,0.9,Professional,Natural Resource Management,0.309,"['resource management', 'recreation', 'outdoor recreation', 'ranching', 'agriculture']",False,,2026-09-20T08:54:00.286400+00:00,scrape_20260920_085322_f5d35acf,2.0
Northeast Regional Connectivity Coordinator,Northeast Assoc. of Fish and Wildlife Agencies (Private),multiple | remote work allowed,"$65,000 to $80,000 per year",before 1/1/2027,09/16/2026,"Graduate Opportunities, Grant",https://jobs.rwfm.tamu.edu/view-job/?id=118831,"Northeast Regional Connectivity Coordinator
Northeast Assoc. of Fish and Wildlife Agencies (Private) | https://www.neafwa.org/
Details
Application Deadline:
10/15/2026
Published:
09/16/2026
Starting Date:
before 1/1/2027
Hours per Week:
40
Salary:
$65,000 to $80,000 per year
Education Required:
Masters
Experience Required:
at least 5 years
Locations:
Northeast Region (District of Columbia)
Massachusetts
New Hampshire
Maine
Rhode Island
Vermont
Virginia
West Virginia
Connecticut
Delaware
Maryland
New York
New Jersey
Pennsylvania
remote work allowed
Tags:
Graduate Opportunities
Grant
Description
The Northeast Association of Fish and Wildlife Agencies (NEAFWA), in partnership with the Wildlife Management Institute (WMI), seeks a qualified professional to provide regional coordination and project management support for a multi-state initiative to advance habitat connectivity across the Northeast. This position will strengthen the state-led institutional platform needed to coordinate connectivity work across the 13-state NEAFWA region. The coordinator will anchor the initiative within NEAFWA’s Northeast Landscape Conservation Committee, facilitate sustained engagement with federal agencies and other regional partners and networks, support the development of collaborative projects, and maintain consistent coordination among state agencies, federal agencies, nonprofit organizations, researchers, and other partners. The coordinator will help translate regional priorities into coordinated action while respecting the authorities and conservation priorities of individual states and participating organizations. The position will emphasize institutional coordination, partnership development, project management, and implementation support that builds upon the extensive connectivity efforts underway, rather than creating a separate regional planning process. 

The coordinator will be employed as a partner-based employee of WMI but will be supervised by a NEAFWA representative appointed by the NEAFWA President. The starting salary is negotiable based on education and experience. The position will be eligible for WMI 401(k) retirement and vacation benefits, and WMI will provide workers’ compensation, general liability protection, professional liability protection, unemployment insurance benefits, and medical, dental, and vision insurance benefits. 

Position Information 

Position title: Northeast Regional Connectivity Coordinator 
Location: Anywhere within the 13-state NEAFWA region 
Salary:  $65,000-$80,000 dependent on experience + benefits  

Classification: Full-time (salaried)
Start date: negotiable but ASAP
Duration: up to 3 years with potential for renewal
Application deadline: 10/15/26
Travel: Regional travel will be required. The amount and frequency of travel will vary based on project and partner needs.

 Introduction 

Habitat connectivity challenges extend across state and organizational boundaries and require coordinated regional planning and action. States and partners across the Northeast have developed important connectivity and corridor plans, data, projects, and collaborative partnerships such as the Staying Connected Initiative, but additional dedicated capacity is needed to further align these efforts, support enhanced collaboration, address barriers to project implementation, and advance shared priorities across this large region.  

The Northeast Regional Connectivity Coordinator will anchor this initiative within NEAFWA’s Northeast Landscape Conservation Committee. The coordinator will facilitate engagement among state and federal agencies and other regional partners, support the development of multi-state projects and funding proposals, help advance the Northeast Connectivity Framework, and maintain the coordination and project-management systems needed to move the regional effort forward. 

Duties and Responsibilities 

Support coordination among NEAFWA member states on regional habitat-connectivity priorities, projects, and funding opportunities. 
Serve as the primary staff support for connectivity work undertaken through NEAFWA’s Northeast Landscape Conservation Committee. 
Organize and facilitate meetings among state agencies, federal agencies, nonprofit organizations, and other regional partners, including preparing agendas, documenting decisions, and tracking follow-up actions. 
Maintain regular communication among participating states and partners to share information, identify common needs, and connect complementary efforts. 
Help states identify opportunities for multi-state collaboration and connect them with nonprofit and federal partners that can provide relevant expertise, capacity, or resources. 
Support the development of high impact collaborative, multi-state projects by clarifying objectives, partner roles, work plans, timelines, budgets, and next steps. 
Assist partners with concept papers, grant proposals, scopes of work, compliance, and other materials needed to advance priority projects. 
Track regional activities, project milestones, partner commitments, and funding opportunities, and prepare concise progress updates for NEAFWA and project partners. 
Coordinate with related regional and subregional connectivity efforts such as the Staying Connected Initiative to strengthen alignment and avoid duplication. 
Perform other related coordination and project management duties as needed to support the regional initiative. 
Minimum Qualifications 

A bachelor’s degree in wildlife biology, ecology, conservation science, natural resources management, environmental planning, public policy, geography, landscape ecology, or related field. A master’s degree is preferred. A combination of relevant education and substantial professional experience may be considered. 
At least 5 years of relevant professional experience in landscape-scale conservation, habitat connectivity, interagency coordination, collaborative conservation, project development, or a closely related field. 
Demonstrated experience coordinating complex initiatives involving multiple agencies, organizations, jurisdictions, or funding sources. 
Experience managing projects with multiple partners, deliverables, timelines, and decision-making structures. 
Strong written and oral communication skills, including the ability to communicate effectively with agency leaders, technical staff, nonprofit partners, researchers, funders, and other audiences. 
Demonstrated ability to work independently in a remote or distributed environment while maintaining consistent communication and accountability. 
Willingness and ability to travel within the Northeast region and occasionally elsewhere for meetings, workshops, and conferences. 
Preferred Qualifications and Selection Criteria 

Candidates will be evaluated based on the following: 

Knowledge of habitat connectivity, landscape conservation, ecological networks, wildlife movement, climate adaptation, or related conservation principles. 
Familiarity with state fish and wildlife agencies, federal conservation programs, and regional conservation partnerships in the Northeast. 
Experience working with NEAFWA, another regional associations of fish and wildlife agencies, or comparable interstate or interagency organizations. 
Demonstrated success facilitating collaboration among state agencies, federal agencies, Tribal Nations, nonprofit organizations, academic institutions, land trusts, funders, and other partners. 
Experience supporting committees, steering groups, or other collaborative governance structures. 
Ability to navigate the different authorities, priorities, institutional cultures, and decision-making processes of participating agencies and organizations. 
Experience designing and facilitating meetings, workshops, working groups, or collaborative planning processes. 
Demonstrated ability to develop conservation projects from initial concepts through scopes of work, budgets, partnership structures, funding proposals, and implementation plans. 
Experience developing or administering grant proposals, coordinating multi-state projects, tracking budgets, monitoring progress, and preparing reports. 
Familiarity with federal conservation programs, appropriations, grants, cooperative agreements, and other mechanisms that support landscape-scale conservation. 
Ability to identify opportunities to align state, federal, philanthropic, and private investments around shared conservation priorities. 
Experience developing work plans, tracking milestones, managing risks, documenting decisions, and maintaining accountability across complex projects. 
Strong organizational skills and the ability to manage multiple priorities, deadlines, and partner relationships simultaneously. 
Sound judgment, diplomacy, and demonstrated ability to build trust across institutions. 
Experience resolving coordination challenges and sustaining progress when participating organizations have different priorities, capacities, or constraints. 
Quality and clarity of written and oral communication. 
Anticipated Deliverables 

An annual work plan identifying priority coordination activities, meetings, project-development needs, and expected timelines. 
A regular schedule of meetings and communications among participating states, NEAFWA, federal agencies, nonprofit organizations, and other regional partners. 
Meeting agendas, summaries, decisions, action items, and follow-up documentation. 
An up-to-date contact list and overview of participating agencies, organizations, and partner roles. 
A shared record of state connectivity priorities, common needs, and opportunities for multi-state or state–nonprofit collaboration. 
A list of collaborative projects and funding opportunities, including project status, participating partners, responsibilities, and next steps. 
Project-development materials for selected priorities, such as concept papers, scopes of work, work plans, budgets, or grant proposals. 
A simple system for tracking activities, deadlines, partner commitments, project milestones, and follow-up actions. 
Concise periodic progress updates summarizing coordination activities, project development, accomplishments, challenges, and upcoming priorities. 
An annual summary of progress, partnerships, projects advanced, funding pursued or secured, and recommended priorities for the following year. 
Application Procedures 

To apply, please submit the following: 

A cover letter describing your interest in the position and relevant qualifications; 
A resume or curriculum vitae; 
Contact information for 3 professional references 
Email application materials to: 
Meghan Gilbart 
Chief Financial Officer 
Wildlife Management Institute 
mgilbart@wildlifemgt.org 
916-719-6003 

Applications must be received by October 15, 2026 to be considered. 



Contact
Meghan Gilbart
916-719-6003
mgilbart@wildlifemgt.org (preferred contact method)","Hours per Week:
40
Salary:
$65,000 to $80,000 per year
Education Required:
Masters
Experience Required:
at least 5 years","The coordinator will anchor the initiative within NEAFWA’s Northeast Landscape Conservation Committee, facilitate sustained engagement with federal agencies and other regional partners and networks, support the development of collaborative projects, and maintain consistent coordination among state agencies, federal agencies, nonprofit organizations, researchers, and other partners. Strong written and oral communication skills, including the ability to communicate effectively with agency leaders, technical staff, nonprofit partners, researchers, funders, and other audiences",,"10/15/2026
Published:
09/16/2026
Starting Date:
before 1/1/2027
Hours per Week:
40
Salary:
$65,000 to $80,000 per year
Education Required:
Masters
Experience Required:
at least 5 years
Locations:
Northeast Region (District of Columbia)
Massachusetts
New Hampshire
Maine
Rhode Island
Vermont
Virginia
West Virginia
Connecticut
Delaware
Maryland
New York
New Jersey
Pennsylvania
remote work allowed
Tags:
Graduate Opportunities
Grant
Description
The Northeast Association of Fish and Wildlife Agencies (NEAFWA), in partnership with the Wildlife Management Institute (WMI), seeks a qualified professional to provide regional coordination and project management support for a multi-state initiative to advance habitat connectivity across the Northeast",False,0.9,Professional,Wildlife & Natural Resources,0.167,"['wildlife', 'wildlife management', 'habitat', 'landscape ecology']",False,,2026-09-20T08:54:00.354418+00:00,scrape_20260920_085322_f5d35acf,2.0
District Manager (Laramie County Conservation District),Laramie County Conservation District (State),"1923 Whitney Road (Cheyenne, Wyoming)",Commensurate / Negotiable,between 10/30/2026 and 12/1/2026,09/15/2026,N/A,https://jobs.rwfm.tamu.edu/view-job/?id=118763,"District Manager (Laramie County Conservation District)
Laramie County Conservation District (State) | https://lccdnet.org
Details
Application Deadline:
10/02/2026
Published:
09/15/2026
Starting Date:
between 10/30/2026 and 12/1/2026
Hours per Week:
40 - 60
Salary:
Commensurate / Negotiable
Education Required:
Bachelors
Experience Required:
at least 5 years
Location:
1923 Whitney Road (Cheyenne, Wyoming)
Description
District Manager
Laramie County Conservation District
Cheyenne, Wyoming 
 Location: Cheyenne is in Southeast Wyoming, 100 miles north of Denver, CO. 

Laramie County Conservation District (LCCD) is dedicated to promoting sustainable land and water use practices that enhance and protect our natural resources through internal programs and public and private partnerships.  

POSITION OVERVIEW:

We are seeking an energetic and organized District Manager that will further the mission of promoting conservation, stewardship and sustainable use of natural resources in Laramie County.  The District Manager will serve as a liaison to and work collaboratively with farmers, ranchers, private landowners and the general community. 
 The District Manager functions as the CEO of the LCCD and has responsibility for providing leadership of personnel, technical and program planning, finances, public outreach, project management, and implementation. 
 The position requires familiarity with a range of local, state and federal laws that govern District operations. The District Manager acts on behalf of the Board of Supervisors and represents the LCCD to public and private partner organizations. The District Manager ensures adequate technical, financial, and educational resources are available to meet the conservation needs of constituents. This job entails maintaining and improving the District’s ability to assist constituents by providing technical assistance in planning and implementing conservation practices using voluntary, incentive-based programs. The Chair of the LCCD Board serves as the day-to-day supervisor of the District Manager.  
 The District Manager is a full-time, exempt, at-will position.

 JOB DUTIES AND RESPONSIBILITIES

Personnel – Lead professional staff to accomplish the District’s mission, goals & objectives

·       Establish, review, and update job descriptions and performance standards for each employee. 
·       Provide performance feedback to employees on an informal basis and through formal annual evaluations, consistent with annual work plan goals and objectives. 
·       Identify training needs and provide opportunities to employees for professional growth. 
·       Address and resolve staff conflicts, concerns, and issues as needed to ensure a productive workplace. 
·       Facilitate a positive, productive, and safe working environment. 
·       Apply and enforce District personnel policies.

Fiscal – Budgets and Financial

·       Serves as the Budget Officer for the preparation of the annual budget. 
·       Work with staff to prepare the annual budget in conformity with State of Wyoming statutes. 
·       Provide day-to-day oversight of administrative and operational functions. 
·       Meet regularly with financial staff to review expenditures and departmental budgets to ensure expenditures are consistent with the District’s Board approved budget.

Program – Planning & Reporting

·       Prepare, review, and update the District’s strategic and annual work plans. 
·       Solicit and receive input from agencies, the public, staff, and others to formulate conservation strategies that will address priority concerns. 
·       Serve as the primary liaison to the media and the public pertaining to District programs and activities. 
·       Manage District property, contracts, and leases.  
·       Work with staff to develop scopes of work, agreements, contracts, budgets and reporting. Oversee tracking of project progress, financial status, due dates, and deliverables. 
·       With staff, prepare & submit grant applications consistent with the mission and values of LCCD. Maintain strict records and budget reporting for each individual grant and meet any grant reporting requirements. 
·       Oversee grants to ensure that projects are completed on time, within budget and all deliverables are met.
·       Maintain a working knowledge of USDA Natural Resources Conservation Service technical standards, conservation planning standards, and the types of conservation practices commonly employed within the District. 

Meetings and Continuing Education

·       Attend the WY Assoc. of Conservation Districts (WACD) State meeting and Area 2 Meetings.
·       Enroll in continuing education, training seminars and other educational meetings that enhance and contribute to the skills and knowledge base of LCCD personnel.

Board of Supervisors

·       Provide support, information, and recommendations to the Board of Supervisors. 
·       Assist and/or help coordinate orientation and training of new Supervisors.
·       Develop monthly meeting agendas in coordination with the Board of Supervisors.
·       Review Board minutes and materials sent to Supervisors.
·       Review the District’s financial reports in preparation for monthly, quarterly, and annual reporting to the Board.
·       Report on the progress of programs, projects, and activities at Monthly Board meetings.

 

QUALIFICATIONS REQUIRED: 

·       A bachelor’s or master’s degree in biology, ecology, environmental science, natural resource management, business management, business administration, operations management, management science, public administration, or related discipline, and five years of comparable experience managing a natural resource organization, agency, or business.
·       Demonstrated proficiency managing multiple tasks and priorities to solve problems effectively and in a timely manner
·       Experience working with on-the-ground implementation of conservation practices and natural resources management
·       Demonstrated proficiency in project and personnel management
·       Excellent oral and written communication skills.
·       A demonstrated proficiency using computers and technology for correspondence, data entry, data analysis and management.
·       Ability to work nights and weekends if necessary, including overnight travel
·       A valid driver’s license issued in the applicant’s state of residence is required and the ability to safely operate a motor vehicle and other equipment as necessary owned and used by the LCCD.

 

COMPENSATION

Salary & Benefits 

·       Annual salary: Negotiable depending on qualifications and experience plus a generous benefits package
·       Merit-based wage increases may be awarded after one year. 
·       Subject to approval by the LCCD Board, District Manager wages are adjusted in July of each year based on the State of WY Department of Administration COLA rate.
·       The District participates in the State of Wyoming Retirement System and employees are eligible to participate upon employment start date with the LCCD. 
·       Time off for paid vacation accrues monthly immediately after starting employment. Health, Dental and Vision insurance begins on the first of the month following 6 months of employment. Employees are responsible for 10% of insurance premiums.

To apply, please email your resume and cover letter to Jason Crowder, LCCD Board Chair, at supervisor2@lccdnet.org. Subject line: LCCD District Manager Application – [First and Last Name].
Applications must be received by 5:00 p.m. on Friday, October 2nd.


Contact
Scott Cherek
3035792400
supervisor1@lccdnet.org (preferred contact method)","District Manager
Laramie County Conservation District
Cheyenne, Wyoming 
 Location: Cheyenne is in Southeast Wyoming, 100 miles north of Denver, CO. 

Laramie County Conservation District (LCCD) is dedicated to promoting sustainable land and water use practices that enhance and protect our natural resources through internal programs and public and private partnerships.  

POSITION OVERVIEW:

We are seeking an energetic and organized District Manager that will further the mission of promoting conservation, stewardship and sustainable use of natural resources in Laramie County.  The District Manager will serve as a liaison to and work collaboratively with farmers, ranchers, private landowners and the general community. 
 The District Manager functions as the CEO of the LCCD and has responsibility for providing leadership of personnel, technical and program planning, finances, public outreach, project management, and implementation. 
 The position requires familiarity with a range of local, state and federal laws that govern District operations. The District Manager acts on behalf of the Board of Supervisors and represents the LCCD to public and private partner organizations. The District Manager ensures adequate technical, financial, and educational resources are available to meet the conservation needs of constituents. This job entails maintaining and improving the District’s ability to assist constituents by providing technical assistance in planning and implementing conservation practices using voluntary, incentive-based programs. The Chair of the LCCD Board serves as the day-to-day supervisor of the District Manager.  
 The District Manager is a full-time, exempt, at-will position.

 JOB DUTIES AND RESPONSIBILITIES

Personnel – Lead professional staff to accomplish the District’s mission, goals & objectives

·       Establish, review, and update job descriptions and performance standards for each employee. 
·       Provide performance feedback to employees on an informal basis and through formal annual evaluations, consistent with annual work plan goals and objectives. 
·       Identify training needs and provide opportunities to employees for professional growth. 
·       Address and resolve staff conflicts, concerns, and issues as needed to ensure a productive workplace. 
·       Facilitate a positive, productive, and safe working environment. 
·       Apply and enforce District personnel policies.

Fiscal – Budgets and Financial

·       Serves as the Budget Officer for the preparation of the annual budget. 
·       Work with staff to prepare the annual budget in conformity with State of Wyoming statutes. 
·       Provide day-to-day oversight of administrative and operational functions. 
·       Meet regularly with financial staff to review expenditures and departmental budgets to ensure expenditures are consistent with the District’s Board approved budget.

Program – Planning & Reporting

·       Prepare, review, and update the District’s strategic and annual work plans. 
·       Solicit and receive input from agencies, the public, staff, and others to formulate conservation strategies that will address priority concerns. 
·       Serve as the primary liaison to the media and the public pertaining to District programs and activities. 
·       Manage District property, contracts, and leases.  
·       Work with staff to develop scopes of work, agreements, contracts, budgets and reporting. Oversee tracking of project progress, financial status, due dates, and deliverables. 
·       With staff, prepare & submit grant applications consistent with the mission and values of LCCD. Maintain strict records and budget reporting for each individual grant and meet any grant reporting requirements. 
·       Oversee grants to ensure that projects are completed on time, within budget and all deliverables are met.
·       Maintain a working knowledge of USDA Natural Resources Conservation Service technical standards, conservation planning standards, and the types of conservation practices commonly employed within the District. 

Meetings and Continuing Education

·       Attend the WY Assoc. of Conservation Districts (WACD) State meeting and Area 2 Meetings.
·       Enroll in continuing education, training seminars and other educational meetings that enhance and contribute to the skills and knowledge base of LCCD personnel.

Board of Supervisors

·       Provide support, information, and recommendations to the Board of Supervisors. 
·       Assist and/or help coordinate orientation and training of new Supervisors.
·       Develop monthly meeting agendas in coordination with the Board of Supervisors.
·       Review Board minutes and materials sent to Supervisors.
·       Review the District’s financial reports in preparation for monthly, quarterly, and annual reporting to the Board.
·       Report on the progress of programs, projects, and activities at Monthly Board meetings.

 

QUALIFICATIONS REQUIRED: 

·       A bachelor’s or master’s degree in biology, ecology, environmental science, natural resource management, business management, business administration, operations management, management science, public administration, or related discipline, and five years of comparable experience managing a natural resource organization, agency, or business.
·       Demonstrated proficiency managing multiple tasks and priorities to solve problems effectively and in a timely manner
·       Experience working with on-the-ground implementation of conservation practices and natural resources management
·       Demonstrated proficiency in project and personnel management
·       Excellent oral and written communication skills.
·       A demonstrated proficiency using computers and technology for correspondence, data entry, data analysis and management.
·       Ability to work nights and weekends if necessary, including overnight travel
·       A valid driver’s license issued in the applicant’s state of residence is required and the ability to safely operate a motor vehicle and other equipment as necessary owned and used by the LCCD.

 

COMPENSATION

Salary & Benefits 

·       Annual salary: Negotiable depending on qualifications and experience plus a generous benefits package
·       Merit-based wage increases may be awarded after one year. 
·       Subject to approval by the LCCD Board, District Manager wages are adjusted in July of each year based on the State of WY Department of Administration COLA rate.
·       The District participates in the State of Wyoming Retirement System and employees are eligible to participate upon employment start date with the LCCD. 
·       Time off for paid vacation accrues monthly immediately after starting employment. Health, Dental and Vision insurance begins on the first of the month following 6 months of employment. Employees are responsible for 10% of insurance premiums.

To apply, please email your resume and cover letter to Jason Crowder, LCCD Board Chair, at supervisor2@lccdnet.org. Subject line: LCCD District Manager Application – [First and Last Name].
Applications must be received by 5:00 p.m. on Friday, October 2nd.","The District Manager functions as the CEO of the LCCD and has responsibility for providing leadership of personnel, technical and program planning, finances, public outreach, project management, and implementation. Oversee tracking of project progress, financial status, due dates, and deliverables. ·       Oversee grants to ensure that projects are completed on time, within budget and all deliverables are met",,"10/02/2026
Published:
09/15/2026
Starting Date:
between 10/30/2026 and 12/1/2026
Hours per Week:
40 - 60
Salary:
Commensurate / Negotiable
Education Required:
Bachelors
Experience Required:
at least 5 years
Location:
1923 Whitney Road (Cheyenne, Wyoming)
Description
District Manager
Laramie County Conservation District
Cheyenne, Wyoming 
 Location: Cheyenne is in Southeast Wyoming, 100 miles north of Denver, CO",False,0.9,Professional,Unknown,0.0,[],False,,2026-09-20T08:54:00.409547+00:00,scrape_20260920_085322_f5d35acf,2.0
Habitat Connectivity Biologist - Fish & Wildlife Biologist 4 - Permanent - 2026-07506,Washington Department of Fish & Wildlife (State),"Olympia, Washington","$5,928 to $7,973 per month",after 10/16/2026,09/18/2026,N/A,https://jobs.rwfm.tamu.edu/view-job/?id=118907,"Habitat Connectivity Biologist - Fish & Wildlife Biologist 4 - Permanent - 2026-07506
Washington Department of Fish & Wildlife (State) | https://wdfw.wa.gov/
Details
Posting:
https://www.governmentjobs.com/careers/washington/jobs/5475806/habitat-connectivity-biologist-fish-wildlife-biologist-4-permanent-2026-0
Application Deadline:
09/23/2026
Published:
09/18/2026
Starting Date:
after 10/16/2026
Hours per Week:
at least 40
Salary:
$5,928 to $7,973 per month
Education Required:
Bachelors
Experience Required:
at least 5 years
Location:
Olympia, Washington
Description
Title- Habitat Connectivity Biologist
Classification- Fish & Wildlife Biologist 4
Job Status- Full-Time / Permanent
WDFW Program- Habitat Program – Ecosystem Services Division – Priority Habitats and Species Section
Duty Station- Olympia, Washington – Thurston County
Hybrid/Telework- While this position may offer a telework option, the successful candidate must be available to report to the duty station as needed.

Learn more about being a member of Team WDFW!


Be our expert-level Priority Habitat and Species (PHS) Habitat Connectivity Biologist! In this role, your work will make lasting contributions to the department’s goals to conserve and protect a resilient network of native fish and wildlife habitat in Washington state.

As the technical lead for habitat connectivity mapping and planning, you’ll apply your expertise in wildlife habitat connectivity science to identify priority areas for connectivity conservation and translate that science into practical tools, guidance, and land-use planning strategies. You’ll work across urban and rural landscapes to help protect and restore wildlife movement and build climate-resilient habitat networks.


What to Expect:
Among the varied range of responsibilities held within this role, the Habitat Connectivity Biologist will,

Incorporate spatial data identifying priority habitat connectivity locations in Washington state into the Priority Habitat and Species (PHS) framework:
Translate new and existing habitat connectivity data into a format appropriate to PHS applications.
Develop technical documentation of methods used to create spatial data.
Develop user guides for application of habitat connectivity data.
Develop management recommendations for protecting wildlife habitat connectivity priorities within land use and transportation planning context.

Identify spatial data identifying priority habitat connectivity locations in Washington state:
Identify appropriate existing spatial data to locate areas important to landscape connectivity and barriers to wildlife movement.
Evaluate and make recommendations about existing spatial data relative to the best available science standard defined in Washington state code (WAC 365-195-915).

Provide technical assistance for the development and application of wildlife habitat connectivity data in the context of land use planning and land management:
Provide technical assistance on the applications of PHS habitat connectivity data to internal and external users in the context of local land use planning, transportation planning, growth management, and shoreline management.

Represent the agency in a technical capacity in efforts to create new wildlife habitat connectivity data products and strategies:
Participate in research activities including data collection, evaluation, and analysis, to identify priority locations for connectivity protection, restoration, and enhancement.
Participate in working groups developing wildlife habitat connectivity data products, priorities, and implementation strategies.
 

Working Conditions:

Work Setting, including hazards: Primarily an office setting, with partial remote work options available. A minimum of 20% of work time is expected to be in person.

Schedule: Typically Monday–Friday, 8:00 a.m.–5:00 p.m., or an equivalent schedule. Flexible schedule options may be available after successful completion of the probationary/trial service period.

Travel Requirements: Approximately 5–10% travel is expected for meetings and field visits to review connectivity project proposals and implementation. May include required travel to locations throughout the state for which carpooling or public transit options are not available.

Tools and Equipment: Standard desktop or laptop computer workstation and specialized software, such as ArGIS.

Customer Interactions: Regularly interact with Division and Section-level management, staff from other WDFW programs, Regional Habitat Program staff, city and county planning staff and directors, consultants, other state agency staff, and natural resource and conservation non-governmental organization partners. And occasionally interact with local elected officials and tribal natural resources staff.


Qualifications:

Closely related qualifying experience may be substituted for the required education on a year-by-year basis.

Required Qualifications: 

Option 1:
Four (4) years as a Fish & Wildlife Biologist 3.

Option 2: 
A bachelor’s degree or higher in biology, conservation biology, landscape ecology, fisheries, wildlife management, natural resource science or management, environmental science, or related field.
       AND
Five (5) years of professional experience in fish management or research, wildlife management or research, or habitat management or research. 

In addition, the following competencies are also required: 
Demonstrated success in fostering a collegial, collaborative, and productive work environment with colleagues who are not co-located.
Excellent time management skills.
Strategic thinker who also demonstrates close attention to detail.
Successful demonstration of strong critical thinking skills applied to solving complex natural resources problems.
Ability to adapt to changing needs or ability to be flexible as needs of the position change. 
Ability to communicate effectively verbally and in writing. 
Ability to take interest in and understand others' perspectives, easily recognize when others have important information, perspectives, or ideas, demonstrate appropriate assertiveness, and be committed to the service of the public, mission, and team.

Please Note: 
Master’s degree in the applicable science may substitute for one (1) year of the required experience. 
A Ph.D. in the applicable science may substitute for two (2) years of the required experience.

Certifications/Licenses: Valid driver’s license.


Preferred Qualifications:
In addition to the required qualifications, our ideal applicant will possess one or more of the following:

Experience:
Demonstrated relevant experience working in wildlife habitat connectivity conservation. 
Relevant experience may include field research, spatial modeling or analysis, remote sensing, and/or natural resources management within a university, local government, environmental or conservation organization, consulting firm, or state or federal natural resources agency.
Proficiency with GIS and execute basic spatial analytical tasks in a GIS framework including knowledge of ArcGIS desktop and ArcGIS Online software.

Competencies: 
Expert knowledge of landscape ecology, conservation biology, conservation planning, or similar discipline.
Expert knowledge of wildlife habitat connectivity science and modeling approaches.
Demonstrated ability to understand and explain spatial data characteristics and applications.
Demonstrated ability to conduct spatial analysis and manage large databases.
Ability to synthesize complex spatial information and develop analyses in written and visual form.
Ability to perform complex geoprocessing and manipulate large datasets using scripts.
Knowledge of scripting (such as Python or SQL) to automate spatial analysis tasks.
Demonstrated ability to communicate complex scientific concepts to policy makers, planners, or other non-scientists.
Knowledge of principles, methods, and objectives of urban and natural resources planning.
 

Your application should include the following:
A completed online application showcasing how your qualifications align with the job requirements.
An up-to-date resume.
A cover letter detailing your interest in the position, your relevant skills and experience, and why you are the ideal candidate.
At least three (3) professional references with current contact information.
 

Supplemental Information

In addition to pay and other special employee programs, there are other benefits that WDFW employees may be eligible for. Click the “Benefits” tab at the top of this announcement to learn more.

Important Note: 
All new employees must complete an Employment Eligibility Verification Form (I-9 Form) on their first day of work. If hired for this or any position at WDFW, you will be required to provide documentation proving you are eligible to work in the United States. For a list of acceptable documents, please use the following link:  https://www.uscis.gov/i-9-central/form-i-9-acceptable-documents

Union- WAFWP:
This position is in the bargaining unit represented by the Washington Association of Fish & Wildlife Professionals and is subject to the terms of the Collective Bargaining Agreement between the State of Washington, Department of Fish & Wildlife, and the Washington Association of Fish & Wildlife Professionals.

Veteran and Military Spouse Preference Notice: 
Per RCW 73.16.010 Veterans and qualifying spouses who meet the minimum qualifications of a position are eligible for preference during the initial application review stage. To receive this benefit, please do the following: 
Notify us of your veteran or military spouse status by email at Ashley.Lee@dfw.wa.gov.  
Veterans only – Attach a copy of your DD214 (Member 4 copy), NGB 22 or USDVA signed verification of service letter. 
Please redact any PII (personally identifiable information) data such as social security numbers.
Subject line must include recruitment number, position, and spouse/veteran (example: 2026-1234 – Biologist 1 – Veteran)
Include your name as it appears on your application in careers.wa.gov.

Diversity, Equity, and Inclusion Employer

As part of WDFW’s efforts to advance respectful and inclusive work environments, the Agency expects inclusivity as part of our professional interactions and communications. Therefore, we want to ensure that all individuals feel welcome, are treated fairly and respectfully.  All staff are empowered to fully contribute to serving their work unit, Agency, and the citizens of Washington.

The Department of Fish and Wildlife is an equal opportunity employer.  We strive to create a working environment that includes and respects cultural, racial, ethnic, sexual orientation and gender identity diversity.  Women, racial and ethnic minorities, persons of disability, persons over 40 years of age, disabled and Vietnam era veterans and people of all sexual orientations and gender identities are encouraged to apply.

Request an accommodation: Persons needing accommodation in the application process or this announcement in an alternative format please contact Jayme Chase by phone 360-902-2278 or email Jayme.Chase@dfw.wa.gov, or the Telecommunications Device for the Deaf (TDD) at 800-833-6388.

Technical Difficulties: If you are having technical difficulties creating, accessing, or completing your application, please call NEOGOV toll-free at (855) 524-5627 or support@neogov.com. 

Other questions: If you have other questions regarding this position, please reach out to Ashley.Lee@dfw.wa.gov and reference job #2026-07506.

Know someone who would like to volunteer? WDFW-Get Involved-Volunteer!

Follow us on social media:
LinkedIn | Facebook | Instagram
Contact
Recruitment Team
recruitmentteam@dfw.wa.gov
contact via the web posting is preferred (see Details section)",Travel Requirements: Approximately 5–10% travel is expected for meetings and field visits to review connectivity project proposals and implementation. May include required travel to locations throughout the state for which carpooling or public transit options are not available.,"Represent the agency in a technical capacity in efforts to create new wildlife habitat connectivity data products and strategies:
Participate in research activities including data collection, evaluation, and analysis, to identify priority locations for connectivity protection, restoration, and enhancement. AND
Five (5) years of professional experience in fish management or research, wildlife management or research, or habitat management or research. Relevant experience may include field research, spatial modeling or analysis, remote sensing, and/or natural resources management within a university, local government, environmental or conservation organization, consulting firm, or state or federal natural resources agency",,"09/23/2026
Published:
09/18/2026
Starting Date:
after 10/16/2026
Hours per Week:
at least 40
Salary:
$5,928 to $7,973 per month
Education Required:
Bachelors
Experience Required:
at least 5 years
Location:
Olympia, Washington
Description
Title- Habitat Connectivity Biologist
Classification- Fish & Wildlife Biologist 4
Job Status- Full-Time / Permanent
WDFW Program- Habitat Program – Ecosystem Services Division – Priority Habitats and Species Section
Duty Station- Olympia, Washington – Thurston County
Hybrid/Telework- While this position may offer a telework option, the successful candidate must be available to report to the duty station as needed",False,0.9,Professional,Wildlife & Natural Resources,0.306,"['wildlife', 'wildlife management', 'wildlife habitat', 'habitat', 'ecosystem']",True,University of Washington,2026-09-20T08:54:00.465398+00:00,scrape_20260920_085322_f5d35acf,2.0
Wildlife Husbandry Internship (Various positions),White Oak Conservation (Private),"581705 White oak rd (Yulee, Florida)","$2,400 per month",after 1/6/2027,09/18/2026,"Graduate Opportunities, Undergraduate Opportunities",https://jobs.rwfm.tamu.edu/view-job/?id=118900,"Wildlife Husbandry Internship (Various positions)
White Oak Conservation (Private) | https://www.whiteoakwildlife.org/
Details
Application Deadline:
10/05/2026
Published:
09/18/2026
Starting Date:
after 1/6/2027
Ending Date:
after 7/3/2027
Hours per Week:
40
Salary:
$2,400 per month
Education Required:
Some Undergraduate
Experience Required:
at least 1 year
Location:
581705 White oak rd (Yulee, Florida)
Tags:
Graduate Opportunities
Undergraduate Opportunities
Description
Study animal behavior, provide daily care, learn applied conservation skills and support herd management of wildlife in large habitats that keep wildlife wild.  

Gain hands-on experience and launch your career in animal husbandry, learning conservation skills side-by-side with expert wildlife specialists at White Oak!  

Nestled along the St. Mary's River in mixed wetland and forest habitats, White Oak is a working conservation facility with over 17,000 acres of land focused on species recovery, education, and habitat restoration. White Oak has an impressive track record of rehabilitation and reintroduction programs, including work with Florida grasshopper sparrows, Florida panthers, and Mississippi sandhill cranes. White Oak is a proud member of the Association of Zoos and Aquariums (AZA). 

Interns provide 40 hours of service per week and must be available for the duration of the internship. Interns receive on-site housing and a monthly stipend. We are proud to have a high graduation rate of interns moving on to full-time roles as zookeepers or wildlife biologists with conservation organizations through this internship program. 

 

Career-Ready Skills & Learning Opportunities  

Interns are provided with a variety of projects designed to give the technical skills and knowledge that makes them well qualified candidates for a variety of roles across conservation facilities such as:  

Animal husbandry skills including cleaning, feeding, diet prep, diet stocking and organization  
Knowledge of different animal behaviors, including identifying vocalizations, body language/postures, reproductive behaviors, and social dynamics  
Safe animal capture, hand restraint, and transportation  
Habitat maintenance including landscaping and fabrication  
Basic research skills in observation training, sample collection, note taking and reporting  
Medicating and tracking health outcomes of animals in collaboration with our veterinary team  
Observation of advanced veterinary care practices, procedures and necropsy  
Cross training on days off, or as opportunities arise 
 

Application Instructions 

Interested individuals must complete an online application. All Wildlife Husbandry Internships have a commitment length of 6 months. Incomplete applications, or applications submitted outside of a recruitment window, will not be considered. 

Interns select which teams they wish to intern with as part of the application process. Available internship placements are detailed below. 

Please note that the application window is open for approximately one month, followed by an additional 3–4 weeks for teams to review applications and select candidates for interviews and intern positions. 

Wildlife Husbandry Intern Application: https://www.volgistics.com/appform/1362526948  

 

Rhino & Ungulate Team 

White Oak's Rhino & Ungulate Teams care for a rainbow of species including white, black, and greater one-horned rhinos, giraffe, okapi, exotic equids and a variety of antelope and gazelle species. Interns learn animal care hands-on from day one, working with some of the largest populations of these imperiled species. 

Specialized skills in herd management, manual restraint, neonate care, animal introductions and animal body language are available to high-achieving interns in the program. 

 

Conservation and Recovery Department (CaRD) 

White Oak's CaRD team provides interns with amazing experiences working with species recovery programs with a focus on avian species, including cranes, sparrows and cassowary species. Interns help with catch-ups, breeding programs, reintroduction work, and more.  

Specialized skills in conservation, reintroduction programs, artificial incubation, research, controlled burn procedures and insect management are available to high-achieving interns in the program. 

 

Carnivore Team 

White Oak's Carnivore Team cares for carnivore species such as Florida panthers and tigers, and manages one of the largest and most successful cheetah breeding programs in North America. Interns learn a variety of skills in carnivore care and behaviors.  

Specialized skills in animal identification, carnivore diet prep, breeding behaviors, shifting techniques, real-time problem solving and behavioral conditioning are available to high-achieving interns in the program. 

 

Elephant Team 

White Oak's elephant team proudly cares for one of the largest populations of Asian elephants in the Western hemisphere. Interns should have a clear or growing interest in elephant husbandry and operant conditioning.  

Specialized skills in animal management, observing operant conditioning training sessions and bathing elephants, learning social dynamics and novel elephant behavior are available to high-achieving interns in the program. 

 

Eligibility Requirements 

Applicants must meet all requirements and submit all required materials 

Preference for applicants with a strong career interest in animal husbandry, zookeeping, wildlife biology or similar job field 
Preference for recent college graduates or early career professionals 
Hold a valid driver’s license and health insurance 
Able to pass a drug test upon starting 
Legally able to work in the United States (US Citizen, Permanent Resident, or hold an Employment Authorization Document) 
Able to work well independently and in a team environment 
Able to work evenings, weekends and holidays  
Have previous experience working with animals, domestic or exotic (internships and/or volunteer work counts!) 
Experienced and comfortable working outside in high heat and humidity 
Strong attention to detail and data management skills 
High drive to learn, take on challenges, and stay motivated 
Be flexible to changing environments, priorities, or animal care needs 
Able to lift 50 lbs. repetitively, and remain standing, walking or crouched over for long periods of time 
Able to work 40 hours per week for the duration of the internship 

Interns receive housing and a monthly stipend of $2,400 (before taxes)  

Winter term: January 6th, 2027- July 3rd, 2027 (Move in date January 6th)  

Apply Online: https://www.volgistics.com/appform/1362526948  

Learn More Here: https://www.whiteoakwildlife.org/education/training/

Questions? We are here to help!  

Email us at Training@white-oak.org for assistance.



Contact
Capacity Building Team
training@white-oak.org (preferred contact method)","Hours per Week:
40
Salary:
$2,400 per month
Education Required:
Some Undergraduate
Experience Required:
at least 1 year","Career-Ready Skills & Learning Opportunities  

Interns are provided with a variety of projects designed to give the technical skills and knowledge that makes them well qualified candidates for a variety of roles across conservation facilities such as:  

Animal husbandry skills including cleaning, feeding, diet prep, diet stocking and organization  
Knowledge of different animal behaviors, including identifying vocalizations, body language/postures, reproductive behaviors, and social dynamics  
Safe animal capture, hand restraint, and transportation  
Habitat maintenance including landscaping and fabrication  
Basic research skills in observation training, sample collection, note taking and reporting  
Medicating and tracking health outcomes of animals in collaboration with our veterinary team  
Observation of advanced veterinary care practices, procedures and necropsy  
Cross training on days off, or as opportunities arise 
 

Application Instructions 

Interested individuals must complete an online application. Specialized skills in conservation, reintroduction programs, artificial incubation, research, controlled burn procedures and insect management are available to high-achieving interns in the program",,"10/05/2026
Published:
09/18/2026
Starting Date:
after 1/6/2027
Ending Date:
after 7/3/2027
Hours per Week:
40
Salary:
$2,400 per month
Education Required:
Some Undergraduate
Experience Required:
at least 1 year
Location:
581705 White oak rd (Yulee, Florida)
Tags:
Graduate Opportunities
Undergraduate Opportunities
Description
Study animal behavior, provide daily care, learn applied conservation skills and support herd management of wildlife in large habitats that keep wildlife wild",False,0.9,Professional,Wildlife & Natural Resources,0.333,"['wildlife', 'avian', 'ungulate', 'carnivore', 'behavior']",False,,2026-09-20T08:54:00.536582+00:00,scrape_20260920_085322_f5d35acf,2.0
Research Assistant,Texas A&M University- Kingsville (State),"Alpine, TX, Texas",Commensurate / Negotiable,after 11/9/2026,09/16/2026,N/A,https://jobs.rwfm.tamu.edu/view-job/?id=118832,"Research Assistant
Texas A&M University- Kingsville (State) | https://www.ckwri.tamuk.edu/employment
Details
Posting:
https://tamus.wd1.myworkdayjobs.com/System-wide_External/job/Kingsville-TX/Research-Assistant---Alpine--TX_R-097160
Application Deadline:
11/10/2026
Published:
09/16/2026
Starting Date:
after 11/9/2026
Hours per Week:
40
Salary:
Commensurate / Negotiable
Education Required:
Bachelors
Experience Required:
at least 2 years
Location:
Alpine, TX, Texas
Description
Position Overview
The Research Assistant performs advanced research activities requiring specialized knowledge in scientific disciplines. This position supports research projects through the design and coordination of field and laboratory studies, data collection and analysis, proposal development, equipment operation and maintenance, financial tracking, and supervision of research personnel. The position also assists with greenhouse operations and supports public and professional outreach activities in support of research objectives. Position is in Alpine, Texas.
Essential Duties and Responsibilities
Research Design and Implementation
Assist in the design, planning, and coordination of field and laboratory research projects.
Perform research activities using established scientific methods and procedures.
Collect, organize, and maintain detailed research data and documentation.
Conduct statistical analyses and technical evaluations using computers and applicable software.
Install, operate, maintain, and repair laboratory and field research equipment.
Assist with greenhouse management and maintenance.
Plan and direct assigned phases of research projects.
Support field experiments and data collection activities.
Data Analysis and Reporting
Analyze research data and evaluate experimental results.
Summarize findings for reports and scientific documentation.
Assist with preparation of reports, invoices, cataloging records, and other project documentation.
Proposal Development, Project Management and Outreach
Assist with preparing and writing research proposals for funding agencies.
Maintain financial accounts related to research projects.
Support grant administration and project documentation.
Assist with public and professional outreach activities.
Supervision and training
Supervise undergraduate and graduate students involved in research.
Provide guidance to laboratory, technical, and field personnel.
Assist in training research personnel on research procedures and equipment operation.

Qualifications
Required Education
Bachelor’s degree in applicable field or equivalent combination of education and experience.
 Required Licenses and Certifications
Valid driver’s license.
Preferred Qualifications
Experience in ecological or agricultural research
Experience with native seed production or greenhouse operation
Experience supervising students or staff
Experience writing grant proposals

Physical Requirements
Ability to work outdoors exposed to various weather conditions, potential allergens, elevated noise levels, and heat
Ability to move up to 50 lbs with assistance
Ability to move light, medium or heavy objects with assistance.
Ability to travel independently to other and/or remote locations by driving and/or flying on commercial airlines
 Knowledge, Skills, and Abilities
Knowledge of laboratory and field research techniques
Ability to analyze data using statistical and computer software
Strong written and verbal communication skills
Ability to manage multiple projects and meet deadlines
Ability to work independently and collaboratively
Skill in operating research and farm equipment
Ability to work in outdoor and remote environments
Other Requirements
Physical Requirements
Ability to work outdoors exposed to various weather conditions, potential allergens, elevated noise levels, and heat
Ability to move up to 50 lbs with assistance
Ability to move light, medium or heavy objects with assistance.
Ability to travel independently to other and/or remote locations by driving and/or flying on commercial airlines
Other Requirements and Factors
This position is security sensitive
This position will require export-control authorization prior to starting employment.
This position requires compliance with state and federal laws/codes and Texas A&M University System/TAMU policies, regulations, rules and procedures
All tasks and job responsibilities must be performed safely without injury to self or others in compliance with System and University safety requirements
This position may require up to 25% (specify percentage) or more travel
This position may require work beyond normal office hours and/or work on weekends
This position may direct and/or evaluate the work of others
This position is funded from grant and/or contract funding, which is renewed through provisions of the grantor of the contract. Therefore, this position is contingent upon continuation of funding from these grants and/or contracts, as well as satisfactory job performance

Contact
Anthony Falk
361-593-4933
anthony.falk@tamuk.edu (preferred contact method)","Hours per Week:
40
Salary:
Commensurate / Negotiable
Education Required:
Bachelors
Experience Required:
at least 2 years","Research Assistant
Texas A&M University- Kingsville (State) | https://www. com/System-wide_External/job/Kingsville-TX/Research-Assistant---Alpine--TX_R-097160
Application Deadline:
11/10/2026
Published:
09/16/2026
Starting Date:
after 11/9/2026
Hours per Week:
40
Salary:
Commensurate / Negotiable
Education Required:
Bachelors
Experience Required:
at least 2 years
Location:
Alpine, TX, Texas
Description
Position Overview
The Research Assistant performs advanced research activities requiring specialized knowledge in scientific disciplines. This position supports research projects through the design and coordination of field and laboratory studies, data collection and analysis, proposal development, equipment operation and maintenance, financial tracking, and supervision of research personnel",,"11/10/2026
Published:
09/16/2026
Starting Date:
after 11/9/2026
Hours per Week:
40
Salary:
Commensurate / Negotiable
Education Required:
Bachelors
Experience Required:
at least 2 years
Location:
Alpine, TX, Texas
Description
Position Overview
The Research Assistant performs advanced research activities requiring specialized knowledge in scientific disciplines",False,0.9,Professional,Unknown,0.0,[],False,,2026-09-20T08:54:00.592532+00:00,scrape_20260920_085322_f5d35acf,2.0
Planning and Recreation Section Manager - Environmental Planner 5 - Permanent - 2026-07639,Washington Department of Fish & Wildlife (State),"Olympia, Washington","$7,044 to $9,478 per month",after 11/1/2026,09/15/2026,N/A,https://jobs.rwfm.tamu.edu/view-job/?id=118816,"Planning and Recreation Section Manager - Environmental Planner 5 - Permanent - 2026-07639
Washington Department of Fish & Wildlife (State) | https://wdfw.wa.gov/
Details
Posting:
https://www.governmentjobs.com/careers/washington/jobs/5481911/planning-and-recreation-section-prs-manager-environmental-planner-5-perman
Application Deadline:
09/28/2026
Published:
09/15/2026
Starting Date:
after 11/1/2026
Hours per Week:
at least 40
Salary:
$7,044 to $9,478 per month
Education Required:
Some Undergraduate
Experience Required:
at least 5 years
Location:
Olympia, Washington
Description
Title- Planning and Recreation Section (P&RS) Manager
Classification- Environmental Planner 5
Job Status- Full-Time / Permanent
WDFW Program- Wildlife Program – Lands Division
Duty Station- Olympia, Washington – Thurston County
Hybrid/Telework- While this position may offer a telework option, the successful candidate must be available to report to the duty station as needed. 

Learn more about being a member of Team WDFW! 


This position plays a key role in shaping how WDFW-managed lands and recreation opportunities are planned, managed, and enjoyed. The Planning and Recreation Section (P&RS) Manager serves as the principal planning and recreation consultant to the Wildlife Program Lands Division Manager (LDM), providing leadership and expertise on complex planning and recreation issues.

In this role, you’ll coordinate the development and implementation of environmental resource plans, programs, policies, and regulations related to the management of more than 1,000,000 acres of WDFW-managed lands and more than 480 water access sites that support recreational and commercial fishing and boating opportunities. 

You’ll also provide leadership on outdoor recreation and visitor use management, travel management, and efforts to address recreation-related impacts while protecting natural and cultural resources. The P&RS Manager represents the agency’s planning and recreation interests both internally and in collaboration with other agencies, partners, stakeholders, and the public. 


What to Expect:
Among the varied range of responsibilities held within this role, the Planning and Recreation Section (P&RS) Manager will, 

Lead and direct the Planning and Recreation Section: 
Manage the P&R Section and provide guidance on policy and planning to other technical staff within the Department.
Supervise, plan, assign, and review the work of P&R Section employees, adjust assignments and schedules to respond to fluctuating workloads or constraints to deliver complete projects.
Develop and implement strategic and operational planning for the P&R Section.
Ensure P&R Section work products conform with WDFW Strategic Plan, the agency’s Conservation Principles, the 10-year Recreation Strategy, and other relevant agency positions, commitments and guidance.

Direct Management Planning for Wildlife Areas (WLA) and Water Access Areas (WAA):
Direct and guide production of quality WLA and WAA Management Plans.
Provides oversight of multi-disciplinary teams to advance Departmental conservation and recreation goals and facilitate solutions for WLA and WAA specific challenges.

Manage Recreation on DFW-Managed Lands:
Lead development of recreation management policies, procedures, and rules for WDFW-managed Lands. 
Lead and support implementation of recreation and access policies, procedures, and rules.
Ensure clear communication of recreation and access opportunities and rules with the public.
Facilitate cross-agency collaboration on recreation issues with other state land managers.
Provide leadership and/or strategic planning to address emerging recreation management needs.
Lead efforts to support responsible recreation on WDFW-managed lands and water access areas.

Represent WDFW in Key Planning and Recreation Partnerships:
Lead WDFW efforts to remain a recognized partner and leader in balancing conservation with compatible recreation in Washington State. 
Develop and maintain partnerships to facilitate recreation planning and management with Tribes, other state and federal land managers, conservation and recreation groups, boards, commissions, and the legislature. 

Participate in Lands Division Leadership Team:
Participate in and share leadership of regular Lands Division Leadership Team and Lands All-Staff meetings.


Working Conditions:

Work Setting, including hazards: Office environment (95%) with occasional tours or site visits to WAA or WLA locations throughout the state (5%). Hazards may involve exposure to inclement weather, uneven or unstable terrain, slippery surfaces, vegetation, insects, wildlife, and other natural hazards. This position may involve working in or near water, including tasks that require navigating, negotiating, and performing duties related to water environments.
 
Schedule: Typically, Monday – Friday, 8:00 AM – 5:00 PM, with infrequent evening or weekend meetings, tours, or site visits.
 
Travel Requirements: Occasional travel for meetings, conferences, or for site visits, infrequent overnight travel may be authorized.
 
Tools and Equipment: Standard office equipment and software such as Microsoft Outlook, Excel, Adobe Acrobat, SmartSheet, Garmin GPS, and mobile phone applications.
 
Customer Interactions: Interact primarily with other professionals within and outside of the Department. This role requires participation in public forums including briefings for the Fish and Wildlife Commission and various Committees, Citizen Advisory Committees, Tribal Roundtable discussions, and various conferences and meetings in which public comments and interaction are solicited.
 

Qualifications:

Required Qualifications:

Option 1 – All of the following (experience may be gained concurrently):
A Master's degree or higher with a major emphasis in one of the following: 
Land use, urban, regional, environmental, or natural resource planning.
Landscape architecture.
Geography.
Land use or environmental law.
Public administration with an environmental emphasis.
A closely related field.
Five (5) years of professional experience in land use, urban, regional, environmental, or natural resource planning, and/or program development.
One (1) year or more of leadership or supervisory experience, including conflict resolution, training and development, planning and assigning work, and evaluating performance.

Option 2 – All of the following (experience may be gained concurrently):
A Bachelor’s degree with a major emphasis in one of the following: 
Land use, urban, regional, environmental, or natural resource planning.
Landscape architecture.
Geography.
Land use or environmental law.
Public administration with an environmental emphasis.
A closely related field.
Seven (7) years of professional experience in land use, urban, regional, environmental, or natural resource planning, and/or program development.
One (1) year or more of leadership or supervisory experience, including conflict resolution, training and development, planning and assigning work, and evaluating performance.

Option 3 – All of the following (experience may be gained concurrently):
Eleven (11) years of professional experience in land use, urban, regional, environmental, or natural resource planning; landscape architecture; geography; land use or environmental law; public administration with an environmental emphasis; program development; or a closely related field.
One (1) year or more of leadership or supervisory experience, including conflict resolution, training and development, planning and assigning work, and evaluating performance.

Certifications/Licenses:
Valid driver’s license.
 

Preferred Qualifications:
In addition to the required qualifications, our ideal applicant will possess one or more of the following:

Knowledge and Abilities:
Knowledge of planning principles, techniques, and current trends; environmental laws, policies and programs related to recreation, cultural resources, and natural resource development; government administrative structures; and challenges affecting planning and recreation programs.
Knowledge of recreation, cultural, and natural resources planning and objectives, as well as principles of staff supervision.

Leadership:
Ability to organize, coordinate, and lead programs, processes, and multidisciplinary teams; assign and monitor work; and guide others toward project goals and objectives.
Ability to interpret information, evaluate options, and recommend decisions or courses of action to management based on project goals and multidisciplinary team input.

Communication Skills:
Experience presenting information to groups, preparing written and verbal reports and recommendations, and analyzing and interpreting information to identify effective options and courses of action.

Facilitation and Organizational Skills:
Experience facilitating meetings and collaborative processes to make decisions, solve problems, develop plans, and resolve disputes.
Experience building collaborative relationships, identify areas of common interest, and gather, research, and organize information from diverse sources.

Planning Skills:
Experience developing and implementing strategic plans for WDFW-managed lands, including Wildlife Area plans, recreation management, outreach, and Discover Pass initiatives.
Experience evaluating proposed actions and timelines against organizational mission and values, integrating plans across programs and disciplines, and making informed decisions regarding the relevance, feasibility, and overall value of plans.
Experience developing instructional materials and guidance for implementing legislation, rules, policies, procedures, and program strategies.


Your application should include the following:
An unofficial or official college transcript.
A completed online application showcasing how your qualifications align with the job requirements.
An up-to-date resume.
A cover letter detailing your interest in the position, your relevant skills and experience, and why you are the ideal candidate.
At least three (3) professional references with current contact information.

 
Supplemental Information

In addition to pay and other special employee programs, there are other benefits that WDFW employees may be eligible for. Click the “Benefits” tab at the top of this announcement to learn more.

Important Note:
All new employees must complete an Employment Eligibility Verification Form (I-9 Form) on their first day of work. If hired for this or any position at WDFW, you will be required to provide documentation proving you are eligible to work in the United States. For a list of acceptable documents, please use the following link:  https://www.uscis.gov/i-9-central/form-i-9-acceptable-documents

Veteran and Military Spouse Preference Notice:
Per RCW 73.16.010 Veterans and qualifying spouses who meet the minimum qualifications of a position are eligible for preference during the initial application review stage. To receive this benefit, please do the following: 
Notify us of your veteran or military spouse status by email at Ashley.Lee@dfw.wa.gov.  
Veterans only – Attach a copy of your DD214 (Member 4 copy), NGB 22 or USDVA signed verification of service letter. 
Please redact any PII (personally identifiable information) data such as social security numbers.
Subject line must include recruitment number, position, and spouse/veteran (example: 2026-1234 – Biologist 1 – Veteran)
Include your name as it appears on your application in careers.wa.gov.

Diversity, Equity, and Inclusion Employer

As part of WDFW’s efforts to advance respectful and inclusive work environments, the Agency expects inclusivity as part of our professional interactions and communications. Therefore, we want to ensure that all individuals feel welcome, are treated fairly and respectfully.  All staff are empowered to fully contribute to serving their work unit, Agency, and the citizens of Washington.

The Department of Fish and Wildlife is an equal opportunity employer.  We strive to create a working environment that includes and respects cultural, racial, ethnic, sexual orientation and gender identity diversity.  Women, racial and ethnic minorities, persons of disability, persons over 40 years of age, disabled and Vietnam era veterans and people of all sexual orientations and gender identities are encouraged to apply.

Request an accommodation: Persons needing accommodation in the application process or this announcement in an alternative format please contact Jayme Chase by phone 360-902-2278 or email Jayme.Chase@dfw.wa.gov, or the Telecommunications Device for the Deaf (TDD) at 800-833-6388.

Technical Difficulties: If you are having technical difficulties creating, accessing, or completing your application, please call NEOGOV toll-free at (855) 524-5627 or support@neogov.com.

Other questions: If you have other questions regarding this position, please reach out to Ashley.Lee@dfw.wa.gov and reference job #2026-07639.

Know someone who would like to volunteer? WDFW-Get Involved-Volunteer!

Follow us on social media:
LinkedIn | Facebook | Instagram
Contact
Recruitment Team
recruitmentteam@dfw.wa.gov
contact via the web posting is preferred (see Details section)","Working Conditions:

Work Setting, including hazards: Office environment (95%) with occasional tours or site visits to WAA or WLA locations throughout the state (5%). Hazards may involve exposure to inclement weather, uneven or unstable terrain, slippery surfaces, vegetation, insects, wildlife, and other natural hazards. This position may involve working in or near water, including tasks that require navigating, negotiating, and performing duties related to water environments.
 
Schedule: Typically, Monday – Friday, 8:00 AM – 5:00 PM, with infrequent evening or weekend meetings, tours, or site visits.
 
Travel Requirements: Occasional travel for meetings, conferences, or for site visits, infrequent overnight travel may be authorized.
 
Tools and Equipment: Standard office equipment and software such as Microsoft Outlook, Excel, Adobe Acrobat, SmartSheet, Garmin GPS, and mobile phone applications.
 
Customer Interactions: Interact primarily with other professionals within and outside of the Department. This role requires participation in public forums including briefings for the Fish and Wildlife Commission and various Committees, Citizen Advisory Committees, Tribal Roundtable discussions, and various conferences and meetings in which public comments and interaction are solicited.
 

Qualifications:

Required Qualifications:

Option 1 – All of the following (experience may be gained concurrently):","Experience building collaborative relationships, identify areas of common interest, and gather, research, and organize information from diverse sources",,"09/28/2026
Published:
09/15/2026
Starting Date:
after 11/1/2026
Hours per Week:
at least 40
Salary:
$7,044 to $9,478 per month
Education Required:
Some Undergraduate
Experience Required:
at least 5 years
Location:
Olympia, Washington
Description
Title- Planning and Recreation Section (P&RS) Manager
Classification- Environmental Planner 5
Job Status- Full-Time / Permanent
WDFW Program- Wildlife Program – Lands Division
Duty Station- Olympia, Washington – Thurston County
Hybrid/Telework- While this position may offer a telework option, the successful candidate must be available to report to the duty station as needed",False,0.9,Professional,Natural Resource Management,0.309,"['natural resources', 'recreation', 'outdoor recreation', 'fishing', 'environmental law']",True,University of Washington,2026-09-20T08:54:00.648354+00:00,scrape_20260920_085322_f5d35acf,2.0
